5.11274881084136 4.52565494064691 3.08141841612772 1.61506252879461 0.65222324781327 0.203165163242896 0.0488773755300301 0.00909513545366916 0.00131114865422787 0.000146678745725473 1.27547876149607e-05 8.63411332140928e-07 4.55526912228929e-08 1.87448881732937e-09 6.0174511818562e-11 1.50642631113561e-12 2.93839279934193e-14 4.46007407156812e-16 5.25983149159879e-18 4.81141855039484e-20 3.40817150854823e-22 1.86652692385278e-24 7.89217215591373e-27 2.57319533474683e-29 6.46262330708654e-32 1.2491881395665e-34 1.85704256091551e-37 2.12198576588901e-40 1.86290729031969e-43 1.25606126004667e-46 6.50245118766038e-50 2.58400059020396e-53 7.88099420994225e-57 1.84451687174266e-60 3.3124618900379e-64 4.56403977894174e-68 4.82447250713136e-72 3.91228022403483e-76 2.43373014216268e-80 1.16135134903179e-84 4.25101739515738e-89 1.19358058742838e-93 2.57059433396099e-98 4.24651800683243e-103 5.380786668678e-108 5.22960086203807e-113 3.8985087531519e-118 2.22911989526719e-123 9.77623044621702e-129 3.28859944523588e-134 8.48497922732472e-140 1.67915099094156e-145 2.54874827634133e-151 2.96730072026619e-157 2.6496767671884e-163 1.81476474466076e-169 9.53330132033113e-176 3.84115086384174e-182 1.18706369658089e-188 2.81372009392372e-195 5.11542358236322e-202 7.13305891272158e-209 7.62892256136271e-216 6.25811437224307e-223 3.93746228356885e-230 1.90012286458074e-237 7.03297523545896e-245 1.99658771341895e-252 4.34739788381019e-260 7.26042215865773e-268 9.30005797470236e-276 9.13693543757857e-284 6.88503897603646e-292 3.97926657427672e-300 1.76396633815022e-308 5.99746880365464e-317 0 0 0 0 0 0 0 0 0 0 0 0 0 0 0 0 0 0 0 0 0 0 0 0 0 0 0 0 0 0 0 0 0 0 0 0 0 0 0 0 0 0 0 0 0 0 0 0 0 0 0 0 0 0 0 0 0 0 0 0 0 0 0 0 0 0 0 0 0 0 0 0 0 0 0
5.05588409672434 4.50409041251995 3.10995017769677 1.6745054293798 0.709315211163651 0.239141411077991 0.0650172466720067 0.0144185765404249 0.00262272491678729 0.000390228319214266 4.70277293670135e-05 4.53139157837588e-06 3.44817217063202e-07 2.05194033607138e-08 9.48265342401991e-10 3.38745987391461e-11 9.32647758557788e-13 1.97544407072032e-14 3.21534129749513e-16 4.01889267151709e-18 3.8558524759809e-20 2.83894511139867e-22 1.60378637805458e-24 6.95096360105455e-27 2.31112860075226e-29 5.89474470757256e-32 1.15333317098629e-34 1.73094901435916e-37 1.9927218454323e-40 1.7596924485987e-43 1.19192896104413e-46 6.19275733241766e-50 2.46794203517484e-53 7.54398076625326e-57 1.7688000908173e-60 3.18102867914661e-64 4.38798738369899e-68 4.64269958951414e-72 3.7677479876047e-76 2.34529734747165e-80 1.11974116533089e-84 4.10053011442563e-89 1.15176544690519e-93 2.4813549387438e-98 4.10028211926662e-103 5.19682207990664e-108 5.05196732548306e-113 3.76687455861639e-118 2.15426503986195e-123 9.44961058939834e-129 3.17925221392375e-134 8.20411744137473e-140 1.62380593997391e-145 2.46508181215549e-151 2.87027239077828e-157 2.56335696095433e-163 1.75585608746391e-169 9.22491298864184e-176 3.7173107391808e-182 1.14891630866183e-188 2.72358285227647e-195 4.95205205655346e-202 6.90592699281703e-209 7.38670417133291e-216 6.05997950056386e-223 3.8131432679046e-230 1.84029062909895e-237 6.81209733176722e-245 1.93404349219648e-252 4.21155446443199e-260 7.03411137482612e-268 9.01086619515437e-276 8.85348339338635e-284 6.67193813031679e-292 3.85638076817906e-300 1.70961273513857e-308 5.81306769452602e-317 0 0 0 0 0 0 0 0 0 0 0 0 0 0 0 0 0 0 0 0 0 0 0 0 0 0 0 0 0 0 0 0 0 0 0 0 0 0 0 0 0 0 0 0 0 0 0 0 0 0 0 0 0 0 0 0 0 0 0 0 0 0 0 0 0 0 0 0 0 0 0 0 0 0
4.99776446802693 4.4495022168364 3.09062608131639 1.70386320095674 0.768140961849074 0.295125983355547 0.10016741483758 0.0301631614793377 0.00781273280605014 0.00166881927992068 0.000284494368865865 3.79588008619002e-05 3.92365743431206e-06 3.12628340914994e-07 1.91546900961793e-08 9.01418069378383e-10 3.25637038097707e-11 9.02758178052525e-13 1.92030871178984e-14 3.13395720950327e-16 3.92384992218027e-18 3.76887529217644e-20 2.77701638752606e-22 1.56964871133247e-24 6.80574684735689e-27 2.26355849257837e-29 5.77490179961942e-32 1.13013309094606e-34 1.69645559064816e-37 1.95334818594015e-40 1.72519381979687e-43 1.16873045489939e-46 6.07304587685968e-50 2.42054001510031e-53 7.39996186470896e-57 1.7352274833853e-60 3.1209834278336e-64 4.30559483592721e-68 4.55596298859453e-72 3.69769720158307e-76 2.30189513893334e-80 1.09911151837067e-84 4.02530781636761e-89 1.13072424520477e-93 2.43620486513564e-98 4.02596212477459e-103 5.1029777871175e-108 4.96106790380822e-113 3.6993344403304e-118 2.11576983581119e-123 9.28130735081618e-129 3.12280837895863e-134 8.05891426706863e-140 1.59515302463662e-145 2.4217115193859e-151 2.81991715881047e-157 2.51851097483203e-163 1.72522041372526e-169 9.06438364032112e-176 3.65278945882588e-182 1.12902462624681e-188 2.67654379245189e-195 4.86672967272968e-202 6.7872180890308e-209 7.26002115915432e-216 5.95628228028864e-223 3.74803615583967e-230 1.80893602459326e-237 6.69627698821135e-245 1.90122806248317e-252 4.14023957504075e-260 6.91523641319609e-268 8.85887870061101e-276 8.7044334280969e-284 6.55982363573654e-292 3.79169677158511e-300 1.68098832841759e-308 5.71590968527134e-317 0 0 0 0 0 0 0 0 0 0 0 0 0 0 0 0 0 0 0 0 0 0 0 0 0 0 0 0 0 0 0 0 0 0 0 0 0 0 0 0 0 0 0 0 0 0 0 0 0 0 0 0 0 0 0 0 0 0 0 0 0 0 0 0 0 0 0 0 0 0 0 0 0
4.95801372488917 4.39292926527568 3.03818389283209 1.68600620856722 0.797632956145787 0.353151149415287 0.155215174053081 0.0647003639734708 0.0232828850437628 0.00676965879567075 0.00154153422883293 0.000271503090406708 3.68098175600378e-05 3.83461127717105e-06 3.06705096185766e-07 1.8828431457006e-08 8.86999150842874e-10 3.20627880887042e-11 8.89234876554823e-13 1.89210534642966e-14 3.08865617368579e-16 3.86789539848646e-18 3.715771015176e-20 2.73830894432236e-22 1.54798603873692e-24 6.71267788739163e-27 2.2328669926348e-29 5.69722162562846e-32 1.11504452595605e-34 1.67396483568719e-37 1.92762318269844e-40 1.7026159782926e-43 1.15352610359867e-46 5.99448669540822e-50 2.38939729990193e-53 7.30524334881467e-57 1.71312597604546e-60 3.08141868687197e-64 4.25125904828221e-68 4.49871668746041e-72 3.65142863347699e-76 2.27320743244954e-80 1.08546658960231e-84 3.97552179539291e-89 1.11678947774681e-93 2.40628607372162e-98 3.97668599691451e-103 5.04072284819946e-108 4.90073523457767e-113 3.65448368230314e-118 2.09019441385233e-123 9.16943853108791e-129 3.08527426468153e-134 7.96231541598553e-140 1.57608330179964e-145 2.39283522057772e-151 2.78637726977158e-157 2.48862943309756e-163 1.70480002010955e-169 8.95734428472038e-176 3.60975267971425e-182 1.11575215946818e-188 2.64514753139271e-195 4.80976344346574e-202 6.70793707507868e-209 7.17538965050829e-216 5.88698675781994e-223 3.70451628877457e-230 1.78797182034618e-237 6.61881710729704e-245 1.87927565703247e-252 4.09252033490925e-260 6.8356735615875e-268 8.75712928704128e-276 8.60462720699387e-284 6.48473281822017e-292 3.7483637470671e-300 1.66180810874966e-308 5.6507933153464e-317 0 0 0 0 0 0 0 0 0 0 0 0 0 0 0 0 0 0 0 0 0 0 0 0 0 0 0 0 0 0 0 0 0 0 0 0 0 0 0 0 0 0 0 0 0 0 0 0 0 0 0 0 0 0 0 0 0 0 0 0 0 0 0 0 0 0 0 0 0 0 0 0
4.9373414331729 4.35406255358284 2.98327542414838 1.63517950795209 0.780557173668777 0.382426626715345 0.212474429834868 0.118997929830123 0.0573576391891253 0.0220380441335485 0.00657758577574243 0.00151296562932964 0.000267524387046977 3.6330375914622e-05 3.78765004748133e-06 3.03084918544753e-07 1.86118433172047e-08 8.77000271903697e-10 3.17074676467614e-11 8.79526381895205e-13 1.87172139557483e-14 3.05578068000264e-16 3.82717655774191e-18 3.67704731501736e-20 2.71003716925516e-22 1.53214175336502e-24 6.6445236057247e-27 2.21036717234711e-29 5.64021827629689e-32 1.10396218390515e-34 1.6574318756333e-37 1.90869806531986e-40 1.68599414496268e-43 1.14232509363903e-46 5.93657575112934e-50 2.36642639654398e-53 7.23533975690624e-57 1.6968061319474e-60 3.05218930321634e-64 4.21109816084489e-68 4.4563854958359e-72 3.61720032683794e-76 2.25197631854673e-80 1.07536434706709e-84 3.93864815064109e-89 1.10646510663336e-93 2.38411142531562e-98 3.940152427539e-103 4.99455213369601e-108 4.85597654600173e-113 3.621200738124e-118 2.0712099953497e-123 9.08637664815705e-129 3.05739809836477e-134 7.89055430351413e-140 1.56191335267896e-145 2.3713732930083e-151 2.76144344692366e-157 2.4664102937959e-163 1.68961265575805e-169 8.87771861523512e-176 3.57773144659388e-182 1.10587490784589e-188 2.62177820474081e-195 4.76735354171843e-202 6.64890360040164e-209 7.11236092579172e-216 5.83537045208159e-223 3.67209407103142e-230 1.77235095314455e-237 6.56109084404193e-245 1.86291325978306e-252 4.05694697108206e-260 6.77635278642497e-268 8.68125546187108e-276 8.53019175215648e-284 6.42872226381291e-292 3.71603703514158e-300 1.64749762437122e-308 5.60220294720921e-317 0 0 0 0 0 0 0 0 0 0 0 0 0 0 0 0 0 0 0 0 0 0 0 0 0 0 0 0 0 0 0 0 0 0 0 0 0 0 0 0 0 0 0 0 0 0 0 0 0 0 0 0 0 0 0 0 0 0 0 0 0 0 0 0 0 0 0 0 0 0 0
4.92801876027399 4.33384863714597 2.94553935453887 1.58163774986565 0.730779223651952 0.365707604847836 0.24142328695374 0.175596672614732 0.111054455042094 0.0557507717898847 0.0216892869087013 0.0064988440063007 0.00149693071250142 0.000264854090962331 3.59809227117478e-05 3.75220117537184e-06 3.00310899715485e-07 1.84447096578309e-08 8.69254892135743e-10 3.14315445588194e-11 8.71973351174111e-13 1.85583924170541e-14 3.03013290860795e-16 3.79537411588894e-18 3.64677286727514e-20 2.68791420714646e-22 1.51973331095177e-24 6.5911088565022e-27 2.19272127065901e-29 5.59548417152926e-32 1.09526010153273e-34 1.64444281887169e-37 1.89382210340898e-40 1.67292248582156e-43 1.13351254355599e-46 5.89099449821941e-50 2.34833906268616e-53 7.18027706158254e-57 1.68394654744588e-60 3.02914966031167e-64 4.17943185584811e-68 4.42299783347888e-72 3.59019581680248e-76 2.23522135695855e-80 1.06738985506209e-84 3.90953353468414e-89 1.09831123470922e-93 2.36659449018014e-98 3.91128615673885e-103 4.95806340645828e-108 4.82059640237756e-113 3.59488649530248e-118 2.05619758871713e-123 9.02068111780909e-129 3.03534622739513e-134 7.83377665967281e-140 1.55070014403153e-145 2.35438688799357e-151 2.74170601684824e-157 2.44881907588924e-163 1.67758679726099e-169 8.81465920142548e-176 3.55236869999104e-182 1.0980504533069e-188 2.60326326597371e-195 4.73374884734626e-202 6.60212080416784e-209 7.06240579460373e-216 5.79445560585034e-223 3.64639083120814e-230 1.75996583331982e-237 6.51531701249969e-245 1.84993733328269e-252 4.028733084211e-260 6.72929946265009e-268 8.62106606764697e-276 8.47113747181244e-284 6.38428124334701e-292 3.69038526090223e-300 1.63614095257757e-308 5.56363914728871e-317 0 0 0 0 0 0 0 0 0 0 0 0 0 0 0 0 0 0 0 0 0 0 0 0 0 0 0 0 0 0 0 0 0 0 0 0 0 0 0 0 0 0 0 0 0 0 0 0 0 0 0 0 0 0 0 0 0 0 0 0 0 0 0 0 0 0 0 0 0 0
4.92354604398958 4.3247672564412 2.9260671467445 1.54489638539787 0.678193727869171 0.316580609043533 0.224858056901349 0.204218277433041 0.167097161215025 0.10895598384177 0.0551080252395055 0.0214835854853888 0.00644216835112386 0.00148449117069516 0.000262728180909444 3.57000020341195e-05 3.72357639104559e-06 2.98064895651902e-07 1.83091270723775e-08 8.62961949573646e-10 3.12070722087747e-11 8.65821839661017e-13 1.8428914656299e-14 3.00920567409842e-16 3.76940489001987e-18 3.62203412479461e-20 2.66982501260966e-22 1.50958149745196e-24 6.54738513214563e-27 2.17826982408981e-29 5.55883181445907e-32 1.08812716915722e-34 1.6337917806238e-37 1.88161935093653e-40 1.66219613427874e-43 1.12627880812837e-46 5.85356801751421e-50 2.33348340979527e-53 7.13504019575055e-57 1.67337900984845e-60 3.01021188721905e-64 4.15339720363886e-68 4.39554185333047e-72 3.56798423585152e-76 2.22143737053003e-80 1.06082811614391e-84 3.88557236292658e-89 1.0915994391197e-93 2.35217307757094e-98 3.88751707541998e-103 4.9280130360178e-108 4.79145451777303e-113 3.57320877924478e-118 2.04382856623098e-123 8.96654573240829e-129 3.01717228051347e-134 7.78697753422285e-140 1.54145646004268e-145 2.34038231651545e-151 2.72543140839708e-157 2.43431246513854e-163 1.6676685523485e-169 8.76264570971367e-176 3.53144644841843e-182 1.09159523340791e-188 2.58798679942352e-195 4.70601927763615e-202 6.56351337914779e-209 7.02117656472904e-216 5.76068448129843e-223 3.62517348754481e-230 1.74974135874007e-237 6.47752545109551e-245 1.83922332693651e-252 4.005435461881e-260 6.69044209473273e-268 8.57135687594262e-276 8.42236204730855e-284 6.34757280035808e-292 3.66919526088387e-300 1.62675894897689e-308 5.5317778419197e-317 0 0 0 0 0 0 0 0 0 0 0 0 0 0 0 0 0 0 0 0 0 0 0 0 0 0 0 0 0 0 0 0 0 0 0 0 0 0 0 0 0 0 0 0 0 0 0 0 0 0 0 0 0 0 0 0 0 0 0 0 0 0 0 0 0 0 0 0 0
4.92082560337756 4.32043731390724 2.91750029074395 1.52611826118256 0.64216729780236 0.264633848143624 0.176161077232211 0.187724259722156 0.195423041240684 0.164527310449151 0.107900908304346 0.0546563843152175 0.0213207502630291 0.00639573737313473 0.00147418987761412 0.000260959643442327 3.54656723986066e-05 3.69965215095011e-06 2.96184783182281e-07 1.81954853106607e-08 8.57681596701391e-10 3.1018541860372e-11 8.60651044109654e-13 1.83200001454757e-14 2.99159066197363e-16 3.74753321897977e-18 3.60118785751727e-20 2.65457475756572e-22 1.5010191847408e-24 6.51049256072639e-27 2.16607166983049e-29 5.52788371064307e-32 1.08210241606006e-34 1.6247928081214e-37 1.8713064601836e-40 1.6531286060432e-43 1.12016224939839e-46 5.82191426859874e-50 2.3209163385106e-53 7.09676424044324e-57 1.66443578860969e-60 2.99418196021655e-64 4.13135611535869e-68 4.37229344231176e-72 3.54917342218865e-76 2.20976197262197e-80 1.05526930760398e-84 3.86527058353909e-89 1.08591188426378e-93 2.33995077001886e-98 3.8673698994932e-103 4.9025385182444e-108 4.76674716368509e-113 3.55482762378641e-118 2.03333933493366e-123 8.92063259950637e-129 3.0017570202184e-134 7.74727814363467e-140 1.53361432450617e-145 2.32850000440519e-151 2.711621768706e-157 2.42200192028863e-163 1.65925102436057e-169 8.71849851288791e-176 3.51368689940973e-182 1.08611536667597e-188 2.57501750329125e-195 4.68247581714892e-202 6.53073172610102e-209 6.98616614719614e-216 5.732005158876e-223 3.60715389593025e-230 1.74105725896037e-237 6.44542524331935e-245 1.83012223573611e-252 3.98564385258802e-260 6.65743021653707e-268 8.52912305930571e-276 8.38091907366451e-284 6.31638092348503e-292 3.6511886623821e-300 1.6187859628991e-308 5.50470057419937e-317 0 0 0 0 0 0 0 0 0 0 0 0 0 0 0 0 0 0 0 0 0 0 0 0 0 0 0 0 0 0 0 0 0 0 0 0 0 0 0 0 0 0 0 0 0 0 0 0 0 0 0 0 0 0 0 0 0 0 0 0 0 0 0 0 0 0 0 0
4.91878967960142 4.3178139071295 2.91356103210103 1.51805874365126 0.623889074620624 0.229086776123818 0.124664919746449 0.139344254189727 0.178967596562735 0.192591922807959 0.163066539139032 0.107095978027761 0.054283016442456 0.0211834351802748 0.00635632302465684 0.00146541529590232 0.00025944969413332 3.52652493430377e-05 3.67916051651395e-06 2.94572538341803e-07 1.80979385862541e-08 8.53145282775467e-10 3.08564586152448e-11 8.56202765725588e-13 1.82262511988398e-14 2.97642073404113e-16 3.72868889294393e-18 3.58321957559481e-20 2.64142495601063e-22 1.49363362466387e-24 6.4786601346522e-27 2.15554349527088e-29 5.50116521157438e-32 1.07689972217639e-34 1.6170198597648e-37 1.86239660400749e-40 1.64529303162594e-43 1.11487566090904e-46 5.79455054376648e-50 2.31005054260852e-53 7.06366431786014e-57 1.65670070897255e-60 2.98031539404129e-64 4.11228685094865e-68 4.35217682795903e-72 3.53289443806898e-76 2.19965672189954e-80 1.05045747451954e-84 3.84769481677733e-89 1.08098746347618e-93 2.32936724563509e-98 3.84992224234175e-103 4.8804750829482e-108 4.74534606311591e-113 3.53890465817435e-118 2.02425203742347e-123 8.88085242552965e-129 2.98839973875766e-134 7.71287585118605e-140 1.52681801515854e-145 2.31820150426376e-151 2.69965192087185e-157 2.41133065560331e-163 1.65195385134738e-169 8.68022451513908e-176 3.49828896557919e-182 1.0813638793751e-188 2.5637713418048e-195 4.66205910327399e-202 6.5023019547948e-209 6.95580164673357e-216 5.70713013763217e-223 3.59152369159578e-230 1.73352423945475e-237 6.41757838746611e-245 1.82222663266554e-252 3.96847283753213e-260 6.62878793338843e-268 8.49247763050682e-276 8.34495805206303e-284 6.28931369280415e-292 3.63556241161549e-300 1.61186662550633e-308 5.48120034175494e-317 0 0 0 0 0 0 0 0 0 0 0 0 0 0 0 0 0 0 0 0 0 0 0 0 0 0 0 0 0 0 0 0 0 0 0 0 0 0 0 0 0 0 0 0 0 0 0 0 0 0 0 0 0 0 0 0 0 0 0 0 0 0 0 0 0 0 0
4.91711262779595 4.31585080730184 2.91125615476277 1.51451979396653 0.616192737460984 0.211132380792349 0.0894544121140878 0.0881964732448583 0.130842475766426 0.176160644849231 0.190899995323535 0.161907191600327 0.106414625578851 0.0539622096680266 0.0210647858417976 0.00632215464802829 0.00145779102139807 0.000258135396244715 3.50905553892644e-05 3.66127948417387e-06 2.93164384269764e-07 1.80126731917667e-08 8.49177425520889e-10 3.0714603206746e-11 8.52307617199972e-13 1.81441219623006e-14 2.96312557470938e-16 3.71216729972096e-18 3.56746072859134e-20 2.62988853615051e-22 1.48715238064237e-24 6.45071808343336e-27 2.14629977228783e-29 5.47770111310552e-32 1.07232977107386e-34 1.6101908973457e-37 1.85456735526471e-40 1.63840657196807e-43 1.11022866590041e-46 5.77049364733761e-50 2.30049643551419e-53 7.03455603993475e-57 1.64989752275971e-60 2.96811786589383e-64 4.09551080217444e-68 4.33447732115964e-72 3.51856985554133e-76 2.19076372411144e-80 1.04622244720582e-84 3.8322243722907e-89 1.07665250534041e-93 2.32004973705452e-98 3.83456034253209e-103 4.8610475372228e-108 4.72650017260643e-113 3.52488171780609e-118 2.01624847489163e-123 8.84581374910788e-129 2.97663369335773e-134 7.68256973275637e-140 1.52083051315051e-145 2.30912799535367e-151 2.68910518972144e-157 2.40192752798078e-163 1.64552345787162e-169 8.64649481297663e-176 3.48471845328576e-182 1.07717606087515e-188 2.5538587670398e-195 4.64406246821979e-202 6.47724077054551e-209 6.92903360551717e-216 5.68520028897658e-223 3.57774341078626e-230 1.72688247795706e-237 6.39302504188711e-245 1.81526454138853e-252 3.95333130418018e-260 6.60352983748629e-268 8.46016059725297e-276 8.31324324798021e-284 6.26544152734806e-292 3.62178015225292e-300 1.60576356825915e-308 5.46047132351802e-317 0 0 0 0 0 0 0 0 0 0 0 0 0 0 0 0 0 0 0 0 0 0 0 0 0 0 0 0 0 0 0 0 0 0 0 0 0 0 0 0 0 0 0 0 0 0 0 0 0 0 0 0 0 0 0 0 0 0 0 0 0 0 0 0 0 0
4.91567624802372 4.31423182153027 2.90956405037974 1.51254990644784 0.612939430308397 0.203660565082444 0.0717167746624049 0.0532455466351477 0.0799834405480361 0.128250973168118 0.174485419133512 0.18953464241779 0.160912196789199 0.105821540973313 0.0536813267754094 0.0209605341367271 0.00629205856255787 0.00145106320778587 0.000256974006688981 3.49360134433135e-05 3.64544672080814e-06 2.91916585908984e-07 1.79370687339467e-08 8.45657185050944e-10 3.05886894439866e-11 8.48848720768314e-13 1.80711632382929e-14 2.95131089363369e-16 3.69748090557483e-18 3.55344839701901e-20 2.61962801643747e-22 1.48138657445631e-24 6.42585497170537e-27 2.13807293755157e-29 5.45681429422652e-32 1.06826105712473e-34 1.60410992989446e-37 1.84759457358373e-40 1.63227253909621e-43 1.10608883237868e-46 5.7490594297085e-50 2.29198284849811e-53 7.0086147992544e-57 1.6438338481998e-60 2.95724504117192e-64 4.08055515604185e-68 4.31869686055561e-72 3.50579718523473e-76 2.18283346340657e-80 1.04244556450164e-84 3.81842635682069e-89 1.07278586351445e-93 2.31173817269734e-98 3.82085592303163e-103 4.84371487458344e-108 4.70968526112562e-113 3.51236914561801e-118 2.00910648051766e-123 8.81454491969912e-129 2.96613291759708e-134 7.65552097508091e-140 1.51548624708706e-145 2.30102879115155e-151 2.67969043615671e-157 2.39353318383628e-163 1.63978262726096e-169 8.61638057686524e-176 3.47260195318212e-182 1.07343676466974e-188 2.54500742639317e-195 4.627991798945e-202 6.45486057626896e-209 6.90512809526102e-216 5.66561473790625e-223 3.5654357206426e-230 1.72095022455003e-237 6.3710937281181e-245 1.80904568002459e-252 3.93980566302042e-260 6.58096640765223e-268 8.43129023882272e-276 8.28490985445344e-284 6.24411383111937e-292 3.60946647321509e-300 1.60031063910092e-308 5.44195028465237e-317 0 0 0 0 0 0 0 0 0 0 0 0 0 0 0 0 0 0 0 0 0 0 0 0 0 0 0 0 0 0 0 0 0 0 0 0 0 0 0 0 0 0 0 0 0 0 0 0 0 0 0 0 0 0 0 0 0 0 0 0 0 0 0 0 0
4.91441985036806 4.3128436046936 2.90818155203334 1.5111480058361 0.611208839163688 0.200577722993821 0.0643851835181636 0.0356691670018774 0.0452480175319183 0.0776408245755882 0.126763056975751 0.173132417246926 0.188354584462026 0.160038512824334 0.105297161940716 0.0534319514959728 0.020867718511521 0.00626521051031301 0.00144505252081537 0.000255935208932241 3.47976561177615e-05 3.63126127345531e-06 2.90797901340281e-07 1.78692504732597e-08 8.42497995869994e-10 3.04756434664457e-11 8.45742177142216e-13 1.80056154333182e-14 2.9406932092397e-16 3.68427895953787e-18 3.5408493415711e-20 2.61040032602345e-22 1.47620010052412e-24 6.40348581918465e-27 2.13067002028681e-29 5.43801622040243e-32 1.0645986674013e-34 1.59863545672642e-37 1.84131638590081e-40 1.62674884550374e-43 1.102360465834e-46 5.72975340445931e-50 2.28431374101741e-53 6.98524431491109e-57 1.63837054278116e-60 2.94744782536997e-64 4.06707781013439e-68 4.30447500955092e-72 3.4942851032664e-76 2.17568530887233e-80 1.0390409108809e-84 3.8059872901786e-89 1.06929979689539e-93 2.3042441674176e-98 3.80849871571574e-103 4.82808510840309e-108 4.69452144920163e-113 3.50108454593935e-118 2.00266502488286e-123 8.7863415931075e-129 2.95666109451218e-134 7.63112139698698e-140 1.51066515728977e-145 2.29372209509404e-151 2.67119650743798e-157 2.38595950588227e-163 1.63460280713744e-169 8.58920797807794e-176 3.46166854869206e-182 1.07006244257016e-188 2.5370196899369e-195 4.61348851923438e-202 6.43466234698962e-209 6.88355242647341e-216 5.6479373342259e-223 3.55432671158576e-230 1.71559553612001e-237 6.35129694708653e-245 1.80343189323815e-252 3.92759560557541e-260 6.56059694927911e-268 8.4052262560069e-276 8.25932981728145e-284 6.22485808999177e-292 3.59834870571669e-300 1.59538715159793e-308 5.42522665660629e-317 0 0 0 0 0 0 0 0 0 0 0 0 0 0 0 0 0 0 0 0 0 0 0 0 0 0 0 0 0 0 0 0 0 0 0 0 0 0 0 0 0 0 0 0 0 0 0 0 0 0 0 0 0 0 0 0 0 0 0 0 0 0 0 0
4.91330448315617 4.31162831397755 2.90700328211109 1.51002215154947 0.610014846145592 0.198987218219662 0.0614025908351794 0.0284358115768473 0.0278030146339676 0.043091757738346 0.0763722559602346 0.125575906892524 0.171961995516006 0.187313399882183 0.159260769631785 0.104827931103423 0.0532080537711939 0.0207841937513678 0.00624100982054938 0.00143962773324321 0.000254996751682401 3.46725647109636e-05 3.61842762793736e-06 2.89785269848947e-07 1.78078328800783e-08 8.39635814352712e-10 3.03731890941291e-11 8.42925810611632e-13 1.79461736585329e-14 2.93106216747041e-16 3.67230104912538e-18 3.5294160295879e-20 2.60202482961815e-22 1.47149177246805e-24 6.3831755660115e-27 2.12394745561625e-29 5.42094332032793e-32 1.06127194615725e-34 1.59366211203569e-37 1.83561222562853e-40 1.62172963591222e-43 1.09897225771683e-46 5.71220701750462e-50 2.2773429694423e-53 6.96399998907153e-57 1.63340384065411e-60 2.93854042392183e-64 4.05482355564878e-68 4.29154284032776e-72 3.48381621580585e-76 2.16918444972255e-80 1.0359443560788e-84 3.79467314973825e-89 1.06612879588663e-93 2.29742705154941e-98 3.79725701263397e-103 4.81386547100117e-108 4.68072498147471e-113 3.49081695833994e-118 1.99680380085811e-123 8.76067749427065e-129 2.94804163533154e-134 7.60891649187721e-140 1.50627751282115e-145 2.2870720234889e-151 2.6634655647122e-157 2.37906586333899e-163 1.62988788823188e-169 8.56447320612745e-176 3.45171566526161e-182 1.06699061801593e-188 2.52974776165802e-195 4.60028445264061e-202 6.41627284128243e-209 6.86390815325723e-216 5.6318418220979e-223 3.54421147709894e-230 1.71071970270771e-237 6.33326996741108e-245 1.79831981174942e-252 3.91647642548195e-260 6.54204679652792e-268 8.38148949269407e-276 8.23603311945652e-284 6.20732067066134e-292 3.58822277221453e-300 1.59090277424755e-308 5.409994612745e-317 0 0 0 0 0 0 0 0 0 0 0 0 0 0 0 0 0 0 0 0 0 0 0 0 0 0 0 0 0 0 0 0 0 0 0 0 0 0 0 0 0 0 0 0 0 0 0 0 0 0 0 0 0 0 0 0 0 0 0 0 0 0 0
4.91230276590504 4.31054881101797 2.90597679014929 1.50907406292693 0.609073424745723 0.197913737040192 0.0598913867947448 0.02551935736442 0.0206468163108072 0.0257593351770204 0.0419879571557346 0.0753812874686404 0.124554330634111 0.170928678432815 0.186383022190464 0.158560956878843 0.104403907051789 0.0530051594220428 0.0207083573148494 0.00621900572538934 0.00143469004498463 0.000254141841122903 3.45585322001068e-05 3.60672198807544e-06 2.88861205664735e-07 1.77517642914362e-08 8.37021986605339e-10 3.02795958082841e-11 8.40352319516316e-13 1.78918446125877e-14 2.92225756101534e-16 3.66134875046338e-18 3.51895977242541e-20 2.59436378078616e-22 1.4671844022373e-24 6.36459222985991e-27 2.11779566100801e-29 5.40531800613722e-32 1.05822693390795e-34 1.58910940950883e-37 1.83038997471261e-40 1.61713401566525e-43 1.09586970343111e-46 5.69613851351312e-50 2.27095878936003e-53 6.94454181751741e-57 1.62885437503023e-60 2.93038070824507e-64 4.04359713628251e-68 4.27969457282042e-72 3.47422415464646e-76 2.16322770468229e-80 1.03310681041945e-84 3.78430477850657e-89 1.06322270393521e-93 2.29117911206598e-98 3.78695337358636e-103 4.8008317415605e-108 4.6680785192341e-113 3.48140478599851e-118 1.99143064458472e-123 8.73714942525315e-129 2.94013923823887e-134 7.58855799088624e-140 1.50225455151936e-145 2.28097443899092e-151 2.65637663622347e-157 2.37274446571687e-163 1.62556419990057e-169 8.54179004995023e-176 3.44258800343687e-182 1.06417339173314e-188 2.52307832310928e-195 4.58817397037002e-202 6.39940585371637e-209 6.84588972615411e-216 5.61707799767785e-223 3.53493286717435e-230 1.7062470162688e-237 6.31673303525087e-245 1.79363014603586e-252 3.90627575318013e-260 6.52502853420663e-268 8.35971235977977e-276 8.21465916678641e-284 6.19123025586587e-292 3.57893209201449e-300 1.58678819630227e-308 5.3960179896898e-317 0 0 0 0 0 0 0 0 0 0 0 0 0 0 0 0 0 0 0 0 0 0 0 0 0 0 0 0 0 0 0 0 0 0 0 0 0 0 0 0 0 0 0 0 0 0 0 0 0 0 0 0 0 0 0 0 0 0 0 0 0 0
4.91139457459229 4.3095789335129 2.90506880842613 1.50825623769038 0.608291208628572 0.197078594479595 0.058884581102284 0.024058292951068 0.0177802348061643 0.0186678979240357 0.0247545629881433 0.0411447629663807 0.0745371274020455 0.123656019715698 0.170004978187735 0.185543277740889 0.157925654618796 0.104017576730049 0.0528198593866226 0.0206389816355963 0.00619885165497206 0.00143016329046044 0.000253357504550662 3.44538510274251e-05 3.59597098398638e-06 2.88012148779887e-07 1.77002284399723e-08 8.34618720812771e-10 3.01935185646889e-11 8.37984917950727e-13 1.78418554329343e-14 2.91415468134811e-16 3.65126754499159e-18 3.50933357973644e-20 2.58730983853317e-22 1.46321782186136e-24 6.34747695977178e-27 2.11212917181939e-29 5.39092373296511e-32 1.05542152791584e-34 1.58491453559211e-37 1.82557772813507e-40 1.61289882909842e-43 1.09301024322941e-46 5.68132784959177e-50 2.26507391839887e-53 6.92660418860677e-57 1.62466013608035e-60 2.92285761794888e-64 4.03324595846948e-68 4.26876937023831e-72 3.46537887255879e-76 2.15773441003345e-80 1.03048989327055e-84 3.77474208925942e-89 1.06054229869623e-93 2.28541610988583e-98 3.777449015834e-103 4.78880853363773e-108 4.65641204541412e-113 3.47272160700189e-118 1.98647344811277e-123 8.71544190545616e-129 2.9328480293572e-134 7.56977335435901e-140 1.49854245960475e-145 2.27534783767391e-151 2.64983503652614e-157 2.3669109395063e-163 1.62157407269377e-169 8.52085616578168e-176 3.43416398087628e-182 1.06157326183363e-188 2.51692264892189e-195 4.57699606217334e-202 6.38383727012779e-209 6.82925787186353e-216 5.60344991899867e-223 3.52636780728537e-230 1.70211818214591e-237 6.30146703721132e-245 1.78930079095629e-252 3.8968585709463e-260 6.50931701956268e-268 8.33960689966043e-276 8.19492547003805e-284 6.17637428757681e-292 3.57035399045707e-300 1.58298911355974e-308 5.38311250095478e-317 0 0 0 0 0 0 0 0 0 0 0 0 0 0 0 0 0 0 0 0 0 0 0 0 0 0 0 0 0 0 0 0 0 0 0 0 0 0 0 0 0 0 0 0 0 0 0 0 0 0 0 0 0 0 0 0 0 0 0 0 0
4.91056466031697 4.30869940891515 2.90425606074507 1.50753905218036 0.607624106922426 0.196391573324689 0.0581073369691909 0.0230925007062966 0.0163558261659168 0.0158421524638229 0.0177193279361346 0.0239998726288689 0.0404345482657788 0.0738006915126471 0.12285583310234 0.169171088965306 0.184778995342459 0.157344586912183 0.103663126907048 0.0526494985010068 0.0205751064197753 0.00618027566270365 0.00142598756933936 0.000252633522093063 3.43571741674556e-05 3.5860377020245e-06 2.87227380960186e-07 1.76525796358523e-08 8.3239610330501e-10 3.01138921138233e-11 8.35794457901863e-13 1.77955934617782e-14 2.90665463222316e-16 3.64193485391446e-18 3.5004208080986e-20 2.58077779854389e-22 1.45954425912526e-24 6.33162418339292e-27 2.10688009921455e-29 5.37758845277892e-32 1.0528222704957e-34 1.58102756539436e-37 1.82111832536753e-40 1.60897386297945e-43 1.09036003404294e-46 5.6676000252608e-50 2.25961893148747e-53 6.90997580609171e-57 1.62077178855296e-60 2.91588278287837e-64 4.02364859111505e-68 4.25863922838469e-72 3.4571768593654e-76 2.15264035595446e-80 1.02806305014989e-84 3.76587355004284e-89 1.05805635025345e-93 2.28007096610182e-98 3.7686334191935e-103 4.77765616707682e-108 4.64559014631237e-113 3.46466672290032e-118 1.98187477164792e-123 8.69530361275536e-129 2.92608366077946e-134 7.55234544134072e-140 1.4950983593966e-145 2.2701272751994e-151 2.64376531371194e-157 2.36149804641898e-163 1.61787154669671e-169 8.50143058713571e-176 3.42634669222806e-182 1.05916033656034e-188 2.5112100151262e-195 4.56662237910074e-202 6.36938843041839e-209 6.81382183733831e-216 5.59080137087474e-223 3.51841817190141e-230 1.69828592364811e-237 6.28729726332848e-245 1.78528222508303e-252 3.88811721420089e-260 6.49473271468081e-268 8.32094347500855e-276 8.17660674473005e-284 6.1625832453883e-292 3.56239062806882e-300 1.57946221412779e-308 5.37113190310878e-317 0 0 0 0 0 0 0 0 0 0 0 0 0 0 0 0 0 0 0 0 0 0 0 0 0 0 0 0 0 0 0 0 0 0 0 0 0 0 0 0 0 0 0 0 0 0 0 0 0 0 0 0 0 0 0 0 0 0 0 0
4.90980118707049 4.3078956028735 2.90352148838111 1.50690200782727 0.607045011522568 0.195810704758256 0.0574715718108771 0.0223501816282014 0.0154194043513995 0.0144471834745044 0.0149284288096984 0.0170143633395361 0.0233696654185362 0.0398205542237096 0.0731492872874168 0.122135756396939 0.168412080431063 0.184078467426545 0.156809713492475 0.103335970190715 0.0524919700081498 0.0205159669022897 0.00616306060857938 0.00142211496109352 0.000251961705738502 3.42674211446712e-05 3.57681221724915e-06 2.86498290033372e-07 1.7608298720319e-08 8.30330068765908e-10 3.00398590499292e-11 8.33757468396693e-13 1.77525651778096e-14 2.89967772141601e-16 3.63325187086205e-18 3.49212740924181e-20 2.57469894409485e-22 1.45612517708051e-24 6.31686803381472e-27 2.1019936559433e-29 5.36517329482538e-32 1.05040215122107e-34 1.57740818803447e-37 1.81696560631902e-40 1.60531856179201e-43 1.08789173834032e-46 5.65481366201056e-50 2.25453773517427e-53 6.89448592944034e-57 1.61714946221533e-60 2.90938477949502e-64 4.01470688023631e-68 4.24920067055453e-72 3.44953443153074e-76 2.14789362714267e-80 1.02580157495197e-84 3.75760896996509e-89 1.05573960247291e-93 2.27508942899719e-98 3.76041719151584e-103 4.76726165664312e-108 4.6355032806592e-113 3.45715866980652e-118 1.9775881442443e-123 8.67653120622348e-129 2.91977788402375e-134 7.53609854676295e-140 1.49188755349271e-145 2.26526019471034e-151 2.63810640450637e-157 2.35645136781717e-163 1.61441942295126e-169 8.48331827198696e-176 3.41905769727862e-182 1.05691041892184e-188 2.50588316915221e-195 4.55694901562839e-202 6.35591469359501e-209 6.79942718520166e-216 5.57900587360999e-223 3.51100451066261e-230 1.69471196034505e-237 6.27408224406075e-245 1.78153434756556e-252 3.87996449666589e-260 6.48113022574859e-268 8.30353611430001e-276 8.15952053865491e-284 6.14971983470604e-292 3.5549627622212e-300 1.57617241756935e-308 5.35995613819985e-317 0 0 0 0 0 0 0 0 0 0 0 0 0 0 0 0 0 0 0 0 0 0 0 0 0 0 0 0 0 0 0 0 0 0 0 0 0 0 0 0 0 0 0 0 0 0 0 0 0 0 0 0 0 0 0 0 0 0 0
4.90909478374952 4.30715613503991 2.9028521941196 1.50633021737219 0.606535347297739 0.19531041812163 0.056936697211501 0.0217448628245925 0.0147017245025151 0.0135340510911976 0.013558249840406 0.0142538964697597 0.0164287464992516 0.0228286499558773 0.0392818617816561 0.0725668086654184 0.121482259482541 0.167716406588601 0.183432471956817 0.156314628210821 0.103032425299107 0.0523455754177438 0.0204609445724381 0.00614703048331505 0.00141850655736845 0.000251335398796601 3.41837126570359e-05 3.56820499730847e-06 2.85817856662816e-07 1.75669623069618e-08 8.28400981521966e-10 2.99707194830887e-11 8.31854783029197e-13 1.77123674343803e-14 2.89315883031284e-16 3.62513783641377e-18 3.48437649365549e-20 2.56901708281898e-22 1.45292905598496e-24 6.30307282084703e-27 2.0974250144183e-29 5.3535646146279e-32 1.04813906278625e-34 1.57402340539438e-37 1.81308177966107e-40 1.60189971846478e-43 1.08558296932643e-46 5.64285297141768e-50 2.24978438422951e-53 6.879994693657e-57 1.61376049353704e-60 2.9033050889638e-64 4.00634039911626e-68 4.24036890152347e-72 3.44238300808141e-76 2.14345167430285e-80 1.02368521729373e-84 3.74987441874754e-89 1.05357135126853e-93 2.27042702202402e-98 3.75272704286605e-103 4.7575323635107e-108 4.62606162814081e-113 3.4501306461713e-118 1.97357545697672e-123 8.65895792544259e-129 2.91387472546203e-134 7.52088855988926e-140 1.48888158221932e-145 2.26070348574684e-151 2.63280821867315e-157 2.35172626209714e-163 1.61118718447991e-169 8.46635920667958e-176 3.41223264059432e-182 1.05480365597122e-188 2.50089513507878e-195 4.54789071373816e-202 6.34329737245584e-209 6.78594718518491e-216 5.56795963520141e-223 3.50406162265387e-230 1.69136487637047e-237 6.26170587485825e-245 1.77802424645005e-252 3.87232885977574e-260 6.46839021645456e-268 8.28723217133314e-276 8.14351708993378e-284 6.13767135708913e-292 3.54800534468749e-300 1.57309092647778e-308 5.34948787529576e-317 0 0 0 0 0 0 0 0 0 0 0 0 0 0 0 0 0 0 0 0 0 0 0 0 0 0 0 0 0 0 0 0 0 0 0 0 0 0 0 0 0 0 0 0 0 0 0 0 0 0 0 0 0 0 0 0 0 0
4.90843790538751 4.3064719800606 2.90223818664176 1.50581251582627 0.606081736221144 0.194873299789981 0.0564781146227474 0.0212369623755882 0.0141176297381943 0.0128357324809156 0.0126645608379312 0.0129051442182913 0.0136952788554751 0.0159281314909063 0.0223570149590649 0.0388037532755971 0.0720412438604412 0.120884912422522 0.167074955994237 0.182833618188332 0.15585414702819 0.102749494955302 0.0522089262856873 0.0204095324363884 0.00613204072820082 0.00141513035531125 0.000250749119799651 3.41053239868426e-05 3.56014219553472e-06 2.85180287713828e-07 1.75282207885084e-08 8.26592620346065e-10 2.99058950018111e-11 8.30070556629954e-13 1.76746668421617e-14 2.8870440931956e-16 3.6175259303961e-18 3.47710442887098e-20 2.56368570134123e-22 1.44992980039027e-24 6.29012618602322e-27 2.09313704913217e-29 5.34266827956562e-32 1.04601469098631e-34 1.57084587750837e-37 1.80943553027793e-40 1.59868981338145e-43 1.08341517243479e-46 5.63162197617569e-50 2.24532079084107e-53 6.86638614235906e-57 1.61057780013852e-60 2.89759518739141e-64 3.99848245250559e-68 4.23207359802855e-72 3.43566570858351e-76 2.13927920497619e-80 1.02169717939584e-84 3.74260856696387e-89 1.05153442034671e-93 2.26604684484738e-98 3.74550216415837e-103 4.74839142045969e-108 4.61719065622243e-113 3.44352721747967e-118 1.96980508400602e-123 8.64244537257913e-129 2.90832772928139e-134 7.50659586931566e-140 1.48605682310943e-145 2.2564213636815e-151 2.62782917617534e-157 2.34728567065598e-163 1.60814949705051e-169 8.45042054787732e-176 3.40581809231786e-182 1.05282356458873e-188 2.49620690928086e-195 4.539376682148e-202 6.33143791558464e-209 6.77327660391441e-216 5.55757646685485e-223 3.49753536340918e-230 1.68821858241601e-237 6.25007173383255e-245 1.7747245884042e-252 3.86515087255519e-260 6.45641357260979e-268 8.27190486312133e-276 8.12847200791395e-284 6.12634420394851e-292 3.54146434431513e-300 1.57019382020215e-308 5.33964608763061e-317 0 0 0 0 0 0 0 0 0 0 0 0 0 0 0 0 0 0 0 0 0 0 0 0 0 0 0 0 0 0 0 0 0 0 0 0 0 0 0 0 0 0 0 0 0 0 0 0 0 0 0 0 0 0 0 0 0
4.90782438919624 4.30583586064729 2.90167156916746 1.50534031705448 0.605674221824081 0.194486875019166 0.0560791288917661 0.0208025732060986 0.0136283440864981 0.0122681953195221 0.0119823100093779 0.0120281495247762 0.0123653733927719 0.0132189056749811 0.0154934070170099 0.0219409035974804 0.0383753263919311 0.0715633917809503 0.120335508165776 0.16648041490321 0.182275894611482 0.155424017966507 0.102484707695755 0.052080873735869 0.020361309967837 0.00611797123069977 0.00141195972940889 0.000250198303705294 3.40316510920146e-05 3.55256222112314e-06 2.84580748838373e-07 1.74917822825289e-08 8.24891436892662e-10 2.98449023335046e-11 8.28391546187884e-13 1.76391846855352e-14 2.8812884668386e-16 3.61036026441092e-18 3.47025798187591e-20 2.55866588074316e-22 1.44710557184886e-24 6.27793408532596e-27 2.08909868150721e-29 5.3324054784581e-32 1.04401370057507e-34 1.56785270876996e-37 1.80600063068977e-40 1.59566579550752e-43 1.08137280441628e-46 5.6210402681161e-50 2.24111504285495e-53 6.85356311245906e-57 1.60757868712158e-60 2.89221440889859e-64 3.9910771417901e-68 4.22425581664338e-72 3.42933485392427e-76 2.13534663393576e-80 1.01982337902795e-84 3.7357599967539e-89 1.0496144084926e-93 2.26191795722962e-98 3.73869156544273e-103 4.73977436912573e-108 4.60882786127819e-113 3.43730189367548e-118 1.96625050116776e-123 8.62687747010159e-129 2.90309793022782e-134 7.49312014567643e-140 1.48339346097509e-145 2.25238381019408e-151 2.62313439582745e-157 2.34309850415834e-163 1.60528510641778e-169 8.43539084230112e-176 3.39976922419396e-182 1.05095631479373e-188 2.49178576513998e-195 4.53134752043786e-202 6.32025362670909e-209 6.76132713553253e-216 5.54778404173089e-223 3.49138029535976e-230 1.68525118394912e-237 6.23909890012096e-245 1.77161243366118e-252 3.85838065568222e-260 6.44511710738632e-268 8.25744777769184e-276 8.1142808860161e-284 6.11565980359715e-292 3.53529440823293e-300 1.56746101967839e-308 5.3303621000796e-317 0 0 0 0 0 0 0 0 0 0 0 0 0 0 0 0 0 0 0 0 0 0 0 0 0 0 0 0 0 0 0 0 0 0 0 0 0 0 0 0 0 0 0 0 0 0 0 0 0 0 0 0 0 0 0 0
4.90724913790616 4.30524182494376 2.90114599406927 1.50490688049233 0.605305201969313 0.194141905677231 0.0557278140200137 0.0204255009697368 0.0132105057953601 0.0117933435851127 0.0114284496006364 0.0113596320024308 0.0115029824293293 0.0119057983485874 0.0128061565880763 0.0151112516471254 0.0215700975641628 0.0379882816787876 0.0711260544348619 0.119827476308891 0.16592682620552 0.181754348197828 0.155020712077996 0.102236002740801 0.0519604568416938 0.0203159246838198 0.00610472115726172 0.00140897230170265 0.000249679110249477 3.39621854633051e-05 3.54541319333167e-06 2.84015165815677e-07 1.7457400696384e-08 8.23286004070116e-10 2.97873337410268e-11 8.268065754241e-13 1.76056856867851e-14 2.8758539194467e-16 3.60359364003705e-18 3.46379218842212e-20 2.55392474186674e-22 1.44443791810911e-24 6.26641704544706e-27 2.08528364461925e-29 5.32270959357286e-32 1.04212312742982e-34 1.5650245415703e-37 1.80275490401796e-40 1.59280817196326e-43 1.07944272008355e-46 5.61103983886477e-50 2.23714014711504e-53 6.84144341141683e-57 1.6047439549278e-60 2.88712834832411e-64 3.98407717106651e-68 4.21686568205883e-72 3.42335009768647e-76 2.13162892447574e-80 1.0180518983329e-84 3.72928519058752e-89 1.04779912659711e-93 2.25801417021319e-98 3.73225208486146e-103 4.73162664439557e-108 4.60092033053375e-113 3.43141531664498e-118 1.96288925236904e-123 8.61215593956576e-129 2.89815233659698e-134 7.48037643730274e-140 1.48087471712255e-145 2.24856540607884e-151 2.61869433956595e-157 2.33913843466193e-163 1.60257601287138e-169 8.42117569980868e-176 3.39404806984324e-182 1.04919019320733e-188 2.48760398384585e-195 4.5237529161457e-202 6.30967445968549e-209 6.75002398035556e-216 5.53852109356786e-223 3.48555792845877e-230 1.68244413369525e-237 6.2287188224015e-245 1.76866834854461e-252 3.85197595232844e-260 6.43443034481291e-268 8.24377076063026e-276 8.10085526686264e-284 6.10555158552533e-292 3.52945711002205e-300 1.56487551202994e-308 5.32157860102784e-317 0 0 0 0 0 0 0 0 0 0 0 0 0 0 0 0 0 0 0 0 0 0 0 0 0 0 0 0 0 0 0 0 0 0 0 0 0 0 0 0 0 0 0 0 0 0 0 0 0 0 0 0 0 0 0
4.90670788885087 4.30468494452264 2.90065628453648 1.50450682161953 0.604968748619818 0.193831371327589 0.055415361654276 0.020094195501855 0.0128483105101456 0.01138827152012 0.0109654735771561 0.0108174195441703 0.0108464333998057 0.0110563628824791 0.011508180060813 0.0124440797438972 0.0147718668841173 0.0212368508203664 0.037636164356305 0.0707235004068646 0.119355478292762 0.165409275793063 0.181264851604603 0.154641269713583 0.102001644607025 0.051846864132644 0.0202730783544388 0.00609220507566558 0.00140614909232899 0.000249188279641264 3.38964951707188e-05 3.53865102058804e-06 2.83480074542697e-07 1.74248667091911e-08 8.21766599007551e-10 2.97328421953877e-11 8.25306129648881e-13 1.7573969501163e-14 2.87070805932758e-16 3.59718585085525e-18 3.45766873877797e-20 2.54943426716916e-22 1.44191111307559e-24 6.25550732559193e-27 2.08166954653989e-29 5.31352382838692e-32 1.04033191750127e-34 1.56234486871009e-37 1.79967943715401e-40 1.59010031716319e-43 1.07761370689648e-46 5.60156267426589e-50 2.23337307553591e-53 6.82995691510018e-57 1.60205722197673e-60 2.88230764835902e-64 3.97744218109697e-68 4.20986063142709e-72 3.41767700689052e-76 2.12810470827791e-80 1.01637256513338e-84 3.72314700335181e-89 1.04607816994301e-93 2.25431312766678e-98 3.72614687576662e-103 4.72390166282396e-108 4.59342288930245e-113 3.42583388274596e-118 1.95970216403306e-123 8.59819686519849e-129 2.89346277715039e-134 7.46829220237642e-140 1.47848626341992e-145 2.2449444439333e-151 2.61448378176665e-157 2.33538297728981e-163 1.60000684363186e-169 8.40769450343815e-176 3.38862220190595e-182 1.04751519506718e-188 2.48363788924465e-195 4.51654989349191e-202 6.29964058110212e-209 6.73930324287069e-216 5.52973528608603e-223 3.48003538205855e-230 1.67978158701379e-237 6.21887293701625e-245 1.7658757304135e-252 3.84590066070302e-260 6.42429307298132e-268 8.23079678591377e-276 8.08811957276456e-284 6.09596267095709e-292 3.52391961695507e-300 1.56242276064197e-308 5.31324568984508e-317 0 0 0 0 0 0 0 0 0 0 0 0 0 0 0 0 0 0 0 0 0 0 0 0 0 0 0 0 0 0 0 0 0 0 0 0 0 0 0 0 0 0 0 0 0 0 0 0 0 0 0 0 0 0
4.90619704231507 4.30416109377422 2.90019816514294 1.50413577452771 0.604660156336624 0.193549822160171 0.0551350948548209 0.0198001382519907 0.0125304974684196 0.0110374985320251 0.0105708695178151 0.0103645271768553 0.0103143420549384 0.0104103977008751 0.0106703669676987 0.01115985063825 0.0121231624127179 0.0144678425223944 0.020935163145476 0.0373138631400673 0.0703510963612821 0.11891512032365 0.164923664476569 0.1808039308735 0.154283185430833 0.101780158712108 0.0517394044253572 0.0202325165191023 0.00608035000031354 0.00140347387114441 0.000248723022274062 3.38342103628999e-05 3.53223792967176e-06 2.82972506093706e-07 1.73940008580291e-08 8.20324883173125e-10 2.96811299977326e-11 8.23882044751018e-13 1.75438641858538e-14 2.86582308152295e-16 3.59110237782288e-18 3.45185473713832e-20 2.54517039508867e-22 1.43951164933866e-24 6.24514673493932e-27 2.07823714993268e-29 5.30479938276147e-32 1.03863057210302e-34 1.55979950432761e-37 1.7967579752463e-40 1.58752794109493e-43 1.07587612671396e-46 5.59255890251689e-50 2.22979403067581e-53 6.81904333321152e-57 1.59950440306806e-60 2.87772706550856e-64 3.97113746616133e-68 4.20320406209478e-72 3.41228596875234e-76 2.12475560740297e-80 1.01477663037039e-84 3.7173134851645e-89 1.0444425886495e-93 2.2507955985704e-98 3.72034424090686e-103 4.71655934949616e-108 4.58629667309926e-113 3.4205286811622e-118 1.95667273962088e-123 8.58492804511816e-129 2.88900501228317e-134 7.45680502110622e-140 1.4762157705994e-145 2.2415022440952e-151 2.61048101461204e-157 2.33181278219929e-163 1.59756436894908e-169 8.39487787264222e-176 3.38346371200921e-182 1.04592270962017e-188 2.47986710356863e-195 4.50970146284272e-202 6.29010049056124e-209 6.72910992499766e-216 5.52138156978409e-223 3.47478435283771e-230 1.67724990470177e-237 6.20951083077645e-245 1.76322028696199e-252 3.84012370210361e-260 6.41465345663812e-268 8.21845954203053e-276 8.07600873781922e-284 6.08684409122003e-292 3.51865366181317e-300 1.56009025003971e-308 5.30532137095143e-317 0 0 0 0 0 0 0 0 0 0 0 0 0 0 0 0 0 0 0 0 0 0 0 0 0 0 0 0 0 0 0 0 0 0 0 0 0 0 0 0 0 0 0 0 0 0 0 0 0 0 0 0 0
4.90571353176807 4.30366678564614 2.89976806563284 1.5037901530393 0.604375632756647 0.19329295098446 0.0548818430095442 0.0195368806942005 0.0122487690090321 0.0107300025795991 0.01022943481325 0.00997878834291484 0.00987018956015786 0.00988723395674426 0.0100338704446134 0.0103325599122332 0.0108515147980961 0.0118362201786074 0.0141934515022852 0.0206603014464645 0.0370172676443978 0.0700050470153538 0.118502745110465 0.164466538860982 0.180368635692323 0.153944320461024 0.10157028208353 0.051637484401786 0.0201940204044866 0.00606909310972811 0.0014009326560926 0.000248280933297764 3.37750120247882e-05 3.52614132452946e-06 2.82489897484369e-07 1.73646481674815e-08 8.18953653786376e-10 2.96319399337776e-11 8.22527265327448e-13 1.751522111931e-14 2.86117494814337e-16 3.58531337385124e-18 3.44632173582693e-20 2.54111231486911e-22 1.43722784295897e-24 6.23528493259644e-27 2.07496981082292e-29 5.29649403110784e-32 1.03701087149667e-34 1.55737617155775e-37 1.79397644972898e-40 1.58507867481808e-43 1.07422163649423e-46 5.58398535026651e-50 2.22638587304693e-53 6.80865046666819e-57 1.59707330258283e-60 2.87336474156578e-64 3.9651329731608e-68 4.196864276718e-72 3.40715133779664e-76 2.12156570531108e-80 1.01325651642566e-84 3.71175696282497e-89 1.04288463050778e-93 2.24744492473137e-98 3.71481672259428e-103 4.70956498829273e-108 4.57950801316337e-113 3.41547466524239e-118 1.95378668700717e-123 8.57228692366662e-129 2.88475804015462e-134 7.44586080965784e-140 1.47405255560833e-145 2.23822262056065e-151 2.60666722766191e-157 2.32841108174629e-163 1.59523712425159e-169 8.38266568242692e-176 3.37854841422314e-182 1.0444052744404e-188 2.47627396620214e-195 4.50317556598184e-202 6.28100955262351e-209 6.71939635880824e-216 5.51342089851642e-223 3.46978030869722e-230 1.6748372646418e-237 6.20058880592107e-245 1.76068962948464e-252 3.83461813670412e-260 6.40546656278885e-268 8.20670154628933e-276 8.0644663580862e-284 6.07815339589407e-292 3.51363473961888e-300 1.55786713031998e-308 5.29776858942346e-317 0 0 0 0 0 0 0 0 0 0 0 0 0 0 0 0 0 0 0 0 0 0 0 0 0 0 0 0 0 0 0 0 0 0 0 0 0 0 0 0 0 0 0 0 0 0 0 0 0 0 0 0
4.90525472428599 4.30319904727584 2.89936297523546 1.50346697770717 0.604112080615031 0.193057300789862 0.0546515291233709 0.0192994355543922 0.0119968490829655 0.0104576671447893 0.0099303515551975 0.00964524404648771 0.00949211769458246 0.00945077403552246 0.00951867616199008 0.00970461533089599 0.0100338238904298 0.0105761584316608 0.0115777076146552 0.0139441860698296 0.0204084735072483 0.0367430277230358 0.0696822073878225 0.118115277784794 0.164034963783535 0.179956440206122 0.153622835193055 0.101370925121694 0.051540591150253 0.0201574006151101 0.00605837996136464 0.00139851332032758 0.000247859925640975 3.37186231558899e-05 3.52033289018941e-06 2.82030021561751e-07 1.73366739282024e-08 8.17646648336451e-10 2.95850483154422e-11 8.21235654356114e-13 1.74879110021766e-14 2.85674274303721e-16 3.57979286417189e-18 3.44104497458907e-20 2.53724191102891e-22 1.4350495220661e-24 6.22587808788056e-27 2.07185303625742e-29 5.28857100159916e-32 1.03546565697539e-34 1.55506417741883e-37 1.79132260615049e-40 1.58274174357795e-43 1.07264296801114e-46 5.57580440369992e-50 2.22313366935359e-53 6.79873283284013e-57 1.5947532935309e-60 2.86920162878484e-64 3.95940251182978e-68 4.19081365081114e-72 3.4022507627687e-76 2.11852112937228e-80 1.0118056184774e-84 3.70645331477651e-89 1.04139753798377e-93 2.24424658480129e-98 3.70954038443281e-103 4.70288831418577e-108 4.5730275565511e-113 3.41064999821829e-118 1.95103154529968e-123 8.56021895869882e-129 2.88070354876127e-134 7.4354124097041e-140 1.47198730311417e-145 2.23509145919141e-151 2.60302601784905e-157 2.32516325384552e-163 1.59301511170864e-169 8.37100549872676e-176 3.37385521588117e-182 1.04295638136109e-188 2.47284307454001e-195 4.49694424290653e-202 6.27232883707642e-209 6.7101209683393e-216 5.50581921554942e-223 3.46500185188617e-230 1.672533354973e-237 6.19206874628597e-245 1.75827295151138e-252 3.82936046489667e-260 6.39669319569706e-268 8.19547265479803e-276 8.05344322986911e-284 6.06985355294868e-292 3.50884147287774e-300 1.55574393616239e-308 5.29055523099417e-317 0 0 0 0 0 0 0 0 0 0 0 0 0 0 0 0 0 0 0 0 0 0 0 0 0 0 0 0 0 0 0 0 0 0 0 0 0 0 0 0 0 0 0 0 0 0 0 0 0 0 0
4.90481834311257 4.30275532442074 2.89898033264666 1.50316374803655 0.603866940674793 0.192840059461351 0.0544408883229363 0.0190838752857628 0.0117698876682581 0.0102143568578551 0.00966565754663372 0.0093532547489 0.00916538408175581 0.00907943755326009 0.00908907026428334 0.00919660517885018 0.00941366501898821 0.00976728302832213 0.0103283720220826 0.0113432653190725 0.0137164421679198 0.0201765994722966 0.0364883804549557 0.0693799445106336 0.117750109929858 0.163626424637609 0.179565166145534 0.153317136434002 0.101181141578874 0.0514482784114271 0.0201224921512165 0.00604816307960994 0.00139620528107705 0.000247458176917015 3.36648017718303e-05 3.51478788143408e-06 2.81590931320864e-07 1.73099603426555e-08 8.16398389197625e-10 2.9540259447964e-11 8.20001841815302e-13 1.74618206757351e-14 2.85250815826346e-16 3.57451810989137e-18 3.43600277501586e-20 2.53354332104282e-22 1.43296777888001e-24 6.2168878133069e-27 2.06887413195653e-29 5.28099808329169e-32 1.03398865724079e-34 1.55285415375209e-37 1.78878570758608e-40 1.58050770628196e-43 1.07113375227449e-46 5.56798310067836e-50 2.22002433235298e-53 6.78925056951503e-57 1.59253506165303e-60 2.86522103153601e-64 3.95392312494365e-68 4.18502796889473e-72 3.39756464983988e-76 2.1156097178939e-80 1.01041814606064e-84 3.7013813927854e-89 1.03997538628875e-93 2.2411878464796e-98 3.70449423831307e-103 4.69650278907221e-108 4.56682956411255e-113 3.40603553117614e-118 1.9483963870746e-123 8.54867631878782e-129 2.87682547871596e-134 7.42541846289597e-140 1.47001184325877e-145 2.23209638110254e-151 2.59954299841378e-157 2.32205647349215e-163 1.59088956203517e-169 8.35985132959602e-176 3.36936561538227e-182 1.04157032156909e-188 2.4695609174894e-195 4.49098296673787e-202 6.26402419314129e-209 6.7012472811722e-216 5.49854664412503e-223 3.46043021057396e-230 1.670329129135e-237 6.18391721210189e-245 1.75596077223093e-252 3.82433006948685e-260 6.38829896672084e-268 8.18472887276829e-276 8.04289618258404e-284 6.06191207054346e-292 3.50425510472299e-300 1.55371236245968e-308 5.28365263985613e-317 0 0 0 0 0 0 0 0 0 0 0 0 0 0 0 0 0 0 0 0 0 0 0 0 0 0 0 0 0 0 0 0 0 0 0 0 0 0 0 0 0 0 0 0 0 0 0 0 0 0
3.07380948838118 2.70170914699515 1.82806192992048 0.957537771589749 0.394357404884695 0.133534671798661 0.0419993237533493 0.0157115012891986 0.0086301272258941 0.00651856058922473 0.00575878490022559 0.00542286818062136 0.00524875430975841 0.00516212365452542 0.00514334120542794 0.0051900602413155 0.00530977967517338 0.00552216275749588 0.00586746258094788 0.00642545674105532 0.00737430085154761 0.00920143613788824 0.01324292876612 0.0222683714945614 0.0394565308409101 0.0640162447579273 0.0867251925583078 0.0938024902705988 0.0793891172355813 0.052092819831373 0.0263823302039558 0.0102883718929904 0.00308536744584299 0.000710972417462173 0.00012582557274272 1.70967191401166e-05 1.78314209179058e-06 1.42730959097788e-07 8.76713763792611e-09 4.13205368000294e-10 1.49421339145272e-11 4.14547559945669e-13 8.82332928903908e-15 1.44069455990117e-16 1.80459739756469e-18 1.73399379624999e-20 1.27810066850012e-22 7.2264623920862e-25 3.13417706847917e-27 1.04268523229703e-29 2.66078856626312e-32 5.20824124281681e-35 7.81973498170791e-38 9.00555001395391e-41 7.95505375004458e-44 5.38999502928965e-47 2.80119885310011e-50 1.11662673706588e-53 3.4141215716882e-57 8.00673307751633e-61 1.44024311173362e-64 1.98709739260193e-68 2.10283067825916e-72 1.70683001142419e-76 1.06261550740918e-80 5.07412446065216e-85 1.85842231315524e-89 5.22065915267702e-94 1.12487239715474e-98 1.85899224875665e-103 2.35639313534097e-108 2.29093760846805e-113 1.70833738858139e-118 9.7707626324529e-124 4.28624808186077e-129 1.4421810595899e-134 3.72182165199874e-140 7.36689164257055e-146 1.11842186018945e-151 1.30232494805171e-157 1.16312166823265e-163 7.96751237872753e-170 4.18612235375321e-176 1.68691200890723e-182 5.21391643354871e-189 1.23602319892406e-195 2.2473975555882e-202 3.13417851582125e-209 3.35241614906556e-216 2.75031428193001e-223 1.73060029460096e-230 8.35220458459514e-238 3.09168496827496e-245 8.77766438742224e-253 1.91140275613894e-260 3.19238176785879e-268 4.08946690336588e-276 4.01797958019351e-284 3.0278740029292e-292 1.75007563634479e-300 7.75826639977654e-309 2.63791826066946e-317 0 0 0 0 0 0 0 0 0 0 0 0 0 0 0 0 0 0 0 0 0 0 0 0 0 0 0 0 0 0 0 0 0 0 0 0 0 0 0 0 0 0 0 0 0 0 0 0 0
3.06990852997544 2.69715061762891 1.82369254638457 0.954674145257 0.394300182368864 0.13639803357612 0.0462887186874919 0.0195154129029172 0.0110172050587418 0.00766450218824224 0.00621743159160995 0.0055965898554427 0.00531600490950152 0.00518049303988036 0.00512808110910545 0.00514407286635338 0.00523094013869001 0.0054032469543292 0.00569107255090986 0.00614511195364747 0.00684198900226311 0.00792228357686193 0.00979954660618259 0.0137438152720233 0.0225274249093243 0.039407766028402 0.0636976552579271 0.0862581534107113 0.0933420309220822 0.0790511651354096 0.0519050308849798 0.0263033122156607 0.0102632755480918 0.00307937932089738 0.000709906507814534 0.000125685701459286 1.70834933812002e-05 1.78228634096019e-06 1.42698808859447e-07 8.76709865492156e-09 4.13282735192634e-10 1.49474237143161e-11 4.14754661105549e-13 8.82886238707988e-15 1.44175961244198e-16 1.80611030256746e-18 1.73560002684551e-20 1.27938484386505e-22 7.23423101357964e-25 3.13774462120142e-27 1.04393172382032e-29 2.66410763033825e-32 5.21498468180888e-35 7.83019882746482e-38 9.01795963591536e-41 7.96630833085415e-44 5.39780410787494e-47 2.80534579602056e-50 1.11831268005529e-53 3.41937025231076e-57 8.01924827315071e-61 1.44252912505064e-64 1.99029654752433e-68 2.10626119514538e-72 1.70964901935799e-76 1.06439085671442e-80 5.0826939547838e-85 1.86159289596309e-89 5.22965124104208e-94 1.12682737339448e-98 1.86225062415212e-103 2.3605566153773e-108 2.29501631710933e-113 1.71140085513332e-118 9.78840430961854e-124 4.29403765441573e-129 1.44481826580487e-134 3.72866770083403e-140 7.38051892425478e-146 1.12050183932762e-151 1.30475936941508e-157 1.16530653768934e-163 7.98254911710403e-170 4.1940580526466e-176 1.690123632787e-182 5.22388370632875e-189 1.23839535935261e-195 2.25172699234884e-202 3.14023808419406e-209 3.3589201111372e-216 2.75566784820352e-223 1.7339796968926e-230 8.36856410637836e-238 3.09775844846042e-245 8.7949563023921e-253 1.91517838272256e-260 3.19870410041948e-268 4.09758603837769e-276 4.02597585987215e-284 3.03391367742807e-292 1.75357418489009e-300 7.77380859898673e-309 2.64321365626159e-317 0 0 0 0 0 0 0 0 0 0 0 0 0 0 0 0 0 0 0 0 0 0 0 0 0 0 0 0 0 0 0 0 0 0 0 0 0 0 0 0 0 0 0 0 0 0 0 0
3.0671345116116 2.69356462009176 1.819649223139 0.950813612407926 0.391754513699741 0.136386167188432 0.0489681551539808 0.0235265892953442 0.0145825010617829 0.00990867363542664 0.00729994662624583 0.00603363984913812 0.0054838543486064 0.00524637380609104 0.0051461144331633 0.00512858639523786 0.00518434027229225 0.00532239341120159 0.00556616534111581 0.00595348591076835 0.00652984118868692 0.00733739699112547 0.00845398748677282 0.0102393015569767 0.013965194865966 0.0224660865274855 0.0390885251071231 0.0632319071478018 0.085805205899614 0.093026530382595 0.07889824509655 0.0518600698643329 0.0263010315060353 0.0102682236773006 0.00308215134526213 0.000710766372748985 0.000125867491173405 1.71112962221716e-05 1.78544048321424e-06 1.42967615416866e-07 8.78443057778495e-09 4.14131829707334e-10 1.49791150888205e-11 4.15657425094383e-13 8.84851320760624e-15 1.44503096810147e-16 1.81027783333195e-18 1.73966471286429e-20 1.28242095001745e-22 7.25160338085171e-25 3.14536082943572e-27 1.04649045061794e-29 2.67069585431496e-32 5.22798685375141e-35 7.84986874158676e-38 9.04077134258084e-41 7.98659014207755e-44 5.41162927345115e-47 2.81257127199988e-50 1.12120809229772e-53 3.42826667439539e-57 8.04020834842134e-61 1.44631575423555e-64 1.9955422537569e-68 2.11183374710197e-72 1.71418854105468e-76 1.06722667207392e-80 5.09627906320354e-85 1.86658369891404e-89 5.24371185395011e-94 1.12986523876428e-98 1.86728408605632e-103 2.36695252411332e-108 2.30124904064693e-113 1.71605882061904e-118 9.81510115211703e-124 4.30577232736218e-129 1.44877404080533e-134 3.73889459006276e-140 7.40079615445641e-146 1.12358522902582e-151 1.30835524274374e-157 1.16852269957655e-163 8.00461037315004e-170 4.20566405261611e-176 1.69480632903977e-182 5.23837381108997e-189 1.2418341847995e-195 2.25798610400129e-202 3.14897544078549e-209 3.36827444786672e-216 2.76334875063177e-223 1.73881672372589e-230 8.39192623401827e-238 3.10641240172532e-245 8.81954216955965e-253 1.92053543507778e-260 3.20765643155012e-268 4.10906008883308e-276 4.03725479768273e-284 3.0424170441999e-292 1.75849101605314e-300 7.79561338070271e-309 2.65063007567131e-317 0 0 0 0 0 0 0 0 0 0 0 0 0 0 0 0 0 0 0 0 0 0 0 0 0 0 0 0 0 0 0 0 0 0 0 0 0 0 0 0 0 0 0 0 0 0 0
3.06528138882406 2.69099130575942 1.81645492569535 0.947213358894999 0.388259171509222 0.134044687348102 0.0489585044199023 0.0260332941069087 0.0183472681560395 0.0132634989138988 0.00941759550006521 0.00705968716426456 0.00590152654032868 0.00540886889224703 0.0052106619701929 0.00514613253976689 0.00516817588762168 0.0052739267609929 0.00548012105183367 0.0058159155609711 0.00631253050923077 0.00698362596781392 0.00781734621057778 0.00884730874003936 0.0104347788437757 0.0138995618718864 0.0221477400807577 0.0386088223821594 0.0627483660217399 0.0854653636376215 0.0928800454187521 0.0788893519108298 0.0519005623413953 0.0263362454720885 0.0102856798141841 0.00308814300010826 0.000712270712255932 0.000126149938113563 1.71513717567092e-05 1.78976136238571e-06 1.43322733682824e-07 8.80671989964162e-09 4.15201519329072e-10 1.5018397185622e-11 4.16761858592196e-13 8.87229567182691e-15 1.44895440171357e-16 1.81523755709066e-18 1.7444697726062e-20 1.28598910288688e-22 7.27191448732664e-25 3.15422428304807e-27 1.04945582201586e-29 2.67830234794249e-32 5.24294707251256e-35 7.87242957306124e-38 9.06685984979339e-41 8.00972312319954e-44 5.42735866352095e-47 2.82077286839374e-50 1.12448752223049e-53 3.43832250768292e-57 8.06385463957095e-61 1.45057995961063e-64 2.00143947738303e-68 2.11808828590413e-72 1.71927580872758e-76 1.07040002609255e-80 5.11146004359862e-85 1.87215338763076e-89 5.25938347960355e-94 1.13324706429644e-98 1.8728809427922e-103 2.37405638877589e-108 2.30816423156524e-113 1.72122148697359e-118 9.84466123159878e-124 4.31875308237027e-129 1.45314581978072e-134 3.75018686169412e-140 7.42316637282606e-146 1.12698403022872e-151 1.31231573090096e-157 1.17206218247502e-163 8.02887087264196e-170 4.21841754448229e-176 1.69994828699298e-182 5.25427386229132e-189 1.24560503803701e-195 2.26484497010351e-202 3.15854379093919e-209 3.37851195602797e-216 2.77174962186285e-223 1.74410394683842e-230 8.41744763696923e-238 3.11586073893403e-245 8.84636968629309e-253 1.92637768475438e-260 3.21741429158905e-268 4.12155992028651e-276 4.04953566630663e-284 3.05167104668212e-292 1.76383919543284e-300 7.81931938532302e-309 2.65868828635498e-317 0 0 0 0 0 0 0 0 0 0 0 0 0 0 0 0 0 0 0 0 0 0 0 0 0 0 0 0 0 0 0 0 0 0 0 0 0 0 0 0 0 0 0 0 0 0
3.06405609906359 2.68926097359687 1.8141674429469 0.944368511840323 0.384985084139114 0.130804854560675 0.0467592583102233 0.0260101575473462 0.0206941793330038 0.0168046893871991 0.0125815056310933 0.00906242228750898 0.00687630339196033 0.00580906365830151 0.00536847171413066 0.00520959713531402 0.00518515562802492 0.00525629172852277 0.00542736345795633 0.00571936443083623 0.00615388141322391 0.00673256633393245 0.00742201289027886 0.00817386633737132 0.00902392246296839 0.010371619966639 0.0135934393313492 0.0216675827954117 0.0380945654691233 0.0623559571354035 0.0852800388573227 0.0928763666133704 0.0789736415189012 0.0519873719389878 0.0263895996219826 0.0103088134846154 0.00309555743175046 0.00071405913418814 0.000126477244055551 1.71970087303307e-05 1.79462033807748e-06 1.43718302058095e-07 8.83136408022489e-09 4.16377135219604e-10 1.5061354911886e-11 4.17964566828514e-13 8.89810097790601e-15 1.45319817631872e-16 1.82058738399498e-18 1.74964000232687e-20 1.28981993494462e-22 7.29367724705787e-25 3.16370393094057e-27 1.05262206375604e-29 2.68641164120825e-32 5.2588735691781e-35 7.89641598474949e-38 9.09456280683407e-41 8.03425945633163e-44 5.44402429538545e-47 2.82945382558271e-50 1.12795530270265e-53 3.44894625221374e-57 8.08881489905038e-61 1.45507743754988e-64 2.00765446298294e-68 2.12467493801886e-72 1.72462939690713e-76 1.07373722989531e-80 5.12741441663168e-85 1.87800314074822e-89 5.27583316167676e-94 1.13679471553461e-98 1.87874892672948e-103 2.38150032337567e-108 2.31540663600285e-113 1.72662567519915e-118 9.87558884687373e-124 4.33232781912277e-129 1.45771550301206e-134 3.76198493538032e-140 7.44652821174703e-146 1.13053195497968e-151 1.31644823918046e-157 1.17575387472367e-163 8.05416444132048e-170 4.23170886085881e-176 1.70530501422364e-182 5.27083175539026e-189 1.24953044741924e-195 2.27198236114021e-202 3.16849713402499e-209 3.38915764277588e-216 2.7804824291898e-223 1.74959821443228e-230 8.44395958888187e-238 3.12567256375702e-245 8.87422026755618e-253 1.93244079317312e-260 3.2275378498094e-268 4.13452418807598e-276 4.06226893572878e-284 3.06126304625515e-292 1.76938105878907e-300 7.8438766539923e-309 2.66703503137582e-317 0 0 0 0 0 0 0 0 0 0 0 0 0 0 0 0 0 0 0 0 0 0 0 0 0 0 0 0 0 0 0 0 0 0 0 0 0 0 0 0 0 0 0 0 0
4.9013076154307 4.30304669359189 2.9047351579594 1.51463887131449 0.620054617009651 0.211874404470796 0.0744633700898677 0.0389880605313547 0.0307379910464377 0.0267475830951371 0.0219142651598113 0.0165334205213919 0.0121216190830507 0.00942301936175887 0.00813910316479312 0.00763944776865854 0.00748932464628515 0.00750785563605814 0.00765086107447644 0.0079234627678565 0.00833950133704323 0.00889770396683669 0.00956851654610908 0.010305552359636 0.0110942196866917 0.0120808897911654 0.0139687000253416 0.0189424373383634 0.0315942230601642 0.0572187001695711 0.0948652474136097 0.130336657395287 0.142155936557216 0.120922086101511 0.079601106376671 0.0404013412570557 0.0157796309762918 0.00473750825337405 0.00109262490729887 0.000193499357210009 2.63060041665437e-05 2.74481913718488e-06 2.19784106971928e-07 1.35038767060062e-08 6.36600503937906e-10 2.30248145773016e-11 6.38889531254519e-13 1.36000264830188e-14 2.22087970798084e-16 2.78208832106625e-18 2.67342808971682e-20 1.97065399788947e-22 1.11426949165276e-24 4.83284347525308e-27 1.60784153761783e-29 4.10305938930203e-32 8.03143119367273e-35 1.20585651253485e-37 1.38871525976664e-40 1.22671396641003e-43 8.31158492816044e-47 4.31949477268014e-50 1.72182479281223e-53 5.26441791825081e-57 1.23457024203683e-60 2.22067023219731e-64 3.06375510280767e-68 3.24208744642123e-72 2.63145035287631e-76 1.6381911428307e-80 7.82225790780056e-85 2.86481870603613e-89 8.04746244920891e-94 1.73387176287656e-98 2.86530351238946e-103 3.63177904186949e-108 3.53071655217834e-113 2.63269467090158e-118 1.50567738357167e-123 6.60475582144906e-129 2.22215655602262e-134 5.73436390705282e-140 1.13498009250338e-145 1.72299231306471e-151 2.00618168406618e-157 1.7916317414269e-163 1.22720907029632e-169 6.44732342278512e-176 2.59795265316453e-182 8.02922592179724e-189 1.90329717068889e-195 3.46042803315297e-202 4.82550938241177e-209 5.16114983092241e-216 4.23389004351362e-223 2.66392713361697e-230 1.28556673787697e-237 4.75834908720492e-245 1.35085033359634e-252 2.94135409759804e-260 4.91220423224906e-268 6.29208294564536e-276 6.18160541605375e-284 4.65797162300506e-292 2.6920369783709e-300 1.19331125882774e-308 4.05709267847533e-317 0 0 0 0 0 0 0 0 0 0 0 0 0 0 0 0 0 0 0 0 0 0 0 0 0 0 0 0 0 0 0 0 0 0 0 0 0 0 0 0 0 0 0 0
4.89862026112117 4.30004061175952 2.90134917737229 1.51067810727917 0.615936240131743 0.208605923001035 0.0725619229641046 0.0380925550278126 0.0307182122167196 0.0283245120393626 0.0254762559647101 0.021064531469458 0.0160031428101976 0.0118349020242923 0.00929280685496759 0.00810147002511506 0.00766451280951845 0.00757188045237866 0.0076561302884682 0.00787769540785435 0.00823456799383252 0.00871721711935961 0.00929086492892473 0.00990282217772616 0.0105101676151657 0.0111231501112995 0.0119249238566487 0.0136702142654833 0.018598694971368 0.0313241409663994 0.0571130296010673 0.0949574967321415 0.130595330404528 0.142492401058163 0.121229554473834 0.079811883791924 0.0405114707376798 0.0158236736551683 0.00475100477147145 0.00109579495028018 0.000194070079977066 2.63847638327399e-05 2.75315026914603e-06 2.20459618960597e-07 1.35458624964333e-08 6.38600944253942e-10 2.30978809905375e-11 6.40935476877092e-13 1.3643947190846e-14 2.22810836565966e-16 2.79120994830324e-18 2.68225331079879e-20 1.9772007933361e-22 1.11799334174563e-24 4.84908494310439e-27 1.61327324815917e-29 4.11698884102802e-32 8.05882324713653e-35 1.20998712812018e-37 1.39349176726408e-40 1.23094958644216e-43 8.3403880290069e-47 4.33451517853107e-50 1.72783166410184e-53 5.28284017966842e-57 1.23890304478369e-60 2.22848523941953e-64 3.07456514053126e-68 3.25355484842152e-72 2.64077957216211e-76 1.64401177623554e-80 7.85010898200725e-85 2.87503897512144e-89 8.07622538195373e-94 1.74007982575586e-98 2.8755797156814e-103 3.64482465009937e-108 3.54341797489407e-113 2.64217881271295e-118 1.51110866736384e-123 6.62861012937318e-129 2.23019166971469e-134 5.75512159882009e-140 1.13909280932821e-145 1.72924176752504e-151 2.01346484225653e-157 1.7981414635653e-163 1.23167149528066e-169 6.47078438549063e-176 2.60741257987687e-182 8.05848073575107e-189 1.91023582238381e-195 3.47304984014307e-202 4.84311848312092e-209 5.17999163500785e-216 4.24935247893926e-223 2.67365917271158e-230 1.29026460493379e-237 4.77574186359773e-245 1.35578898963775e-252 2.95210935151872e-260 4.93016830917559e-268 6.31509534001127e-276 6.2042149532601e-284 4.67500868824751e-292 2.70188324114052e-300 1.1976756316154e-308 4.0719289757543e-317 0 0 0 0 0 0 0 0 0 0 0 0 0 0 0 0 0 0 0 0 0 0 0 0 0 0 0 0 0 0 0 0 0 0 0 0 0 0 0 0 0 0 0
4.89649388848446 4.29760257558437 2.89878024872474 1.50774677104069 0.612347260591203 0.204750679134497 0.069439705800725 0.036233165329121 0.0298041692828612 0.028251703335334 0.0269452571514243 0.0244492159202326 0.0203283507510811 0.0155463651106721 0.0116010140407912 0.00920591853605814 0.00810589888730614 0.00773659938415509 0.00771086982580149 0.007870376181638 0.0081698626617466 0.00858576184042493 0.00907867322817194 0.00959431600243248 0.0100836748754285 0.0105247102709708 0.0109591443541943 0.0116171022956315 0.0133032743934711 0.0182737175956846 0.0311157960117582 0.0570616523100389 0.0950813886955698 0.130878592862898 0.14286117652768 0.121574128049343 0.0800530283008302 0.0406394209430515 0.0158753860931394 0.00476696054994784 0.00109955827329709 0.000194749151094829 2.64785623925379e-05 2.7630720896775e-06 2.21263574294701e-07 1.35957758860562e-08 6.40975723805789e-10 2.31844795194677e-11 6.43356094514694e-13 1.36958162574561e-14 2.23662931754267e-16 2.80194219140468e-18 2.69261752678057e-20 1.98487517378265e-22 1.12235072396457e-24 4.86805618346222e-27 1.61960704255557e-29 4.13320467442699e-32 8.09066004078297e-35 1.21478049560519e-37 1.39902627794465e-40 1.23585019314392e-43 8.37366601076065e-47 4.3518454149238e-50 1.73475309344586e-53 5.30404008494683e-57 1.24388295574547e-60 2.2374566590986e-64 3.08696037847076e-68 3.2666890780542e-72 2.65145320198764e-76 1.65066418685657e-80 7.88190749243854e-85 2.88669623901181e-89 8.10900091728787e-94 1.74714735090767e-98 2.88726798825894e-103 3.65964981776511e-108 3.55783966144647e-113 2.65293851913998e-118 1.51726544458805e-123 6.65562953350894e-129 2.2392859433955e-134 5.77859795917102e-140 1.143740792427e-145 1.73629957542041e-151 2.02168437457676e-157 1.80548316626757e-163 1.23670093139868e-169 6.49720938526917e-176 2.61806097694087e-182 8.09139069646127e-189 1.9180367219483e-195 3.48723180812442e-202 4.86289287264426e-209 5.20113843718132e-216 4.26669697166045e-223 2.68456990802182e-230 1.29552868126996e-237 4.79522084707182e-245 1.36131722535721e-252 2.96414260762481e-260 4.95025721542813e-268 6.34081742220588e-276 6.22947492225093e-284 4.69403420769059e-292 2.7128737398749e-300 1.20254503315557e-308 4.08847622236482e-317 0 0 0 0 0 0 0 0 0 0 0 0 0 0 0 0 0 0 0 0 0 0 0 0 0 0 0 0 0 0 0 0 0 0 0 0 0 0 0 0 0 0
4.8948969115271 4.29566196274381 2.89670691674488 1.50556358908121 0.60973074250106 0.201408743926837 0.0657778547588016 0.0332319088985012 0.0279853479501278 0.0273269995930591 0.026829901473918 0.0258224430457069 0.0235497317995105 0.0196793706357562 0.0151527561135183 0.011416294208847 0.00916339727541359 0.00815745906878358 0.00786360552318439 0.00791257563578439 0.0081451150002679 0.00849736359692591 0.00891937688358479 0.00935537883910857 0.00975491721753391 0.0100866061522222 0.010355783047494 0.0106483452803939 0.0112425157782346 0.0129564914561224 0.0180145775833625 0.03096752758851 0.0570433013229001 0.0952218691277803 0.131179872228482 0.143255091662797 0.121944466696352 0.0803129015426202 0.0407773122874467 0.0159310332495287 0.00478409183826796 0.00110358853124213 0.000195474483878693 2.65784947248378e-05 2.77361701368436e-06 2.2211607007427e-07 1.36485905573076e-08 6.43483596132297e-10 2.32757648146037e-11 6.45903414305988e-13 1.37503149876097e-14 2.2455692755015e-16 2.8131869813461e-18 2.70346305127217e-20 1.99289650738326e-22 1.12690008556528e-24 4.88784279152271e-27 1.62620663179514e-29 4.15008549511189e-32 8.12377366827741e-35 1.21976200745395e-37 1.40477353708263e-40 1.24093540494392e-43 8.40817315066028e-47 4.36980362925999e-50 1.7419206957142e-53 5.32598041861446e-57 1.24903373488106e-60 2.24673060559032e-64 3.09976655895275e-68 3.28025156373067e-72 2.66246922278707e-76 1.65752660233054e-80 7.91469413927156e-85 2.89871018213062e-89 8.14276410777774e-94 1.7544246700758e-98 2.89929811047451e-103 3.6749022784256e-108 3.57267104210646e-113 2.66399954831207e-118 1.52359221737577e-123 6.68338458926984e-129 2.24862440907859e-134 5.80269606292557e-140 1.1485102003639e-145 1.74353927662451e-151 2.0301129015451e-157 1.81300905615545e-163 1.24185487233247e-169 6.52427990873385e-176 2.62896607906648e-182 8.12508363581013e-189 1.92602079210087e-195 3.50174243781018e-202 4.88311956288406e-209 5.22276264504394e-216 4.28442794476142e-223 2.69572060634586e-230 1.30090702850987e-237 4.81511717923838e-245 1.36696236580386e-252 2.97642701322819e-260 4.97075992829111e-268 6.36706241212128e-276 6.25524166355025e-284 4.71343639499998e-292 2.72407895234602e-300 1.20750830199919e-308 4.10533720066044e-317 0 0 0 0 0 0 0 0 0 0 0 0 0 0 0 0 0 0 0 0 0 0 0 0 0 0 0 0 0 0 0 0 0 0 0 0 0 0 0 0 0
4.89370308994706 4.29420008852805 2.8950687825892 1.50382256554973 0.607814833001125 0.19899527708231 0.0626160793380908 0.0297331398784779 0.0250953054956161 0.0255499889576397 0.0259008218765883 0.0256726119942709 0.0248369784445414 0.0227492540025838 0.0191053924184785 0.0148173045895782 0.0112809002774722 0.00916958924403636 0.00826312578770566 0.00805057447568743 0.00817053261603368 0.00845104144010272 0.00880615099270444 0.00917251747265761 0.00949834026513282 0.00974804441475718 0.00991423746868612 0.0100443421449701 0.010271721059277 0.0108880150478585 0.0126774912330326 0.0178205209907899 0.0308573147287799 0.0570414730150515 0.0953733140868929 0.131496050647989 0.143666946586781 0.122330342939261 0.0805826078716687 0.0409198566322129 0.0159883491571052 0.00480167998858831 0.00110771462174657 0.000196215246310146 2.66803353692272e-05 2.78434327425037e-06 2.22981803837567e-07 1.37021474652189e-08 6.46023419775997e-10 2.33681056573075e-11 6.4847748321821e-13 1.38053334377437e-14 2.25458661321565e-16 2.82452000477622e-18 2.71438557944216e-20 2.00096923934615e-22 1.13147566432055e-24 4.90773149143578e-27 1.63283653494769e-29 4.16703484571063e-32 8.15700501639676e-35 1.22475884477255e-37 1.4105358609767e-40 1.24603173772516e-43 8.44274142272777e-47 4.38778650690704e-50 1.74909539903173e-53 5.34793440362029e-57 1.25418588715118e-60 2.25600383572306e-64 3.11256748519768e-68 3.2938041021301e-72 2.67347370427737e-76 1.66437973158185e-80 7.94742664912321e-85 2.91070079337493e-89 8.1764521289105e-94 1.76168376251699e-98 2.91129482279621e-103 3.69010830205458e-108 3.58745337404232e-113 2.67502114352796e-118 1.52989482833242e-123 6.7110267109881e-129 2.25792257636476e-134 5.82668432010836e-140 1.15325672386137e-145 1.75074252506171e-151 2.0384970156315e-157 1.8204935457082e-163 1.24697927911898e-169 6.55118915817343e-176 2.63980375868726e-182 8.15856074292723e-189 1.93395194950068e-195 3.51615371213918e-202 4.90320334495604e-209 5.24422938205057e-216 4.30202597695003e-223 2.70678531101565e-230 1.30624275177606e-237 4.83485161070309e-245 1.37256037861488e-252 2.988606281437e-260 4.9910828725238e-268 6.39307180793163e-276 6.28077174433178e-284 4.7326563548924e-292 2.73517660687107e-300 1.21242290487366e-308 4.12203019663648e-317 0 0 0 0 0 0 0 0 0 0 0 0 0 0 0 0 0 0 0 0 0 0 0 0 0 0 0 0 0 0 0 0 0 0 0 0 0 0 0 0
4.89275733748733 4.29310584490676 2.89385601381178 1.5024684640127 0.606305909640802 0.197247253102259 0.0603441186025597 0.026721127973232 0.02174516799165 0.0227656424516216 0.024166675750547 0.0247439563220061 0.0246590395722746 0.0239586286220596 0.0220339449373087 0.0185999464719386 0.0145390203032276 0.0111982502498888 0.0092304879419278 0.00842677441430678 0.00829015975389056 0.00845606706866324 0.00873729721342543 0.00903821978599196 0.00929984495863219 0.00948293411119462 0.0095730483403626 0.00960313760706628 0.00966773061776385 0.00991443349111113 0.0106016781616453 0.0124666740398003 0.0176693119633516 0.0307668858959303 0.0570495933191536 0.0955345942228985 0.131823857211698 0.144089435021915 0.122723303745966 0.0808557471833598 0.0410635954929182 0.0160459501120676 0.0048193079320515 0.00111184099676658 0.000196954722578424 2.67818454211949e-05 2.79502096336274e-06 2.23842661699062e-07 1.37553511945382e-08 6.48544339424221e-10 2.3459689398166e-11 6.51028697777424e-13 1.38598294910157e-14 2.26351325530234e-16 2.83573317272342e-18 2.72518735773482e-20 2.00894912379076e-22 1.1359967067281e-24 4.92737532688103e-27 1.63938235301389e-29 4.18376326928047e-32 8.18979207761822e-35 1.22968727768996e-37 1.41621753372772e-40 1.25105523781294e-43 8.47680584428741e-47 4.40550233250633e-50 1.75616164483166e-53 5.36955083995081e-57 1.25925752685388e-60 2.26512987730818e-64 3.1251621605548e-68 3.30713509960401e-72 2.68429576666406e-76 1.67111771076395e-80 7.97960190553479e-85 2.9224846519031e-89 8.2095520202169e-94 1.76881458324716e-98 2.92307703121098e-103 3.70503928558376e-108 3.60196529631164e-113 2.68583888352001e-118 1.53607959671617e-123 6.7381464726334e-129 2.26704318936357e-134 5.85020977945774e-140 1.15791074442882e-145 1.75780398914285e-151 2.04671447636732e-157 1.82782781911633e-163 1.2519998519018e-169 6.57754799757187e-176 2.65041768991317e-182 8.1913403195696e-189 1.94171634426191e-195 3.53025923461856e-202 4.92285721810696e-209 5.26523254089472e-216 4.31924064578496e-223 2.71760688421816e-230 1.31146022088842e-237 4.85414494130923e-245 1.37803220659416e-252 3.0005087117387e-260 5.01094002218048e-268 6.41848014766778e-276 6.30570700122666e-284 4.75142485846188e-292 2.74601147793382e-300 1.21722019742753e-308 4.13832052911116e-317 0 0 0 0 0 0 0 0 0 0 0 0 0 0 0 0 0 0 0 0 0 0 0 0 0 0 0 0 0 0 0 0 0 0 0 0 0 0 0
4.8919534090819 4.29223763951508 2.89297004003997 1.5014958521175 0.605150997421387 0.195882438552453 0.0587079394874795 0.0245624455494933 0.0188679596247617 0.0195546930158259 0.021483435038688 0.0230531708919218 0.0237345017098068 0.023757711324167 0.0231722837624491 0.0213960320381488 0.0181607943962256 0.0143201881978063 0.0111732233234218 0.00934880276070265 0.00864024202609227 0.00855426468508628 0.00872115856127111 0.008950188837143 0.00915146708153433 0.00927683146327124 0.0093057876615747 0.00926274622184468 0.00922743281926182 0.00930947371337273 0.00962484620535273 0.0103851125369484 0.0123021411783588 0.017541367879665 0.0306879783725109 0.0570666179645372 0.0957049334636612 0.13215920055316 0.144515910978065 0.123116864408251 0.0811278815141836 0.0412062813613013 0.0161029752488088 0.00483672387615859 0.001115911179312 0.000197683180457619 2.68817355638982e-05 2.80551874690515e-06 2.24688358158241e-07 1.38075825600484e-08 6.51017708828271e-10 2.35494977436638e-11 6.53529251286703e-13 1.39132199449215e-14 2.27225526953124e-16 2.84671032009779e-18 2.73575809246527e-20 2.01675577206181e-22 1.14041823801922e-24 4.9465811725715e-27 1.64578043932982e-29 4.20010979306679e-32 8.22182242650342e-35 1.23450077573745e-37 1.42176538033071e-40 1.25595927785583e-43 8.51005270935219e-47 4.42278917097083e-50 1.76305529979202e-53 5.39063485947467e-57 1.26420322815771e-60 2.27402749192474e-64 3.13743912762175e-68 3.32012724528909e-72 2.69484068965515e-76 1.67768186968787e-80 8.01094113194537e-85 2.93396014350959e-89 8.24177965797982e-94 1.77575619103081e-98 2.934544467823e-103 3.71956868084647e-108 3.61608429375597e-113 2.69636178518607e-118 1.54209469436962e-123 6.7645174086114e-129 2.27591034354727e-134 5.87307729490927e-140 1.16243377840169e-145 1.76466545646544e-151 2.05469774154941e-157 1.83495176541409e-163 1.25687555616413e-169 6.60314156450073e-176 2.66072157773276e-182 8.22315652376853e-189 1.94925116003099e-195 3.54394515553541e-202 4.94192291181643e-209 5.28560335911912e-216 4.3359339260914e-223 2.72809874020996e-230 1.31651777393982e-237 4.87284341380908e-245 1.38333432513129e-252 3.01203980318311e-260 5.03017400121487e-268 6.44308641030287e-276 6.32985048967075e-284 4.76959391124617e-292 2.75649826629176e-300 1.2218624708785e-308 4.15408221134478e-317 0 0 0 0 0 0 0 0 0 0 0 0 0 0 0 0 0 0 0 0 0 0 0 0 0 0 0 0 0 0 0 0 0 0 0 0 0 0
4.89123874374941 4.2914980033785 2.89228156271597 1.50081506286847 0.604346061260848 0.194849168145036 0.0574365581684119 0.02301218220184 0.0168089802441544 0.016802573745914 0.018403808366394 0.0204666867787259 0.0220871157614192 0.0228401606294302 0.0229525675689979 0.0224691435887788 0.0208321423620672 0.0177890071411796 0.0141644287197959 0.0112072933331224 0.00951556030534838 0.00887594454875799 0.00879741091565258 0.00891594205881285 0.0090504897056485 0.00912151579657305 0.00909780979433082 0.00899648113525993 0.00888839168632765 0.00886906868522816 0.00901805314798662 0.00940568428655215 0.0102170841441364 0.0121636096435986 0.0174268501577771 0.0306186139624095 0.0570926636791196 0.0958826292451694 0.132497762939643 0.144940897174874 0.12350629492195 0.0813959921733594 0.0413464495283088 0.0161588786524195 0.00485377099437788 0.00111989041999925 0.000198394682750036 2.6979224066668e-05 2.8157573586255e-06 2.25512707169816e-07 1.38584701925873e-08 6.53426385359828e-10 2.36369224594165e-11 6.55962560986234e-13 1.39651574812972e-14 2.28075678397659e-16 2.85738242602361e-18 2.74603231624168e-20 2.0243415109875e-22 1.1447136091258e-24 4.96523468540091e-27 1.65199313875548e-29 4.21597924804012e-32 8.25291147711353e-35 1.23917186561563e-37 1.42714802370553e-40 1.26071636079185e-43 8.54229712657033e-47 4.43955163521408e-50 1.76973860731463e-53 5.4110718013106e-57 1.2689962765795e-60 2.28264892903244e-64 3.14933290746769e-68 3.33271165664662e-72 2.7050528835693e-76 1.68403779314114e-80 8.04128088312335e-85 2.94506772195105e-89 8.27296862739771e-94 1.78247290950188e-98 2.94563846261156e-103 3.73362247704874e-108 3.62973874979583e-113 2.70653669053715e-118 1.54790985516183e-123 6.79000733583343e-129 2.28447975736129e-134 5.89517307875458e-140 1.16680339775323e-145 1.77129301858441e-151 2.06240748844418e-157 1.84183040646267e-163 1.26158252670848e-169 6.62784496339148e-176 2.67066528714033e-182 8.25385499165125e-189 1.95651994162082e-195 3.5571454388917e-202 4.96030867555367e-209 5.30524405861658e-216 4.35202589360099e-223 2.73821076965726e-230 1.3213913140759e-237 4.89085814843959e-245 1.38844158959836e-252 3.02314499426011e-260 5.04869400133936e-268 6.46677467496214e-276 6.35308871013302e-284 4.78707827748079e-292 2.76658787614801e-300 1.22632803517231e-308 4.16924063942484e-317 0 0 0 0 0 0 0 0 0 0 0 0 0 0 0 0 0 0 0 0 0 0 0 0 0 0 0 0 0 0 0 0 0 0 0 0 0
4.89058964678084 4.29083909421409 2.89170170383926 1.50030654956596 0.603807434570739 0.194143466367906 0.0564796392106121 0.0218105412449146 0.0153323671095078 0.0148349361169112 0.0157688988661661 0.0175112340028871 0.0195931786343244 0.0212358707348202 0.0220442262214859 0.0222340242991228 0.0218449186084248 0.0203422287692607 0.0174868972330064 0.0140718900380925 0.0112906191366243 0.00970359267816604 0.0090906797245907 0.00897314972364005 0.00900375655568701 0.00901400311439076 0.00894074561901253 0.0087895448776606 0.00862368885063027 0.00853041460713279 0.00857650605308849 0.00879716767858916 0.009236506349208 0.0100770742367132 0.0120400858822016 0.0173226161007224 0.0305587612607475 0.0571272458056246 0.0960653034350236 0.132835618333686 0.145360179665759 0.123888254569177 0.0816580485182046 0.041483143419833 0.0162133104856225 0.00487035006448944 0.00112375693237192 0.00019908553232639 2.70738267310804e-05 2.82568791468774e-06 2.26311907732947e-07 1.39077866280009e-08 6.55759898533303e-10 2.37215929791102e-11 6.58318547005715e-13 1.40154314276126e-14 2.28898397488963e-16 2.86770778328293e-18 2.75597053741596e-20 2.03167762985325e-22 1.14886679583566e-24 4.98326721230922e-27 1.6579978748101e-29 4.23131465277114e-32 8.28294885642551e-35 1.2436841406611e-37 1.43234674912365e-40 1.26531010588444e-43 8.57342908072222e-47 4.4557330326493e-50 1.77618915232306e-53 5.43079366962816e-57 1.2736208472051e-60 2.29096593284294e-64 3.16080479471037e-68 3.34484765892434e-72 2.71489955696239e-76 1.6901652009643e-80 8.07052494222381e-85 2.95577236901721e-89 8.30302116094798e-94 1.78894380003444e-98 2.95632461623475e-103 3.74715732347356e-108 3.64288675779768e-113 2.71633252494517e-118 1.5535074039688e-123 6.81453913746565e-129 2.29272562228089e-134 5.91643087858557e-140 1.17100655694191e-145 1.77766697206297e-151 2.06982089056447e-157 1.84844345837543e-163 1.26610693818189e-169 6.65158591522283e-176 2.68021983419138e-182 8.28334657554097e-189 1.9635016576261e-195 3.56982202803115e-202 4.97796168967139e-209 5.32409841025093e-216 4.36747063622995e-223 2.74791421905394e-230 1.32606702945398e-237 4.90813825805057e-245 1.39333961998792e-252 3.03379311736711e-260 5.06644820941953e-268 6.48947887725397e-276 6.37535705481481e-284 4.80382949626435e-292 2.77625242793685e-300 1.23060458854065e-308 4.18375529996836e-317 0 0 0 0 0 0 0 0 0 0 0 0 0 0 0 0 0 0 0 0 0 0 0 0 0 0 0 0 0 0 0 0 0 0 0 0
4.88999015161486 4.29023660132796 2.89118556638879 1.49988731516534 0.60342235843696 0.193685585226729 0.0558323963894056 0.0209078399732352 0.0141876979382613 0.0134222638451171 0.013882563317376 0.0149814413444563 0.0167481398600743 0.0188212199289143 0.0204719172618439 0.0213256453461175 0.0215863395709404 0.0212884295252457 0.0199185346101557 0.0172468784225682 0.0140283711222963 0.0113953662340508 0.00987223085867833 0.00924221052441066 0.00904848187389964 0.00896200683111552 0.00883281740507933 0.00863479154268024 0.00841965930367496 0.00826761783307101 0.00823834446041762 0.00835546228490038 0.008628397331146 0.00909810495881747 0.00995470416353134 0.011929021620387 0.017230327739296 0.0305121642420153 0.0571763046982532 0.0962623631843725 0.13318593554055 0.14578856860116 0.12427567514103 0.0819227332636228 0.041620835074685 0.0162680368117284 0.00488699584802959 0.00112763488355386 0.000199777838824314 2.71685628911217e-05 2.83562665197431e-06 2.27111363537772e-07 1.39570970702421e-08 6.58092215536122e-10 2.38061903455729e-11 6.60671745362906e-13 1.40656311611468e-14 2.29719679018038e-16 2.87801248679243e-18 2.76588651758013e-20 2.03899568312674e-22 1.15300886827389e-24 5.00124780396338e-27 1.66398414100191e-29 4.24659999395822e-32 8.31288269410604e-35 1.24818006214409e-37 1.43752573657528e-40 1.26988563657506e-43 8.60443246612866e-47 4.47184498917009e-50 1.78261099083818e-53 5.4504246860657e-57 1.27822340050557e-60 2.29924207212612e-64 3.17221858634973e-68 3.35692038949379e-72 2.72469343537662e-76 1.69625885414071e-80 8.09960362690913e-85 2.9664149251097e-89 8.33289502851386e-94 1.79537528720883e-98 2.96694416214604e-103 3.76060586501888e-108 3.65594904557412e-113 2.72606309377405e-118 1.55906685915258e-123 6.83890048774456e-129 2.30091301621641e-134 5.93753490446389e-140 1.17517871073702e-145 1.7839929949611e-151 2.07717748367698e-157 1.8550048855052e-163 1.27059537947316e-169 6.67513470097965e-176 2.68969566464941e-182 8.31259092056245e-189 1.97042383030617e-195 3.58238866091795e-202 4.99545900630591e-209 5.34278370919157e-216 4.38277462991013e-223 2.75752781095744e-230 1.33069875495189e-237 4.92525323093714e-245 1.39819011358894e-252 3.04433630701309e-260 5.08402479470444e-268 6.51195251829037e-276 6.3973959013616e-284 4.82040553714118e-292 2.78581444077452e-300 1.23483511522426e-308 4.19811037730828e-317 0 0 0 0 0 0 0 0 0 0 0 0 0 0 0 0 0 0 0 0 0 0 0 0 0 0 0 0 0 0 0 0 0 0 0
4.88943580194569 4.28968284746691 2.89071728645054 1.49952015849871 0.603115170845444 0.193369883130486 0.0554201000103071 0.0203014650827847 0.0133310494379746 0.0123307435612095 0.0125323234365385 0.0131762925410347 0.0143246212156133 0.0160901420308728 0.0181438927146766 0.0197962506937367 0.0206905957265811 0.0210192334523049 0.0208106039255445 0.0195680559212616 0.0170640193978647 0.0140107911985306 0.0114831478554389 0.00998028037628466 0.00929700271123075 0.00899812211696637 0.00877837082904638 0.00852745862328728 0.00826631460093806 0.00806424750826314 0.00797496694261531 0.00801603220090098 0.00818573073666314 0.00849011656263742 0.00897687841935862 0.00984353953506236 0.0118274412087823 0.0171472871786712 0.0304739441900475 0.0572306042641941 0.0964587794634114 0.133528680158861 0.146204745556506 0.124650740624305 0.0821784639104259 0.0417536984612605 0.0163207973204001 0.00490303321565825 0.00113136920007664 0.000200444230329217 2.72597216290138e-05 2.84518727235439e-06 2.27880205240071e-07 1.40045082093989e-08 6.60334221478566e-10 2.38874959294985e-11 6.62932958900649e-13 1.41138601308669e-14 2.3050858509139e-16 2.88790935671707e-18 2.77540853616377e-20 2.04602189771561e-22 1.15698514952255e-24 5.01850609339418e-27 1.6697290707125e-29 4.26126692049191e-32 8.3416012009772e-35 1.25249280639896e-37 1.44249297847909e-40 1.27427344061351e-43 8.63415938637884e-47 4.48729126567534e-50 1.7887665745701e-53 5.46923892040879e-57 1.28263378043671e-60 2.30717142702664e-64 3.18315241677066e-68 3.36848363216392e-72 2.73407250933344e-76 1.70209348608322e-80 8.12744177309098e-85 2.9766017922568e-89 8.36148505734593e-94 1.80152935518872e-98 2.97710393146501e-103 3.7734699641245e-108 3.66844153477923e-113 2.73536758781219e-118 1.56438195141132e-123 6.86218693353487e-129 2.30873775855386e-134 5.95770051625535e-140 1.17916461950802e-145 1.7900355132731e-151 2.08420308231155e-157 1.861269920522e-163 1.27488025827725e-169 6.69761119236682e-176 2.69873826819284e-182 8.34049280387615e-189 1.97702694222728e-195 3.59437368653985e-202 5.01214317208963e-209 5.36059704684297e-216 4.39736147690748e-223 2.76668902285848e-230 1.33511161191627e-237 4.94155603243074e-245 1.40280945586778e-252 3.0543749174941e-260 5.10075659462793e-268 6.53334136481017e-276 6.41836635126197e-284 4.8361745262705e-292 2.79490887571188e-300 1.23885786838685e-308 4.21175745857771e-317 0 0 0 0 0 0 0 0 0 0 0 0 0 0 0 0 0 0 0 0 0 0 0 0 0 0 0 0 0 0 0 0 0 0
4.88892037433348 4.28917047616026 2.89028777422746 1.49918937913771 0.602850347931963 0.193123965799197 0.0551410543764796 0.0199182390061106 0.0127570536369863 0.0115145101216364 0.0114892504146858 0.0118839871342021 0.0125955720472911 0.0137667868968321 0.0155207010530203 0.0175508681142847 0.0192030216299202 0.0201367186040789 0.0205319059966009 0.0204079723560517 0.0192781882389076 0.0169116093459312 0.0139811441206149 0.0115155786146865 0.00999714324557232 0.00923133786571261 0.00880996386898748 0.00847297770915444 0.00816021205788698 0.0079116254357838 0.00777122506572259 0.00775159304908412 0.00784537154711039 0.00804734422027994 0.00836988091261421 0.00886734572112166 0.00974183790497122 0.011734861051483 0.0170729701493886 0.0304430570301856 0.0572885733588358 0.0966526912744048 0.133862036475259 0.146607241598489 0.125012476276483 0.0824247177470868 0.0418815100145302 0.0163715165144932 0.00491844218435684 0.00113495575787408 0.000201084045692208 2.73472208332288e-05 2.85436189137556e-06 2.28617848388158e-07 1.40499866386474e-08 6.62484445266185e-10 2.39654598592322e-11 6.65100886781786e-13 1.41600922427989e-14 2.31264713333764e-16 2.89739362493357e-18 2.78453225246373e-20 2.05275323864044e-22 1.16079401016e-24 5.03503536473973e-27 1.67523053934535e-29 4.27531027439334e-32 8.36909476894248e-35 1.25662100039812e-37 1.44724696983262e-40 1.27847225284326e-43 8.66260168629235e-47 4.50206783185824e-50 1.79465437669429e-53 5.48723193948031e-57 1.28685100062501e-60 2.31475231607858e-64 3.19360409029379e-68 3.37953519114734e-72 2.74303509752651e-76 1.70766811136893e-80 8.15403496115419e-85 2.98633145417787e-89 8.38878726976166e-94 1.80740520648062e-98 2.98680270290513e-103 3.785748193218e-108 3.6803629528167e-113 2.74424514284699e-118 1.56945223429041e-123 6.88439672355103e-129 2.31619932898217e-134 5.97692654726266e-140 1.18296408684362e-145 1.79579428077653e-151 2.09089745980525e-157 1.8672384142508e-163 1.2789615086737e-169 6.71901523257566e-176 2.7073476576657e-182 8.36705249929788e-189 1.98331111362821e-195 3.60577742386836e-202 5.02801477154467e-209 5.37753919765258e-216 4.4112319349166e-223 2.77539840849378e-230 1.33930590474905e-237 4.95704792697731e-245 1.40719804494628e-252 3.06390990110837e-260 5.1166453425494e-268 6.55364782070126e-276 6.43827094711584e-284 4.85113851632762e-292 2.80353699839938e-300 1.24267344435804e-308 4.22469950817052e-317 0 0 0 0 0 0 0 0 0 0 0 0 0 0 0 0 0 0 0 0 0 0 0 0 0 0 0 0 0 0 0 0 0
4.88843894917154 4.28869390500419 2.88989112244969 1.49888763227967 0.602613993790427 0.192914613644889 0.0549264696840122 0.0196610992396692 0.0123956855434921 0.010968273616341 0.010709476965481 0.0108855671687179 0.0113572857871478 0.0121091947852451 0.0132917944399117 0.0150297753630366 0.017036305466107 0.0186894877243816 0.0196624783561488 0.0201199752028033 0.020067206796303 0.0190222825514959 0.016752908378985 0.0139030640128608 0.0114635851970267 0.00989921825451292 0.00903197769584532 0.008502422035785 0.00810636711853519 0.00780615207542941 0.00761833919525206 0.00754693451058062 0.00758003923910068 0.00770670148955741 0.00792771894806625 0.00826179836017822 0.00876732506427669 0.00964883951644798 0.0116507364117768 0.0170065622347261 0.030418332426956 0.0573487974945354 0.0968426407797845 0.134184721831516 0.146995108325727 0.125360305199837 0.0826612117304958 0.0420041594880025 0.0164201607163988 0.00493321476253032 0.0011383930956039 0.000201697080551635 2.74310388290083e-05 2.86314878431008e-06 2.2932419171094e-07 1.40935281026052e-08 6.64542767867213e-10 2.40400804527409e-11 6.67175547641165e-13 1.42043291511022e-14 2.31988109466072e-16 2.90646607909838e-18 2.79325861387449e-20 2.05919053448434e-22 1.16443598732792e-24 5.05083822644535e-27 1.68048950190751e-29 4.28873270283861e-32 8.39536896933271e-35 1.26056553626643e-37 1.45178879916335e-40 1.28248308646816e-43 8.68976656667706e-47 4.51617859787604e-50 1.80027602043007e-53 5.50440889705326e-57 1.29087631305465e-60 2.32198706700154e-64 3.20357691999669e-68 3.39007867718306e-72 2.75158421367913e-76 1.71298465673373e-80 8.17939262761251e-85 2.99560745184803e-89 8.41481184700011e-94 1.8130050843715e-98 2.99604426446261e-103 3.79744545466723e-108 3.69171816265258e-113 2.75269945648024e-118 1.57427986297356e-123 6.90553948752191e-129 2.32330102607915e-134 5.99522165989606e-140 1.18657885681677e-145 1.80127198973678e-151 2.09726380263062e-157 1.87291325839221e-163 1.28284114279544e-169 6.73935755729246e-176 2.71552822525849e-182 8.39228378585045e-189 1.98927965924059e-195 3.61660598764543e-202 5.04308245460893e-209 5.39361954498684e-216 4.42439380978483e-223 2.78366094754708e-230 1.3432840696225e-237 4.97173805449066e-245 1.41135851053756e-252 3.07294706027538e-260 5.13170085702632e-268 6.57288462764016e-276 6.45712236976851e-284 4.86530718595319e-292 2.81170447420009e-300 1.24628438638858e-308 4.23694294894011e-317 0 0 0 0 0 0 0 0 0 0 0 0 0 0 0 0 0 0 0 0 0 0 0 0 0 0 0 0 0 0 0 0
4.88798754049427 4.28824868126179 2.88952285900529 1.4986103173501 0.602399958723734 0.19272913249398 0.054744943125872 0.0194644664650881 0.0121541954615789 0.0106250175990878 0.0101878660985405 0.0101391273991879 0.0104002861367488 0.0109214250282585 0.0117013620926762 0.0128899159662474 0.0146117153396047 0.0165973471335615 0.0182535977221937 0.0192627308430223 0.0197695268020161 0.0197618068885239 0.018764784631135 0.016553318046613 0.0137487467253544 0.0113035936850085 0.00967222376371381 0.00871578601430711 0.00813442773723039 0.00775243365050352 0.00751256119661195 0.00739320549524012 0.00737451165549287 0.00744096301984939 0.00758738104749764 0.0078206655304392 0.00816333856060852 0.00867580370591624 0.00956391617209045 0.0115743440990975 0.0169471165489134 0.0303986418195723 0.0574100865060953 0.0970275294913272 0.134495871167283 0.147367784998039 0.125693940315958 0.0828878356047037 0.0421216178978678 0.0164667261482547 0.00494735151612475 0.001141681649728 0.000202283455805935 2.75111969444261e-05 2.87155060661835e-06 2.29999477349712e-07 1.41351490554323e-08 6.66510030387845e-10 2.41113902365522e-11 6.69157896469822e-13 1.42465921954608e-14 2.32679137019474e-16 2.91513144631133e-18 2.80159231657714e-20 2.0653373521743e-22 1.16791315344467e-24 5.06592389316582e-27 1.68550909490892e-29 4.3015423810515e-32 8.42044012272382e-35 1.26432890994687e-37 1.45612139105677e-40 1.28630856740299e-43 8.7156720964061e-47 4.52963309292423e-50 1.80563535781637e-53 5.52078172927699e-57 1.29471255305057e-60 2.32888084311353e-64 3.21307811466903e-68 3.40012180677161e-72 2.75972619092307e-76 1.71804710756374e-80 8.20353400286534e-85 3.00443690040041e-89 8.43957897573509e-94 1.81833338065729e-98 3.0048359430918e-103 3.80857112228098e-108 3.70251636087525e-113 2.76073744800107e-118 1.57886882978914e-123 6.92563289094878e-129 2.33004884451815e-134 6.01260145504367e-140 1.190012043161e-145 1.80647340627937e-151 2.10330770585314e-157 1.87829949031053e-163 1.28652263891161e-169 6.75865658641486e-176 2.7232874522872e-182 8.41620996791717e-189 1.99493814667031e-195 3.62686957956034e-202 5.05736055802206e-209 5.40885354156334e-216 4.43685987580691e-223 2.79148473932542e-230 1.34705004510688e-237 4.98564110459214e-245 1.41529505472078e-252 3.08149561435176e-260 5.14593865193297e-268 6.59107180838408e-276 6.47494043958628e-284 4.87869558334817e-292 2.81942006590286e-300 1.24969460816153e-308 4.2485030969215e-317 0 0 0 0 0 0 0 0 0 0 0 0 0 0 0 0 0 0 0 0 0 0 0 0 0 0 0 0 0 0 0
4.88756286198718 4.28783117122831 2.88917940941203 1.49835399103287 0.602204536922648 0.192562115478113 0.0545846336183352 0.0192984882483058 0.0119699572554152 0.0103960522411901 0.0098602777228031 0.00963972882252655 0.00968456373037965 0.0100030021246182 0.0105609093071311 0.0113626025718556 0.0125557114375047 0.0142637150940844 0.0162316781756427 0.0178896556110744 0.0189231064988254 0.0194542853111465 0.0194573937958952 0.018472725377309 0.0162861123777871 0.0134945426980322 0.0110203159823864 0.00933158822807641 0.00834019543016814 0.00777874543525508 0.00745810298365539 0.00728653032176236 0.00721990086532145 0.00723493243649874 0.00732172018887063 0.00748100543992569 0.0077233782843922 0.00807326966565302 0.0085920508372675 0.00948636793038669 0.0115048613484832 0.0168936857798254 0.0303829794419181 0.0574714776595971 0.0972065563770105 0.134794939592469 0.14772499831142 0.126013306018779 0.0831046041176143 0.0422339147490163 0.0165112304784496 0.00496085913366315 0.00114482321181965 0.000202843524224284 2.75877471208492e-05 2.87957312821501e-06 2.30644191362696e-07 1.41748806467002e-08 6.68387754657069e-10 2.41794459715161e-11 6.71049551124455e-13 1.42869166421581e-14 2.33338384224485e-16 2.92339723738055e-18 2.80954070434777e-20 2.07119919165497e-22 1.17122866419247e-24 5.08030623875358e-27 1.69029399278714e-29 4.31375137991975e-32 8.44433212193915e-35 1.26791474677718e-37 1.46024896258507e-40 1.28995245644301e-43 8.7403439898268e-47 4.54244479782572e-50 1.81073780783887e-53 5.53636713912829e-57 1.29836366841867e-60 2.33544079949216e-64 3.22211761871073e-68 3.40967517871544e-72 2.7674696920183e-76 1.7228608936567e-80 8.2264851871655e-85 3.01282942138623e-89 8.46311585725418e-94 1.82339599303414e-98 3.01318754560666e-103 3.81913770238952e-108 3.71276977931929e-113 2.76836829262914e-118 1.58322441319686e-123 6.9447002236783e-129 2.33645066558787e-134 6.02908638779308e-140 1.19326771762487e-145 1.81140474679459e-151 2.10903644852569e-157 1.88340364721705e-163 1.29001049992613e-169 6.77693610897705e-176 2.73063497806218e-182 8.43886100272271e-189 2.00029371667688e-195 3.63658125457218e-202 5.07086738787583e-209 5.42326087555989e-216 4.44864637372344e-223 2.7988800591865e-230 1.35060881751615e-237 4.99877563625348e-245 1.41901297559856e-252 3.08956716390125e-260 5.15937820912785e-268 6.60823445717899e-276 6.49174994852741e-284 4.89132249476073e-292 2.82669469198437e-300 1.25290897684772e-308 4.25939675034666e-317 0 0 0 0 0 0 0 0 0 0 0 0 0 0 0 0 0 0 0 0 0 0 0 0 0 0 0 0 0 0
4.88716216516501 4.2874383625316 2.8888578512359 1.49811591068649 0.602024994274786 0.192410399017751 0.0544406143014184 0.0191519948950037 0.0118145075387604 0.010221508025677 0.00964186102888025 0.00932597920476176 0.00920540138915712 0.00931572960875922 0.00967849636708483 0.0102664763759241 0.0110876274171343 0.0122864442116661 0.013983356604738 0.0159332907093673 0.0175830220902503 0.0186176278166074 0.0191410354460923 0.0191225619072706 0.0181203670141129 0.0159275069541826 0.0131241678882838 0.0106278108520293 0.00893331978016421 0.00797687680935127 0.00748192346944063 0.00723075144645088 0.00711222982054897 0.00707971290723308 0.00711558520620278 0.00721575017682928 0.00738455101304441 0.00763443965956567 0.00799075725713581 0.00851535591378059 0.00941543962475414 0.0114414588048393 0.0168453965507142 0.0303704866822983 0.0575322108215354 0.0973791573291547 0.135081624525923 0.14806668695288 0.126318480412561 0.0833116220409759 0.0423411213952769 0.0165537066448165 0.00497374864568933 0.00114782053132267 0.000203377802016113 2.76607628255118e-05 2.88722430422134e-06 2.31258990617239e-07 1.4212764298836e-08 6.70177937608375e-10 2.42443213080238e-11 6.72852590812972e-13 1.43253474383618e-14 2.33966595329429e-16 2.93127289389394e-18 2.81711295550398e-20 2.07678289102127e-22 1.17438642449148e-24 5.09400235689815e-27 1.69484993195265e-29 4.32537445833424e-32 8.46707408085599e-35 1.2713274502678e-37 1.46417662076769e-40 1.29341929530334e-43 8.76381321887695e-47 4.5546299091715e-50 1.81558986573165e-53 5.5511851017507e-57 1.30183437019177e-60 2.34167545692133e-64 3.23070725126023e-68 3.41875136604193e-72 2.77482497457499e-76 1.72743243314607e-80 8.24827697914306e-85 3.02079634969534e-89 8.48545448563699e-94 1.82819984764038e-98 3.02111057165498e-103 3.82915983873377e-108 3.72249271996135e-113 2.77560270354559e-118 1.58735276809912e-123 6.96276860672632e-129 2.34251565517329e-134 6.04470021712838e-140 1.19635060375202e-145 1.8160732139866e-151 2.11445845452571e-157 1.88823328557014e-163 1.29330992478495e-169 6.79422355990115e-176 2.73758190671431e-182 8.46027136161094e-189 2.00535457703287e-195 3.64575600215302e-202 5.0836239404189e-209 5.43686410451821e-216 4.45977189170518e-223 2.805858655479e-230 1.35396608209293e-237 5.01116282543157e-245 1.42251831222957e-252 3.09717491856321e-260 5.17204169055778e-268 6.62440109210845e-276 6.50757904331497e-284 4.90320922758678e-292 2.83354072409694e-300 1.25593300204281e-308 4.26964120151318e-317 0 0 0 0 0 0 0 0 0 0 0 0 0 0 0 0 0 0 0 0 0 0 0 0 0 0 0 0 0
4.88678312329852 4.28706772542758 2.88855575944093 1.49789383931952 0.60185916490961 0.192271675696473 0.0543100573837029 0.0190204059249417 0.0116772465139425 0.0100741963271504 0.00947533738368454 0.00911666520126167 0.00890402862877444 0.00885512147253032 0.00901764838150516 0.00941768798474611 0.010032940766241 0.0108737156434809 0.0120796161288471 0.0137644764695039 0.0156874896973623 0.017308144394924 0.0183142345678619 0.0187998721960857 0.0187325339216822 0.0176838116880304 0.015460261611362 0.012650350748296 0.0101806958983428 0.00854800857686828 0.0076719768988398 0.00725157375910554 0.00705500090818539 0.00697124868376143 0.0069600863441155 0.00700979743737302 0.00711985603631712 0.00729644409947378 0.00755291804838394 0.00791506361732287 0.00844499770238407 0.00935037875963579 0.0113833605297677 0.0168014792376327 0.0303604473890385 0.0575916954771539 0.0975449528276383 0.135355804771628 0.148392944436037 0.126609651997674 0.083509058010806 0.0424433385954606 0.0165941982311135 0.00498603409041501 0.00115067701750795 0.000203886917432285 2.77303322190097e-05 2.89451357566319e-06 2.31844647727768e-07 1.42488483737557e-08 6.71882896196407e-10 2.43061012429428e-11 6.74569403926445e-13 1.43619360043951e-14 2.34564618684638e-16 2.93876914320275e-18 2.8243194677761e-20 2.08209617627851e-22 1.17739083558695e-24 5.10703147088834e-27 1.69918335015349e-29 4.33642814783165e-32 8.48869855172605e-35 1.27457193572486e-37 1.46791005718691e-40 1.29671413801391e-43 8.78611420056478e-47 4.56620640101301e-50 1.82019873033369e-53 5.5652577291457e-57 1.30512986728606e-60 2.34759422616103e-64 3.23886005190251e-68 3.42736422571321e-72 2.78180333240252e-76 1.73176878569548e-80 8.26894322430939e-85 3.02835013030503e-89 8.50662995749927e-94 1.83275253578122e-98 3.0286176148255e-103 3.8386535551416e-108 3.73170082033008e-113 2.78245238535041e-118 1.59126061393367e-123 6.97986762692245e-129 2.34825380531129e-134 6.05946882523703e-140 1.1992658436356e-145 1.82048664344807e-151 2.11958288178492e-157 1.8927966148805e-163 1.29642655807151e-169 6.8105487066604e-176 2.74414027883199e-182 8.48047839965142e-189 2.01012961663283e-195 3.65441004572757e-202 5.09565292653678e-209 5.44968761341491e-216 4.47025651178418e-223 2.81243321318273e-230 1.35712798450014e-237 5.02282550941101e-245 1.4258175736532e-252 3.10433310770787e-260 5.18395295515324e-268 6.6396023971901e-276 6.52245799094521e-284 4.91437868111585e-292 2.83997145055978e-300 1.25877259817674e-308 4.27925868337512e-317 0 0 0 0 0 0 0 0 0 0 0 0 0 0 0 0 0 0 0 0 0 0 0 0 0 0 0 0
4.88642374611342 4.28671711190489 2.88827109727385 1.49768592561346 0.601705288858945 0.192144125048913 0.0541909157059783 0.0189011255152816 0.0115538688256115 0.00994402131598259 0.00933470226495797 0.0089569522285448 0.00870268203539811 0.00856490562096728 0.00857411021678704 0.0087813897069998 0.009215468010963 0.00985755383176981 0.0107182457221711 0.0119289372498189 0.0135924618797398 0.0154693042420514 0.0170341647396706 0.0179844657015646 0.0184069481131083 0.0182633654763329 0.0171449682776191 0.0148958401199453 0.0121263335673092 0.0097484644037423 0.00822136060945665 0.00743329230869651 0.00707272958569336 0.00691272937143771 0.00685110376080931 0.00685426930104413 0.00691423376996025 0.00703233312299071 0.0072156649932363 0.00747804119535871 0.00784548113856737 0.00838027283028816 0.00929047966229858 0.0113298716612269 0.0167612720102164 0.0303522712964475 0.0576494785276858 0.0977037050258153 0.135617493161373 0.148703975422654 0.126887086732924 0.0836971246458657 0.0425406870482061 0.0166327559461432 0.00499773149637189 0.00115339651198412 0.000204371571494424 2.77965529303499e-05 2.90145133427753e-06 2.32402008885621e-07 1.42831856183175e-08 6.73505148479344e-10 2.43648778669704e-11 6.76202571238678e-13 1.43967377704598e-14 2.35133366858725e-16 2.94589750269876e-18 2.83117138538055e-20 2.08714731506676e-22 1.18024660047117e-24 5.11941409457886e-27 1.70330110885325e-29 4.34693004773752e-32 8.50924015208803e-35 1.27765342502522e-37 1.47145531265292e-40 1.29984234388167e-43 8.80728339959896e-47 4.57719330132138e-50 1.82457201668766e-53 5.57860839439902e-57 1.30825566178406e-60 2.35320704085373e-64 3.24658977571764e-68 3.43552836581443e-72 2.78841666425464e-76 1.7358773847409e-80 8.28851953985581e-85 3.03550385242439e-89 8.52667916656064e-94 1.83706203332939e-98 3.03572190001359e-103 3.84763567043691e-108 3.74041048592973e-113 2.78892961173437e-118 1.59495499363053e-123 6.99602828164267e-129 2.35367557983621e-134 6.07341930477628e-140 1.20201881759311e-145 1.82465323039231e-151 2.1244193046503e-157 1.89710221450776e-163 1.29936629633503e-169 6.82594263336148e-176 2.75032266271493e-182 8.49952109420788e-189 2.01462810689732e-195 3.6625603005302e-202 5.10697801673711e-209 5.46175680817859e-216 4.48012114907365e-223 2.81861693865175e-230 1.36010092065877e-237 5.03378744677176e-245 1.42891752902844e-252 3.11105652397909e-260 5.19513679728958e-268 6.65387024790181e-276 6.53641822225981e-284 4.92485462653078e-292 2.84600066061828e-300 1.26143390039926e-308 4.28826797042704e-317 0 0 0 0 0 0 0 0 0 0 0 0 0 0 0 0 0 0 0 0 0 0 0 0 0 0 0
4.88608231581096 4.28638468060347 2.88800213624529 1.49749061944073 0.601561914854529 0.192026271191783 0.0540815774050038 0.0187922837775763 0.0114419564017372 0.00982690881938663 0.00921031538429082 0.00882194327526244 0.00854883762043436 0.00837059248508689 0.00829398821106259 0.00835355076602127 0.00860189448224846 0.00906903797245633 0.0097375369082933 0.0106147683841704 0.0118198979866296 0.0134430146363693 0.0152491610658534 0.0167340647973753 0.0176053734809721 0.0179383243424907 0.0176962522383707 0.016514161021343 0.0142861543338715 0.0116204865441444 0.00937632160904332 0.0079612946798965 0.00724622422711408 0.00692754279297675 0.00679153568078328 0.00674498829939167 0.00675881539982798 0.00682707959040562 0.00695208323975236 0.00714140449178756 0.00740910294919926 0.00778133702138779 0.00832052504629945 0.00923510596011855 0.0112803850963245 0.0167242126529218 0.030345474448348 0.057705216147242 0.0978552834358793 0.13586679981245 0.149000062156505 0.1271511027824 0.0838760633035024 0.0426333001288339 0.0166694349194366 0.00500885810029942 0.00115598311366631 0.000204832507757973 2.78595280313717e-05 2.90804850993937e-06 2.3293196133429e-07 1.43158311931838e-08 6.7504732182267e-10 2.44207470806547e-11 6.77754775679871e-13 1.44298102731987e-14 2.35673785810103e-16 2.95266989653497e-18 2.83768023327059e-20 2.09194484879227e-22 1.18295857332839e-24 5.13117138304448e-27 1.70721027832685e-29 4.35689827943739e-32 8.52873450147086e-35 1.28057728766447e-37 1.47481859490171e-40 1.30280941708408e-43 8.82735824558886e-47 4.58761013126058e-50 1.82871753327959e-53 5.59126105281246e-57 1.3112173902276e-60 2.3585240729085e-64 3.25391050174057e-68 3.44325873238376e-72 2.79467713937787e-76 1.73976582982396e-80 8.30704232555705e-85 3.04227088813381e-89 8.54563979095946e-94 1.84113648304005e-98 3.04243692448213e-103 3.85612334446901e-108 3.74863844982659e-113 2.79504689775011e-118 1.59844308654639e-123 7.0112821598153e-129 2.35879163933439e-134 6.0865792503843e-140 1.20461500418048e-145 1.82858131749996e-151 2.12897746725935e-157 1.90115881376096e-163 1.30213513769231e-169 6.84043695176841e-176 2.75614183690528e-182 8.51743906511331e-189 2.01885946981665e-195 3.67022395241604e-202 5.11762325454562e-209 5.47309748902272e-216 4.48938703828771e-223 2.82442323690157e-230 1.36289138118111e-237 5.0440727421761e-245 1.43182504450711e-252 3.11736016844415e-260 5.20561835475503e-268 6.66723695355331e-276 6.54949158830522e-284 4.93466114705325e-292 2.85164232117758e-300 1.26392312140137e-308 4.29669080155734e-317 0 0 0 0 0 0 0 0 0 0 0 0 0 0 0 0 0 0 0 0 0 0 0 0 0 0
4.82513670913943 4.23299329113163 2.8521074962852 1.47894264338241 0.59414547912786 0.189656989575634 0.0533781537629589 0.0184891633257173 0.0112038614386069 0.00959084051741078 0.00896824031123108 0.00857241987606361 0.00828893147598125 0.00809206924201029 0.00797523485937779 0.007949547417099 0.00805057672140763 0.00832974683859902 0.00881551662533946 0.0094886855047909 0.0103493297629134 0.0115005627992363 0.01302198834438 0.0146945586470433 0.0160457629249923 0.0167946957729247 0.0170109245017967 0.0166847798099916 0.0155148262987707 0.0134222678235977 0.0109614404271189 0.00890672388886623 0.00762006989958761 0.00697638888454895 0.00669505468167963 0.00658036454271748 0.00654800101724003 0.00657244935786 0.00664924210986878 0.0067814600243032 0.00697728649724769 0.00725141851266319 0.00763060717324725 0.0081771141801214 0.00909636181838448 0.0111324780618105 0.0165232366344689 0.0299887311835889 0.0570247031166861 0.0966971512293446 0.134256951956086 0.147234671519683 0.125645178395245 0.0828830904497876 0.0421287591711521 0.0164722120074364 0.00494960608402752 0.00114230966357572 0.00020240970854711 2.75299865957293e-05 2.87364693513156e-06 2.30176043089223e-07 1.41464237247226e-08 6.67057345477366e-10 2.41316253446687e-11 6.69728408258216e-13 1.42588697908797e-14 2.32880947196606e-16 2.91766640011398e-18 2.80402651493464e-20 2.06712475267539e-22 1.16891697770234e-24 5.0702363891798e-27 1.68692645508602e-29 4.30510640573005e-32 8.42729696137897e-35 1.26533823358695e-37 1.45725809746776e-40 1.28728795224037e-43 8.72212728710323e-47 4.53288745397006e-50 1.80689011405711e-53 5.52448094718172e-57 1.29554627026973e-60 2.33031687933549e-64 3.21496785774372e-68 3.40202092157271e-72 2.76118295788148e-76 1.71889951270144e-80 8.20733569483277e-85 3.00572796526314e-89 8.44291322252983e-94 1.81898708913553e-98 3.00580667872138e-103 3.80965939381159e-108 3.70343306368167e-113 2.76131339410415e-118 1.57913543577151e-123 6.9265216293006e-129 2.33025165695824e-134 6.01287218526628e-140 1.19001477999946e-145 1.80639912132023e-151 2.1031284631447e-157 1.87805535468245e-163 1.28629701155332e-169 6.75716018041523e-176 2.72255748574137e-182 8.41355647490586e-189 1.99421377664794e-195 3.6253771469577e-202 5.05503195700334e-209 5.40609543247596e-216 4.43437549521708e-223 2.78978060927653e-230 1.3461589546648e-237 4.98208612508693e-245 1.41421227439004e-252 3.07897637075388e-260 5.14145920667588e-268 6.58498249591607e-276 6.46860987419488e-284 4.8736609627959e-292 2.81635638069037e-300 1.24826780472403e-308 4.24341669109757e-317 0 0 0 0 0 0 0 0 0 0 0 0 0 0 0 0 0 0 0 0 0 0 0 0 0
4.82340013219216 4.23144923893978 2.85103947890528 1.47835450131316 0.59386849348332 0.189521529179181 0.0532875239041019 0.0184055768435982 0.0111164601443851 0.00949727323557617 0.00886803413529949 0.00846509547919868 0.008173376694791 0.00796562832874561 0.00783063017101993 0.00776726561191633 0.00778962154336934 0.00793397270464123 0.00824990018832937 0.00876181688866305 0.00944465993305617 0.0102902529898391 0.0113927435285896 0.0128296202930529 0.0143916665893568 0.0156203931295484 0.0162463158131225 0.0163599793351038 0.0159909376981352 0.0148688293641051 0.0129012984311226 0.0105892565873359 0.00865636354802508 0.00744671678354997 0.00684450195678512 0.0065850007480011 0.00648335097789961 0.00646026817557484 0.00649218377268374 0.0065754110191701 0.00671343633145621 0.00691474668377348 0.0071943211842262 0.00757910986895191 0.00813131087718833 0.00905599363299874 0.0110974247174439 0.0164961971761873 0.0299803866752969 0.0570567321456319 0.0967932885563375 0.13442020874901 0.14743166720076 0.125822456807333 0.0830039395911357 0.0421915498499719 0.0164971474099234 0.00495718499528112 0.00114407403119426 0.000202724445905895 2.75730191052695e-05 2.87815723516337e-06 2.30538470994053e-07 1.4168753145517e-08 6.68112207473341e-10 2.41698367211597e-11 6.7078981254152e-13 1.42814781707588e-14 2.33250235669183e-16 2.92229207920825e-18 2.80846979105783e-20 2.07039780482775e-22 1.17076593756451e-24 5.07824633511998e-27 1.68958755656016e-29 4.31188633116407e-32 8.44054408687161e-35 1.26732319943059e-37 1.45953907130413e-40 1.28929808397862e-43 8.73571250580004e-47 4.53992866693782e-50 1.80968888786696e-53 5.53301250343914e-57 1.29754074915766e-60 2.33389266833527e-64 3.21988435786433e-68 3.40720512911084e-72 2.76537524714725e-76 1.72149945064793e-80 8.21970137220202e-85 3.01023837817923e-89 8.45553028929837e-94 1.82169381596109e-98 3.01025990304795e-103 3.81527826411886e-108 3.70887017067951e-113 2.7653482805241e-118 1.5814317928301e-123 6.93654450340197e-129 2.33360663711799e-134 6.02148475021651e-140 1.19171036657144e-145 1.80895919430413e-151 2.10609281425354e-157 1.88068775439761e-163 1.28808975808413e-169 6.76652351961004e-176 2.72630797013939e-182 8.42507743375781e-189 1.99692793037348e-195 3.6302808559969e-202 5.06182648426259e-209 5.41331544490917e-216 4.44025933210751e-223 2.79345789264329e-230 1.34792148726956e-237 4.98856486567234e-245 1.41603863760684e-252 3.08292482023698e-260 5.1480056983224e-268 6.5933065128257e-276 6.47672694399197e-284 4.87973122240896e-292 2.81983780178528e-300 1.24979905711995e-308 4.24858165335919e-317 0 0 0 0 0 0 0 0 0 0 0 0 0 0 0 0 0 0 0 0 0 0 0 0
4.82166631087085 4.22990919946581 2.84997627036075 1.47777181637204 0.593597786422717 0.189393277947927 0.0532049276847887 0.0183305996721954 0.0110379699894092 0.00941277948123796 0.00877717414882243 0.00836774248376917 0.00806904882669857 0.00785317408017298 0.00770741181920784 0.00762619517276322 0.00761182637604982 0.00767988896531807 0.00786531797810329 0.0082127051070233 0.00873893471452796 0.00941212942929797 0.010220091310032 0.0112540988832342 0.0125888943130429 0.0140189312240654 0.0151057934642056 0.0156155512368323 0.015673012264107 0.015323799521428 0.0142905740643495 0.0124531684877606 0.0102730360549841 0.00844217407527662 0.00729570016994624 0.00672722127610736 0.00648551727235813 0.00639470377663551 0.00637957261768235 0.00641807245199704 0.00650711284405174 0.00665051949097454 0.00685707497886377 0.00714202997867172 0.00753243487237115 0.00809019164532442 0.00901975953238951 0.0110654666858541 0.0164707874233107 0.029971561702217 0.0570848768506904 0.0968806459227219 0.134569773860414 0.147612726263081 0.125985650208129 0.0831152830513102 0.0422494303702186 0.0165201393650532 0.00496417417820662 0.0011457011672626 0.000203014690303676 2.76126985162489e-05 2.88231541956358e-06 2.30872535014379e-07 1.41893299368345e-08 6.6908399675971e-10 2.42050276671038e-11 6.71766976684093e-13 1.43022843373108e-14 2.3358994897805e-16 2.92654547041922e-18 2.81255360068281e-20 2.07340462341393e-22 1.17246364954901e-24 5.08559720548203e-27 1.69202836635068e-29 4.3181014814482e-32 8.45268059252407e-35 1.26914064570343e-37 1.46162623612551e-40 1.29113623140487e-43 8.74812712490192e-47 4.54635875368117e-50 1.81224294987558e-53 5.54079247338352e-57 1.29935817583469e-60 2.33714855231705e-64 3.2243575182198e-68 3.41191809132756e-72 2.76918334203966e-76 1.72385914741802e-80 8.23091482972853e-85 3.01432493958895e-89 8.46695149245019e-94 1.82414175830647e-98 3.01428360814765e-103 3.82035035268948e-108 3.71377341244877e-113 2.76898337430141e-118 1.58349852296769e-123 6.94555580968635e-129 2.33661983401665e-134 6.0292116091726e-140 1.19322991335481e-145 1.81125090960016e-151 2.10874340454466e-157 1.88303879279887e-163 1.28968899139496e-169 6.77486606723612e-176 2.72964546094332e-182 8.4353168619322e-189 1.99933708832374e-195 3.63462784422045e-202 5.06784161290526e-209 5.41969858334945e-216 4.44545397967396e-223 2.79669986985336e-230 1.349473143138e-237 4.99426010457334e-245 1.41764173182546e-252 3.08638529875844e-260 5.15373422169928e-268 6.60057891727587e-276 6.48380707848549e-284 4.88501728685037e-292 2.82286436770671e-300 1.25112796170935e-308 4.25305689997922e-317 0 0 0 0 0 0 0 0 0 0 0 0 0 0 0 0 0 0 0 0 0 0 0
4.81993701220556 4.22837480454943 2.84891953906484 1.47719601000423 0.593334011100325 0.189271984761252 0.0531295029123154 0.018263123711197 0.0109672574638421 0.00933625187863328 0.00869451404052368 0.00827904582633235 0.00797419270134703 0.00775157161063701 0.00759781604280054 0.00750592691770086 0.00747390037256373 0.00750593973793295 0.0076170380553835 0.00783769425168677 0.00820427933676916 0.00872554551980613 0.00936704483917909 0.0101181226191367 0.0110661479582366 0.012277402189714 0.0135566590029469 0.0145092440742722 0.0149492308121322 0.015012984703656 0.0147253318875012 0.0137876085668995 0.0120644382085203 0.00999611526863381 0.00825239125827095 0.00716039752619731 0.00662107582396389 0.00639473288271409 0.00631332729289266 0.00630519640505437 0.00634957803269149 0.00644388902637308 0.00659227613569922 0.0068038284873907 0.00709405173018847 0.00748999251945459 0.0080530782199749 0.00898703216965356 0.0110362598377656 0.0164470851195981 0.0299626614954055 0.0571096074157823 0.0969595014179318 0.134705614287385 0.147777566610124 0.126134403700978 0.0832168458430066 0.0423022507964079 0.016541128065756 0.00497055591657162 0.00114718715034795 0.000203279791961613 2.76489443215176e-05 2.88611406045701e-06 2.31177729021835e-07 1.42081290296649e-08 6.69971840152306e-10 2.42371785579986e-11 6.72659707937897e-13 1.43212920649367e-14 2.33900283229058e-16 2.93043078226199e-18 2.81628373141419e-20 2.07615080085465e-22 1.17401404730646e-24 5.09230949524689e-27 1.69425687259124e-29 4.32377529148056e-32 8.46375843993468e-35 1.27079930517929e-37 1.46353073954697e-40 1.29281322021944e-43 8.75945122039498e-47 4.55222287245478e-50 1.81457173106826e-53 5.54788469042447e-57 1.30101456881437e-60 2.34011525020514e-64 3.22843237471741e-68 3.41621029958536e-72 2.77265054353204e-76 1.72600701504062e-80 8.24111873308536e-85 3.01804248063462e-89 8.47733815430382e-94 1.82636725593177e-98 3.0179404762683e-103 3.82495845961772e-108 3.71822655825951e-113 2.77228359056696e-118 1.58537416074139e-123 6.9537307871263e-129 2.33935230201369e-134 6.03621574261215e-140 1.19460675626262e-145 1.81332651524305e-151 2.11114298630358e-157 1.88516622768858e-163 1.29113545245728e-169 6.78240806951159e-176 2.73266121333156e-182 8.44456455585707e-189 2.00151178937496e-195 3.63854971792857e-202 5.0732655557876e-209 5.4254511754401e-216 4.45013282290944e-223 2.79961823270655e-230 1.35086907867883e-237 4.99938064839669e-245 1.41908215726985e-252 3.08949263853203e-260 5.15887476728961e-268 6.60710047593816e-276 6.49015182796556e-284 4.88975095225603e-292 2.82557268607487e-300 1.2523162449754e-308 4.25705487918537e-317 0 0 0 0 0 0 0 0 0 0 0 0 0 0 0 0 0 0 0 0 0 0
4.81820545697034 4.22683999390523 2.84786459587636 1.47662389314166 0.593075435325327 0.189157154082617 0.0530615874161272 0.0182038939874665 0.0109051211438373 0.00926826709558604 0.00862023182988507 0.00819871278040759 0.00788800962476971 0.00765934409955044 0.00749884683492851 0.00739887591292341 0.00735602734536636 0.00737030612393119 0.00744569896166514 0.00759353868923594 0.00783681594354487 0.00820335627994362 0.00869815873729097 0.00928940336081896 0.00996626172894896 0.0108063642431839 0.0118749321071978 0.0130112672832336 0.013876379770009 0.0143090824713391 0.0144210008293019 0.0142026615721789 0.0133462482667604 0.0117181447101991 0.00974633971438202 0.00807996870634015 0.00703692952795852 0.00652382896800112 0.0063112534384644 0.00623830092544021 0.00623652961222144 0.0062863354176381 0.00638560296543271 0.00653881371546707 0.00675539515111981 0.00705107941071426 0.00745273372650012 0.0080210259222519 0.00895875584743358 0.0110104408080684 0.0164252655910518 0.0299532805436246 0.0571299207494355 0.0970284555798097 0.134826324198639 0.147925128780348 0.126268115942298 0.0833083734961715 0.0423499325993612 0.016560096585487 0.00497632791531866 0.00114853185920084 0.000203519769185899 2.7681760866702e-05 2.88955349958446e-06 2.31454050838541e-07 1.42251473899486e-08 6.70775413380119e-10 2.42662696920771e-11 6.73467203355978e-13 1.43384781372253e-14 2.34180749418935e-16 2.93394040008032e-18 2.81965133645508e-20 2.07862862164311e-22 1.17541205813325e-24 5.09835798339644e-27 1.69626357032203e-29 4.32888056015338e-32 8.4737184335465e-35 1.27228937047461e-37 1.46524019982227e-40 1.29431712955254e-43 8.76959721149089e-47 4.5574718964399e-50 1.81665418220808e-53 5.55422023653905e-57 1.30249267942967e-60 2.3427597529583e-64 3.23206061288213e-68 3.42002765509931e-72 2.77573050148154e-76 1.72791266246164e-80 8.2501605572952e-85 3.02133240113948e-89 8.48651789932354e-94 1.82833148292537e-98 3.02116353702447e-103 3.82901411394821e-108 3.72214008949836e-113 2.77517954595242e-118 1.58701750981439e-123 6.96088204321572e-129 2.34173873360465e-134 6.04232276275588e-140 1.1958052145416e-145 1.81513006919996e-151 2.11322434727697e-157 1.88700817440921e-163 1.29238547370896e-169 6.78891337411228e-176 2.73525734645e-182 8.45250956633684e-189 2.00337631880187e-195 3.64190516391952e-202 5.07789614690887e-209 5.43035152036087e-216 4.45410949417318e-223 2.80209288553585e-230 1.35204996764491e-237 5.00370183096566e-245 1.42029468986654e-252 3.09210167345943e-260 5.16317964031329e-268 6.61254717034589e-276 6.49543623199919e-284 4.89368235372868e-292 2.82781545782611e-300 1.25329733051736e-308 4.26034634451797e-317 0 0 0 0 0 0 0 0 0 0 0 0 0 0 0 0 0 0 0 0 0
4.81647503794789 4.22530769946249 2.84681330552415 1.47605601831601 0.592821266634059 0.189046903081424 0.0529987800316266 0.0181505879333905 0.0108496464054479 0.00920733454466078 0.00855307990086709 0.00812551543586985 0.00780912945614431 0.00757487327471915 0.00740843742220299 0.00730170676903869 0.00725064801798661 0.00725385925819351 0.0073112122185198 0.00742344817873385 0.00759530787319005 0.00784214393007946 0.00818769900693168 0.0086381998112271 0.00916225024633252 0.00974265149179539 0.0104548876516537 0.0113879901296247 0.0124281724492752 0.0132686219620733 0.0137362134584697 0.0139046076336637 0.0137426839234156 0.0129499966133924 0.0114024158352093 0.00951681984732829 0.00792111009965081 0.00692307051155864 0.00643399861943419 0.00623393956905161 0.00616863835667435 0.00617265601939418 0.00622747578525487 0.00633144359144761 0.00648939086954748 0.00671107581747253 0.00701236451271438 0.00741973787270557 0.00799286350790528 0.00893351111993308 0.0109864261362912 0.0164038184151536 0.0299424403025589 0.0571458776693871 0.0970887908667634 0.134934056875846 0.148057735922601 0.12638864918609 0.0833910159315575 0.0423930275885253 0.0165772508110671 0.0049815498033856 0.00114974867360543 0.000203736944235137 2.77114595381312e-05 2.89266596197379e-06 2.31704072353906e-07 1.42405432128065e-08 6.71502211430062e-10 2.42925744506723e-11 6.74197136412541e-13 1.4354008231748e-14 2.34434098121637e-16 2.93710942532487e-18 2.8226908378697e-20 2.08086401799892e-22 1.17667268669453e-24 5.1038093353914e-27 1.69807119888694e-29 4.33347682372813e-32 8.48268020459512e-35 1.27362928782806e-37 1.46677644019229e-40 1.29566776707098e-43 8.77870301280332e-47 4.56217948290358e-50 1.8185204763485e-53 5.5598939089038e-57 1.30381534902898e-60 2.34512426706143e-64 3.23530203963405e-68 3.42343514460481e-72 2.77847736450204e-76 1.72961068597468e-80 8.25820979206084e-85 3.02425836921086e-89 8.49467411092333e-94 1.83007493913839e-98 3.02402137061139e-103 3.83260635738793e-108 3.72560264743304e-113 2.77773889937545e-118 1.58846816699255e-123 6.96718725904319e-129 2.34384026077002e-134 6.04769393552155e-140 1.19685790673158e-145 1.81671215806283e-151 2.11504764038396e-157 1.88861947706303e-163 1.29347739556844e-169 6.79458749402107e-176 2.7375183257564e-182 8.45941807525191e-189 2.00499499562189e-195 3.64481335138282e-202 5.08190268528809e-209 5.43458404019331e-216 4.45753803634807e-223 2.80422248872252e-230 1.35306426280265e-237 5.00740611375465e-245 1.42133201653424e-252 3.09432906181821e-260 5.16684690753389e-268 6.61717686587815e-276 6.49991772223484e-284 4.89700856118247e-292 2.82970836614916e-300 1.2541232914614e-308 4.26310965367516e-317 0 0 0 0 0 0 0 0 0 0 0 0 0 0 0 0 0 0 0 0
4.81474277361907 4.22377482570463 2.84576350602388 1.47549152464767 0.592571574288402 0.188941597634428 0.0529412866032997 0.0181031688746587 0.0108006895596408 0.00915325619194622 0.00849270732247322 0.0080588502492553 0.00773669530024428 0.00749710178890202 0.00732533243122665 0.00721277828025808 0.00715490796988592 0.00714965507449506 0.00719547327384088 0.00728914512812102 0.00742539811244085 0.00760242616569607 0.00783241319547653 0.00813975061104329 0.00852935930634887 0.00896387443156348 0.00942724407435499 0.0100177904770754 0.0108612929658256 0.0118680227083595 0.0127265868453781 0.0132380882215157 0.0134508340712533 0.0133290091566356 0.0125869751856073 0.0111103006381416 0.00930373693425007 0.00777366317945602 0.00681751896604293 0.00635072013811228 0.00616214967789473 0.00610380211944059 0.00611307101416187 0.00617249335028851 0.00628091857758064 0.00644359363837552 0.0066705966531642 0.00697772266873414 0.00739069827023352 0.00796796370381878 0.0089104883815627 0.0109637440703346 0.0163830408299126 0.0299310585715758 0.0571584094741834 0.0971409357662942 0.135028644149844 0.148174865384328 0.126495444744794 0.083464375241087 0.0424313280106646 0.0165925091692178 0.00498619729557808 0.00115083209444699 0.000203930368564023 2.7737915591532e-05 2.89543893293251e-06 2.31926835501699e-07 1.42542605223345e-08 6.72149738472156e-10 2.43160079271535e-11 6.74847304132241e-13 1.43678387808469e-14 2.34659673114569e-16 2.93993033846735e-18 2.82539569029239e-20 2.08285267081467e-22 1.17779377857734e-24 5.1086554614097e-27 1.69967748587498e-29 4.33755935586741e-32 8.49063660649191e-35 1.27481830087965e-37 1.46813895480919e-40 1.29686500890715e-43 8.78676997518648e-47 4.5663474727454e-50 1.8201718014526e-53 5.56491072852594e-57 1.30498408082957e-60 2.34721208229135e-64 3.23816200192852e-68 3.42643928134024e-72 2.78089711287986e-76 1.73110524032251e-80 8.26528833672655e-85 3.02682915958811e-89 8.5018335557364e-94 1.83160384761224e-98 3.02652501398514e-103 3.83575013316766e-108 3.72862968607282e-113 2.77997386454825e-118 1.58973351196477e-123 6.97268053493986e-129 2.34566893758751e-134 6.05236186492034e-140 1.1977715821841e-145 1.8180834769932e-151 2.11662584091605e-157 1.89001218915698e-163 1.29441979297051e-169 6.79947715088104e-176 2.73946365053755e-182 8.46535242330902e-189 2.00638308888869e-195 3.64730293343205e-202 5.08532636923891e-209 5.43819412504613e-216 4.46045677080543e-223 2.80603183593273e-230 1.35392425778762e-237 5.01054021412823e-245 1.42220774393534e-252 3.09620517858372e-260 5.16992854291138e-268 6.62105772962112e-276 6.50366483094603e-284 4.89978238980883e-292 2.8312826126257e-300 1.25480825834343e-308 4.26539371915588e-317 0 0 0 0 0 0 0 0 0 0 0 0 0 0 0 0 0 0 0
4.81300748581302 4.22224046278662 2.84471405361699 1.47492900070517 0.592325270884006 0.188840924848412 0.0528893972988812 0.018062070924859 0.0107585871087117 0.00910631069201377 0.00843941056105753 0.00799900098117176 0.0076708809100235 0.00742599244517108 0.00724919463965202 0.00713135701103924 0.00706747232160765 0.00705499192416667 0.00709170165516439 0.00717303176946154 0.00729006323594201 0.00743171709597198 0.00759408333333214 0.00779059727145381 0.00804342066952212 0.00834972048245706 0.00867374113675862 0.00902540886682593 0.00953885976373417 0.0103545309851623 0.0113707649457871 0.0122574358012007 0.0128016084967003 0.0130431279107872 0.0129494700527371 0.0122498331878754 0.0108375413908418 0.00910453879438067 0.0076360155147867 0.00671921234565631 0.00627328913904543 0.0060954537866382 0.00604360679756382 0.0060578200470384 0.00612164112544583 0.00623444341069079 0.00640193481544801 0.00663449236406218 0.00694765248682597 0.00736610188619238 0.0079469360998453 0.00889050247288959 0.0109431969640832 0.0163632483727389 0.029918621355735 0.0571662580370087 0.0971833291973783 0.135108724331512 0.148275645014784 0.126588108226219 0.0835283445004089 0.0424648321632022 0.0166058850574747 0.00499027729225075 0.00115178415348746 0.00020410045037328 2.77611879935383e-05 2.89787867050213e-06 2.32122833122518e-07 1.42663282440337e-08 6.72719260601691e-10 2.43366113505858e-11 6.7541869907697e-13 1.4379987228121e-14 2.34857692447555e-16 2.94240496048958e-18 2.82776670534539e-20 2.08459444480654e-22 1.1787748210616e-24 5.11289216110019e-27 1.70108035061186e-29 4.34112104327403e-32 8.49757007711649e-35 1.27585321160735e-37 1.4693233984982e-40 1.29790441883595e-43 8.79376390809533e-47 4.56995591000666e-50 1.82159931623941e-53 5.56924091150978e-57 1.30599123568315e-60 2.34900826537065e-64 3.24061823225392e-68 3.42901472063365e-72 2.78296771527944e-76 1.73238169245223e-80 8.27132189991469e-85 3.02901593226542e-89 8.50791060303517e-94 1.83289875705683e-98 3.02864065715467e-103 3.83840046315087e-108 3.73117540284323e-113 2.78184873274641e-118 1.59079222842549e-123 6.97726442721176e-129 2.34719064903459e-134 6.05623507032609e-140 1.19852745025651e-145 1.81921445830867e-151 2.1179233048218e-157 1.89115338920649e-163 1.29518936782597e-169 6.80345600679574e-176 2.74104082295389e-182 8.47014543832254e-189 2.0074998023615e-195 3.64929760958323e-202 5.08805782790405e-209 5.44106161540024e-216 4.46276451373528e-223 2.80745561812919e-230 1.35459764109695e-237 5.01298159312903e-245 1.42288624869228e-252 3.0976506366412e-260 5.17228892497432e-268 6.62401214668176e-276 6.50649923356562e-284 4.90186658343678e-292 2.83245720397941e-300 1.25531558997324e-308 4.26707304828609e-317 0 0 0 0 0 0 0 0 0 0 0 0 0 0 0 0 0 0
4.81126812761448 4.22070359370463 2.843664685783 1.47436864780445 0.592081917881158 0.188743249730905 0.0528407780503725 0.0180250858545905 0.0107217584435178 0.00906564747688713 0.00839285437695029 0.00794573337812418 0.00761117522573623 0.00736060653708291 0.00717871571096864 0.00705588713965271 0.00698659547015388 0.00696780124614266 0.00699676969904589 0.00706828319583069 0.00717226997814816 0.00729447686685541 0.00742244727604118 0.00755428233187202 0.00770141705747851 0.00787726757492363 0.00807900307835842 0.00829727913515807 0.00858076918277332 0.00907761188512916 0.00990779201796716 0.0109440632868535 0.0118487026980652 0.0124107695623682 0.0126697129441653 0.012596946412654 0.0119343937058177 0.01058154243785 0.00891746807308035 0.0075068482980487 0.00662703436222727 0.00620065357085514 0.00603279673689541 0.0059869861982855 0.00600588038022631 0.00607405882038161 0.006191465760365 0.00636423285935659 0.00660280309541293 0.00692205692433487 0.00734535225665532 0.00792854714070322 0.00887181023092736 0.0109228612711781 0.016342844590318 0.029904447812642 0.0571700396342243 0.0972177719846335 0.135176690373821 0.148362329573663 0.126668275945471 0.0835838593920659 0.0424939633295881 0.0166175295953291 0.0049938321991417 0.00115261416680632 0.000204248786657232 2.77814897797947e-05 2.90000723929208e-06 2.32293836126949e-07 1.42768563353509e-08 6.73216051838209e-10 2.4354579880156e-11 6.75916886445158e-13 1.43905757531232e-14 2.35030219534675e-16 2.94456007961194e-18 2.82983060202018e-20 2.08610980476002e-22 1.17962784605761e-24 5.11657371734955e-27 1.70229858105033e-29 4.34421176215516e-32 8.50358215535049e-35 1.27674987036422e-37 1.47034874129568e-40 1.2988034023033e-43 8.79980723461532e-47 4.57307080058933e-50 1.82283029974716e-53 5.57297087344648e-57 1.30685779648685e-60 2.35055186848997e-64 3.24272644028074e-68 3.43122237709249e-72 2.78474022453457e-76 1.73347283896038e-80 8.27647197403906e-85 3.03087964014779e-89 8.51308159682038e-94 1.833998774642e-98 3.03043477953455e-103 3.84064397546532e-108 3.73332632991775e-113 2.78342976363172e-118 1.59168321011988e-123 6.98111395084426e-129 2.34846576794306e-134 6.05947320747725e-140 1.1991578785044e-145 1.82015540841744e-151 2.11899997395967e-157 1.89209783374692e-163 1.29582446840648e-169 6.80672996576678e-176 2.74233460435443e-182 8.474064636344e-189 2.00840986898441e-195 3.65091747594412e-202 5.09026789159763e-209 5.44337282188004e-216 4.46461705925987e-223 2.80859372238571e-230 1.35513351664396e-237 5.01491533747312e-245 1.42342102298954e-252 3.09878397596918e-260 5.17412947351515e-268 6.62630254225631e-276 6.50868309715755e-284 4.90346196949239e-292 2.83335010248901e-300 1.25569841654403e-308 4.26832995128911e-317 0 0 0 0 0 0 0 0 0 0 0 0 0 0 0 0 0
4.80952650790095 4.2191659730895 2.84261611486664 1.47381034490643 0.591841658069138 0.188649363604619 0.0527961503784374 0.0179921274535143 0.0106892725358382 0.00902990892067629 0.0083516767865105 0.00789791331530011 0.00755672144129676 0.007300315421358 0.00711341722935672 0.0069859513756528 0.00691181519121608 0.00688744253495314 0.00690961729478207 0.00697266340517964 0.00706606311547791 0.00717479057544134 0.00728368796659477 0.00738275785832951 0.00746850137368747 0.00754372719471738 0.00762099886486303 0.00772235434383737 0.00787753986388238 0.00815221325073037 0.00867382241003592 0.00952883699328371 0.010575733457766 0.0114846262145668 0.0120539539852779 0.012323593757005 0.0122673937937465 0.0116382324886892 0.01034080951459 0.00874162261333603 0.00738565234111424 0.00654073133425462 0.00613271764310365 0.00597416389514298 0.0059339313672759 0.00595716753791191 0.00602950882471499 0.00615153320990231 0.00632977822502732 0.00657455202224122 0.00689976042227178 0.00732727421085565 0.0079119510094562 0.00885425562872243 0.0109034381584608 0.0163231236100215 0.0298897698695553 0.0571703041333452 0.0972439886075129 0.135231782779021 0.148434133407954 0.126735394768085 0.0836306228770099 0.0425185945020105 0.0166273987750091 0.00499684960938116 0.00115331930129563 0.000204374858363281 2.77987455101688e-05 2.90181603368878e-06 2.32439080845623e-07 1.42857924256337e-08 6.7363734962914e-10 2.43698017688652e-11 6.76338406665559e-13 1.43995224772595e-14 2.35175773874321e-16 2.9463752495389e-18 2.83156581488116e-20 2.08738137795274e-22 1.18034216287209e-24 5.11964986660406e-27 1.70331411793487e-29 4.3467819174234e-32 8.50856871462269e-35 1.2774915601922e-37 1.47119445693143e-40 1.29954267965879e-43 8.80476140729246e-47 4.57561595818406e-50 1.82383268943238e-53 5.57599733332915e-57 1.30755829500957e-60 2.35179480958855e-64 3.24441712043273e-68 3.4329853108785e-72 2.78614941513823e-76 1.73433632971688e-80 8.28052794037779e-85 3.03234004609089e-89 8.51711237354241e-94 1.83485154569443e-98 3.03181769834595e-103 3.84236296280024e-108 3.7349640921865e-113 2.78462573506893e-118 1.59235258767353e-123 6.98398532293532e-129 2.34940974681002e-134 6.06185155201202e-140 1.19961708796439e-145 1.82083485103782e-151 2.11977031191177e-157 1.89276706329385e-163 1.29626993060434e-169 6.80900172750328e-176 2.74322217395589e-182 8.47672106549593e-189 2.00901886604021e-195 3.65198681203143e-202 5.09170586757297e-209 5.44485356028206e-216 4.46578451120551e-223 2.80929836832906e-230 1.35545905546242e-237 5.01606627768115e-245 1.42373235712939e-252 3.0994281682986e-260 5.17514874905519e-268 6.62753537628472e-276 6.50982249623285e-284 4.90426621861639e-292 2.83378340147868e-300 1.25587646787582e-308 4.26888824546891e-317 0 0 0 0 0 0 0 0 0 0 0 0 0 0 0 0
4.80781276814548 4.21765336368277 2.84158536692112 1.47326282388317 0.591607723662326 0.188559794375343 0.0527554127712758 0.0179635785962451 0.0106622006482061 0.00900065000872726 0.0083176754397394 0.00785732915478501 0.00750904882623291 0.00724622372593315 0.0070539170825027 0.0069216837536102 0.00684281515273536 0.00681318752034747 0.00682911171679633 0.00688451042443328 0.00696859584150525 0.00706622487026081 0.00716181432306815 0.00724286201193227 0.00729788684457346 0.00731505597359897 0.00729651812740095 0.00727886313189688 0.00732168055488752 0.00747221238600256 0.00777861268000375 0.00833474136799174 0.00920513941686713 0.0102495798023159 0.011152972166864 0.0117234127513467 0.0119998916261903 0.0119574910822364 0.0113589185801123 0.0101135224658779 0.00857565652013362 0.00727145110885757 0.00645961723466471 0.00606905478415307 0.00591940560607568 0.00588461538956262 0.0059122253388302 0.00598893514479088 0.00611598809286384 0.00630025717712404 0.00655163667416208 0.00688269557198653 0.00731369112586045 0.00789867829815031 0.00883869507622404 0.0108847097790954 0.0163028494759326 0.0298729520766722 0.057165768312614 0.0972615162630344 0.135274431556419 0.148492097402755 0.126790634328438 0.0836695334149277 0.0425392315200907 0.0166357060658769 0.00499939771501332 0.00115391613334186 0.000204481741350023 2.78133917154869e-05 2.90335249674103e-06 2.32562518877136e-07 1.42933888716559e-08 6.73995513737605e-10 2.43827413310593e-11 6.76696639180427e-13 1.44071231218089e-14 2.35299368809706e-16 2.9479156552288e-18 2.83303734409763e-20 2.08845886943837e-22 1.18094691749371e-24 5.12225165514711e-27 1.70417213817404e-29 4.34895091758692e-32 8.51277172684157e-35 1.27811587280827e-37 1.47190531735992e-40 1.30016312969099e-43 8.80891255485478e-47 4.5777449121969e-50 1.8246696369993e-53 5.57851942268544e-57 1.30814086565905e-60 2.35282628193253e-64 3.24581697087594e-68 3.43444148799636e-72 2.78731045715566e-76 1.73504586610008e-80 8.28385136127252e-85 3.03353312719088e-89 8.5203949701343e-94 1.83554372063709e-98 3.03293623888045e-103 3.84374815629676e-108 3.7362786386672e-113 2.78558167490411e-118 1.5928852534932e-123 6.98625951596291e-129 2.35015366364435e-134 6.06371586946705e-140 1.19997500698729e-145 1.82136121596322e-151 2.12036322425488e-157 1.89327857475008e-163 1.29660786830243e-169 6.81071128521804e-176 2.74388429837789e-182 8.47868415133909e-189 2.00946432612357e-195 3.65276031710546e-202 5.09273342077837e-209 5.4458976028495e-216 4.46659560526488e-223 2.80977998941257e-230 1.35567754602325e-237 5.01682315530577e-245 1.42393243873496e-252 3.09983147351667e-260 5.17576800986406e-268 6.62825876567154e-276 6.51046429984144e-284 4.90469772083712e-292 2.83400255460452e-300 1.25596016459404e-308 4.2691273732415e-317 0 0 0 0 0 0 0 0 0 0 0 0 0 0 0
4.80609219880986 4.21613597338835 2.84055305007114 1.47271603276496 0.591375360919575 0.188472062049883 0.0527168371790866 0.0179376232742389 0.0106383542795653 0.008975578171642 0.00828891395067983 0.00782262501506947 0.00746721135738898 0.00719743458651039 0.006999132592528 0.00686181242881104 0.00677824904012077 0.00674370850527233 0.00675395869504968 0.00680249562672602 0.00687829647565814 0.00696625631411068 0.00705098387187173 0.00711965499919728 0.00715819736918761 0.00714684654165074 0.00707347531379416 0.00696440926756593 0.00689291497831291 0.0069347997067048 0.00712063165731469 0.00746813899161562 0.00804905661973268 0.00892178991942581 0.00995459917306312 0.0108471339129086 0.0114153366078056 0.0116962874926742 0.0116656942121279 0.011095325288742 0.00989878295551389 0.008418781363676 0.00716347604245223 0.00638287095499479 0.00600874062579856 0.00586747946599616 0.0058379215556736 0.00586997362063691 0.00595141774227023 0.00608406921628874 0.0062748230473435 0.00653271974464864 0.00686875797258034 0.0073018435197896 0.00788586644337072 0.00882295169483913 0.0108657397661385 0.0162822698931962 0.0298549701283599 0.0571577479255372 0.0972717295855545 0.135305714457349 0.148536720944282 0.126833970644404 0.0837003467360561 0.0425556614197028 0.0166423415419209 0.00500143724400184 0.00115439444980481 0.000204567458197413 2.78251399856197e-05 2.90458472628748e-06 2.32661463020461e-07 1.42994728663541e-08 6.74282046222003e-10 2.43930786670724e-11 6.76982359229557e-13 1.44131738306208e-14 2.35397551033963e-16 2.9491364472154e-18 2.83420052878094e-20 2.08930817857808e-22 1.18142214502283e-24 5.1242894561857e-27 1.7048417909291e-29 4.35063734011484e-32 8.51602642881642e-35 1.27859724570559e-37 1.47245091619322e-40 1.3006370232882e-43 8.81206680771824e-47 4.57935374718214e-50 1.8252984409962e-53 5.58040261935526e-57 1.30857301981137e-60 2.35358613302073e-64 3.24684061077076e-68 3.43549800075046e-72 2.78814584582882e-76 1.73555188120064e-80 8.28619921562004e-85 3.03436753796707e-89 8.52266616369347e-94 1.8360171485428e-98 3.03369191183517e-103 3.84467166961501e-108 3.7371426585448e-113 2.78620041677343e-118 1.5932243511416e-123 6.98768145958416e-129 2.35060978594834e-134 6.06483480166298e-140 1.20018485811246e-145 1.82166198960026e-151 2.1206925249843e-157 1.89355382789385e-163 1.29678340467529e-169 6.81156465014127e-176 2.74420021827873e-182 8.479573562413e-189 2.00965440360549e-195 3.65306792707516e-202 5.09310910094412e-209 5.44624210033327e-216 4.46683093332236e-223 2.80989815288437e-230 1.35572006651399e-237 5.01692660002718e-245 1.42394642297705e-252 3.09982828264592e-260 5.17570626714198e-268 6.62810713275227e-276 6.51024378914076e-284 4.90447746152384e-292 2.83384388465214e-300 1.25587587850253e-308 4.26879289079927e-317 0 0 0 0 0 0 0 0 0 0 0 0 0 0
4.80436035065723 4.21460925098827 2.83951535171626 1.47216814151538 0.59114506440468 0.188387819029471 0.0526817662229864 0.0179146748053571 0.0106173700991078 0.00895397238547323 0.00826465857955657 0.00779315794073825 0.0074305810939504 0.0071532902194832 0.00694845382053106 0.00680587769406363 0.00671782037037906 0.00667878969478459 0.00668390541182835 0.00672622081408596 0.00679451690175249 0.0068737944533644 0.00694900976115232 0.00700760918107114 0.00703503848298594 0.00700880905110382 0.00690899081625802 0.00674793062130866 0.00658868295092548 0.00652007641491727 0.00660037488894107 0.00683064057066333 0.00720933405502819 0.00780169857267866 0.00866752335141053 0.00968382386718096 0.0105628899961741 0.011127005888155 0.0114108987603453 0.0113906373480434 0.0108464629306 0.0096959230039349 0.00827061276104791 0.00706157029202377 0.00631048958686942 0.00595184002838127 0.00581841489065148 0.00579373154073277 0.00583007361419609 0.00591643228043152 0.00605520392697667 0.00625296644237522 0.00651733345370936 0.0068574733011404 0.00729138361712501 0.00787356985164775 0.0088076087320006 0.0108474849145476 0.0162624109052754 0.0298365488993017 0.0571462807745204 0.0972738462788738 0.135324363867842 0.148566812630457 0.126864633535934 0.0837227051089111 0.0425677640306164 0.0166472766037512 0.00500296371669713 0.00115475391949029 0.000204632042971777 2.78340045236625e-05 2.90551498536369e-06 2.32736145385117e-07 1.43040613398073e-08 6.74497857999021e-10 2.44008505509294e-11 6.77196690643422e-13 1.44177007304981e-14 2.3547078388985e-16 2.9500439036696e-18 2.83506187416585e-20 2.08993446244597e-22 1.18177097418728e-24 5.12577779805496e-27 1.70532824012347e-29 4.35185523509258e-32 8.5183620842033e-35 1.27894034487379e-37 1.47283694905872e-40 1.30096968326707e-43 8.81426225191698e-47 4.58046332909485e-50 1.82572785498286e-53 5.58167504439396e-57 1.3088616758725e-60 2.3540873985728e-64 3.24750685256952e-68 3.43617564435327e-72 2.78867318933427e-76 1.73586579651571e-80 8.28762825956911e-85 3.03486488601887e-89 8.52398898104359e-94 1.83628591548463e-98 3.03410883955197e-103 3.84516515702715e-108 3.73758798249704e-113 2.78650648949021e-118 1.59338436632668e-123 6.98831671549888e-129 2.35080085535779e-134 6.06526880848967e-140 1.20025896102211e-145 1.82175641304818e-151 2.12078124810645e-157 1.89361395902207e-163 1.29681140653893e-169 6.81164198013917e-176 2.74420306373e-182 8.47949426628665e-189 2.00961459333609e-195 3.65295711225542e-202 5.09290066774342e-209 5.4459612020276e-216 4.46655270189768e-223 2.80969286835096e-230 1.35560634561993e-237 5.0164511954477e-245 1.42379592734916e-252 3.09946663418364e-260 5.17504536748577e-268 6.62718739380163e-276 6.5092680478854e-284 4.90368767335914e-292 2.83335581004204e-300 1.25564546839511e-308 4.26796187238296e-317 0 0 0 0 0 0 0 0 0 0 0 0 0
4.80261683799782 4.21307282861093 2.83847175759672 1.4716179660672 0.590914823300548 0.188304853971648 0.0526487775854173 0.0178947125128516 0.0106004341257746 0.00893749384967109 0.00824651907485666 0.00777052306353666 0.0074009875669507 0.00711584797735562 0.00690384592825498 0.00675537571747276 0.00666235287069767 0.00661858849089953 0.00661856213943756 0.00665487848757288 0.00671611793767506 0.0067873867428462 0.00685400596605909 0.00690380899562702 0.00692232089034023 0.00688636782787482 0.00677324125280216 0.00658754511667304 0.00637853744973487 0.00622505142489734 0.00619808957021146 0.00632572173896442 0.00659047471545662 0.00698684435351257 0.00758105866803636 0.00843495506460763 0.00943253284296996 0.0102969379253088 0.0108558894611376 0.0111416559703047 0.0111305613153457 0.0106108256921037 0.00950368879034653 0.0081301622587484 0.00696502492075161 0.00624207867032989 0.00589835181716262 0.00577271920713985 0.00575315669026839 0.00579421914042122 0.00588603932478285 0.00603145956586367 0.00623647984885344 0.00650702925531456 0.00685042481733916 0.00728396581694343 0.00786299830379135 0.00879274630633751 0.010828704558655 0.0162411258776331 0.0298152697888807 0.0571292213096972 0.0972663441663397 0.135329570091249 0.148582109977038 0.126882636992561 0.0837366913988811 0.0425756014619744 0.0166505408410678 0.00500398742378422 0.00115499724753327 0.000204676037908513 2.78400683076356e-05 2.90615296278004e-06 2.32787428679068e-07 1.43072128595001e-08 6.74645980886216e-10 2.44061766966387e-11 6.77343240587579e-13 1.4420786799336e-14 2.35520525267885e-16 2.95065759639326e-18 2.83564146378103e-20 2.09035347880265e-22 1.18200286123909e-24 5.1267600940677e-27 1.70564673687013e-29 4.35264560765667e-32 8.51986308593191e-35 1.27915846778178e-37 1.47307945887589e-40 1.30117593136916e-43 8.81560375973825e-47 4.58113049183704e-50 1.82598147150964e-53 5.58241172089135e-57 1.30902511049091e-60 2.35436419050361e-64 3.24786447692409e-68 3.43652786824761e-72 2.78893736357681e-76 1.73601648402569e-80 8.28828084091732e-85 3.0350789552248e-89 8.52451916065207e-94 1.8363845832676e-98 3.03424580711134e-103 3.84530525238689e-108 3.73769118235109e-113 2.78655853703341e-118 1.59339972569013e-123 6.98832019846705e-129 2.35078030708039e-134 6.0651591788046e-140 1.20022595372029e-145 1.82168898428453e-151 2.12068239759638e-157 1.89350736918033e-163 1.29672575724818e-169 6.81112512394643e-176 2.74396765735918e-182 8.47868228941503e-189 2.00940197735888e-195 3.65253371394143e-202 5.09225858535152e-209 5.44521890597865e-216 4.46589796031151e-223 2.80925194755091e-230 1.35537952237545e-237 5.01555943463068e-245 1.4235278818016e-252 3.09885045319753e-260 5.17396177217831e-268 6.62572929124612e-276 6.50776642637012e-284 4.90250391699269e-292 2.8326413760791e-300 1.25531531158805e-308 4.2667929130649e-317 0 0 0 0 0 0 0 0 0 0 0 0
4.80085877285976 4.21152482439395 2.83742227699819 1.47106691565268 0.590686237226809 0.188224139171029 0.0526177524924823 0.0178761217237953 0.0105845030953505 0.0089224641430485 0.00823121397449774 0.00775245032986348 0.00737706208733839 0.00708400904678849 0.00686391041225449 0.00670852058495602 0.00660996450125893 0.00656144309830268 0.00655662513497547 0.00658749504401711 0.00664235072788622 0.00670638569782693 0.00676529219750904 0.00680732310893482 0.00681822161840568 0.00677470069709601 0.00665326286003989 0.00645562508698393 0.00622326261727778 0.0060215516462641 0.00591204080169966 0.00593541014583569 0.00610041179999042 0.00638612212915096 0.00679034062720645 0.00738098254844814 0.0082205553989139 0.0091985621883153 0.0100478235237663 0.0106009400366709 0.0108877595187534 0.0108848151637147 0.0103878549333485 0.00932157586019479 0.00799691790247199 0.00687321468187643 0.00617676786770094 0.00584704815267903 0.0057287850260311 0.00571436395626953 0.00576068914203291 0.00585894074193211 0.00601188221663823 0.00622418000585757 0.00649975389310786 0.0068445752408446 0.0072761902234211 0.00785144098626279 0.00877718283203346 0.010809864749406 0.0162200696112316 0.0297935008549095 0.0571093730750464 0.0972521399737554 0.135323888064227 0.148584433925773 0.126889023640762 0.0837427823111648 0.0425793457928893 0.016652182218446 0.00500451830218069 0.00115512585342389 0.000204699553061334 2.78433277400989e-05 2.90649634741653e-06 2.32814969776578e-07 1.43088963313534e-08 6.7472445993365e-10 2.44089680288718e-11 6.77419008212444e-13 1.44223564741129e-14 2.35545343663523e-16 2.95095703544469e-18 2.83591707352593e-20 2.0905469231347e-22 1.18210633981548e-24 5.1271816486939e-27 1.70577739503205e-29 4.3529533066926e-32 8.52041268965458e-35 1.27923274227482e-37 1.47315513782727e-40 1.30123376680222e-43 8.81593256029853e-47 4.58126761204769e-50 1.82602230002415e-53 5.58249317407233e-57 1.30903379403675e-60 2.35436064777283e-64 3.24783259392638e-68 3.43646499722534e-72 2.78886224907413e-76 1.73595446571274e-80 8.28791065931638e-85 3.03491583956316e-89 8.52398246079876e-94 1.83625180137183e-98 3.03399767211053e-103 3.84495390443909e-108 3.73731338077044e-113 2.78624951234534e-118 1.5932072036982e-123 6.98740575097441e-129 2.35044889083709e-134 6.0642421033727e-140 1.20003209635082e-145 1.82137580239153e-151 2.12029557774729e-157 1.89314198047946e-163 1.29646172762332e-169 6.80966529370401e-176 2.74334993684794e-182 8.47668151315758e-189 2.00890585413657e-195 3.6515917700266e-202 5.09088909707549e-209 5.44369402114063e-216 4.46459747927809e-223 2.80840238019408e-230 1.35495436147233e-237 5.01392937982632e-245 1.42304906066352e-252 3.09777276533912e-260 5.17210317461345e-268 6.62327304108417e-276 6.50527885761989e-284 4.90057323083723e-292 2.83149295862863e-300 1.25479176475365e-308 4.264963882044e-317 0 0 0 0 0 0 0 0 0 0 0
4.79908307971424 4.20996198268952 2.83636295471096 1.47051106469895 0.590457008874082 0.188145711791113 0.0525904783756705 0.0178614158580463 0.0105718655525807 0.00891021754670954 0.0082188362411003 0.00773806963693983 0.00735765150708174 0.00705703512592126 0.00682867316815632 0.00666601808190372 0.00656171250689191 0.00650842260305075 0.00649894649968437 0.00652459852382772 0.00657339296661563 0.00663062785660916 0.0066823753104567 0.00671731223923483 0.00672143244142121 0.00667147758677472 0.00654371897818634 0.0063389062664007 0.00609541238208524 0.00587094722064839 0.00571424932763465 0.00565719231223512 0.00572088928912405 0.00590972741534136 0.00620649736394852 0.00661288647769917 0.00719717337310505 0.00802142257961448 0.00897974343022714 0.00981381864238291 0.0103607506966722 0.0106480701332501 0.010652507479506 0.010176926309464 0.00914927330261832 0.00787092144183197 0.00678654449994946 0.00611530605073673 0.00579896186986983 0.00568779109058021 0.00567842960566668 0.00573012957194275 0.00583507781982955 0.00599569657361387 0.00621497148074495 0.00649478716120552 0.00684019401902176 0.00726944035492284 0.00784090692158637 0.00876277345763863 0.0107920769512807 0.0161993487728862 0.0297702564957938 0.0570847587104557 0.0972287336391158 0.13530501459051 0.148572197857862 0.126882976772646 0.0837406725080128 0.0425789223669052 0.0166521944636373 0.00500455997086738 0.00115514168875668 0.000204703122059123 2.78438809660049e-05 2.90655813950324e-06 2.32820041688427e-07 1.43092050515865e-08 6.7473844665361e-10 2.44094397099151e-11 6.77430808619166e-13 1.44225737478007e-14 2.35548240945488e-16 2.95098406239271e-18 2.83593314839015e-20 2.09055079718082e-22 1.18210366103484e-24 5.12714744401787e-27 1.70575804087111e-29 4.35288245462506e-32 8.52022992712246e-35 1.27919838968029e-37 1.47310729218994e-40 1.30118391275307e-43 8.81554158627589e-47 4.58103590633674e-50 1.8259182359911e-53 5.58213824418269e-57 1.30894171852272e-60 2.35417874754019e-64 3.24755867158775e-68 3.43615032162127e-72 2.78858630869124e-76 1.73576966138632e-80 8.28696497742073e-85 3.03454594637738e-89 8.52287623259779e-94 1.8359987725274e-98 3.03355492436338e-103 3.84436112269391e-108 3.73670599356779e-113 2.78577314734519e-118 1.59292119406031e-123 6.98609099654397e-129 2.3499861023494e-134 6.06299460447501e-140 1.19977454789064e-145 1.82096853789432e-151 2.11980225941248e-157 1.8926842156507e-163 1.29613630272231e-169 6.80789282430836e-176 2.74261024532681e-182 8.47431619843606e-189 2.00832627276175e-195 3.65050347565721e-202 5.08932305747765e-209 5.44196698997089e-216 4.46313781072569e-223 2.80745684107085e-230 1.35448491126727e-237 5.01214290422599e-245 1.42252796898928e-252 3.09660769562279e-260 5.17010643695958e-268 6.62064984118523e-276 6.50263710311297e-284 4.89853378065212e-292 2.83028597404951e-300 1.25424416118761e-308 4.26305876491363e-317 0 0 0 0 0 0 0 0 0 0
4.79729211078577 4.20838639968991 2.83529614300693 1.46995232905774 0.590226937261972 0.188066695438266 0.0525627971673769 0.0178470933636132 0.0105606650547058 0.00890049106444695 0.00821037081850203 0.00772943725150994 0.00734571868667302 0.0070383398210774 0.00680127126714792 0.00663004856596928 0.00651850739696426 0.00645929320319007 0.00644452135242324 0.00646478602037998 0.00650769019188672 0.00655852586657421 0.00660366899155177 0.00663217396770888 0.00663027358197887 0.0065747767715227 0.00644187107442344 0.00623188294052047 0.00598193861632404 0.00574659789103595 0.00556736931951405 0.00546406664781474 0.00544948781290551 0.00553997714593308 0.00574269784369503 0.00604471890405685 0.00645019618147512 0.00702670049632936 0.0078352943743108 0.00877414503144327 0.00959316829169673 0.0101336724691844 0.0104209982936904 0.0104320745222163 0.00997649597333929 0.00898527545959317 0.00775072832783715 0.00670366633259337 0.00605653998635318 0.00575335323957061 0.00564975134253691 0.00564646331631814 0.00570485511379889 0.00581764747213597 0.00598626728188966 0.00621159039544964 0.00649371582383709 0.00683759669758562 0.00726289233683194 0.00782963746165618 0.00874706423403482 0.0107725759581752 0.016176527774677 0.0297441624061414 0.0570554480605033 0.0971974085788627 0.13527479206522 0.148547136668825 0.126865735924121 0.0837310520853425 0.0425746285473668 0.0166506749928356 0.00500413611993807 0.00115504887793328 0.000204687220641036 2.78417551298284e-05 2.90633692404827e-06 2.32802163590268e-07 1.43080852029529e-08 6.74684180837187e-10 2.44074087202638e-11 6.77372184172788e-13 1.44212702725619e-14 2.35525939865414e-16 2.95069072360651e-18 2.83563671876976e-20 2.09032079714594e-22 1.1819667043978e-24 5.12652180635577e-27 1.70553885271749e-29 4.35229366059351e-32 8.51901742532139e-35 1.27900700237966e-37 1.47287576095688e-40 1.30096925932006e-43 8.81401657319342e-47 4.58020567298168e-50 1.82557189236505e-53 5.58103113859932e-57 1.30867054708185e-60 2.35366979980801e-64 3.24682672337736e-68 3.43534369810839e-72 2.78790514490289e-76 1.73532887293653e-80 8.28477915226719e-85 3.03371529975846e-89 8.52045719670311e-94 1.83545888521731e-98 3.03263148478312e-103 3.843150613267e-108 3.73548983026714e-113 2.78483668736763e-118 1.59236851936785e-123 6.98359098397982e-129 2.34911930800275e-134 6.06069104203441e-140 1.19930529984078e-145 1.82023582841777e-151 2.11892526666107e-157 1.89187957341992e-163 1.29557037656429e-169 6.80484160032307e-176 2.74134913585915e-182 8.47032040884313e-189 2.00735569557172e-195 3.64869612893642e-202 5.08674291996318e-209 5.43914315019556e-216 4.46076840902565e-223 2.8059326331682e-230 1.35373318138139e-237 5.00930042988189e-245 1.4217039195391e-252 3.09477607023368e-260 5.16698502417149e-268 6.61657133362166e-276 6.49855117194659e-284 4.89539526305048e-292 2.82843753243047e-300 1.25340944600106e-308 4.26016897495111e-317 0 0 0 0 0 0 0 0 0
4.79547919855808 4.20679192709511 2.83421782940266 1.46938988396141 0.589998379251191 0.187991225806335 0.0525385334798888 0.0178352981171771 0.0105511391627088 0.00889180915402179 0.00820280408243897 0.00772247321899678 0.00733699853069498 0.00702420447880568 0.0067786890160545 0.00659816220056752 0.00647845280403758 0.00641281795336936 0.00639278402301013 0.00640801928511724 0.00644552054101199 0.0064904864921866 0.00652957615501604 0.00655222114991472 0.00654490478869425 0.00648453538444827 0.00634728116416494 0.00613320093802271 0.00587870606716229 0.00563699997987433 0.00544671817926288 0.00532099339131723 0.00526115337190903 0.0052755257425557 0.00538277732901028 0.00559346550958506 0.00589751743679327 0.00630038817522963 0.00686841204254865 0.00766141754292876 0.00858125128903698 0.00938553072141155 0.00991951821923198 0.0102064958988484 0.010223590490685 0.00978675378353124 0.00882987380388967 0.00763666515406033 0.00662479337679103 0.00600034976768506 0.00570953468476611 0.00561326906910316 0.00561641107413309 0.00568233178438734 0.00580369447298626 0.00598011901774586 0.00621019437187539 0.00649302931344351 0.00683443777844996 0.00725572596049176 0.00781821628959897 0.0087318345003346 0.0107541370961739 0.0161549064965687 0.0297182402108559 0.0570234730368981 0.097158986547159 0.135233083508501 0.148508628669708 0.126836644503113 0.0837134775526237 0.042566252861975 0.0166475516070143 0.00500322938482605 0.00115484464090893 0.000204651608853654 2.7836956207344e-05 2.90583775576677e-06 2.32762124614171e-07 1.4305610566268e-08 6.74566406717271e-10 2.44030949314291e-11 6.77250640360592e-13 1.4418637014952e-14 2.35482088360928e-16 2.95012958576109e-18 2.83508511369969e-20 2.08990435507413e-22 1.1817252944334e-24 5.12544745169703e-27 1.70517185830565e-29 4.35133154644534e-32 8.51708192669941e-35 1.2787082517668e-37 1.47252198279498e-40 1.30064787736486e-43 8.81177709443873e-47 4.57900871649282e-50 1.82508122128811e-53 5.57948851035264e-57 1.30829860799606e-60 2.35298208926345e-64 3.24585162420489e-68 3.43428349495626e-72 2.78702121798796e-76 1.7347637773078e-80 8.28200903199194e-85 3.03267408480263e-89 8.51745636003115e-94 1.83479575233312e-98 3.03150788430944e-103 3.84169087819685e-108 3.73403576053734e-113 2.7837261214607e-118 1.59171816405234e-123 6.98067084126649e-129 2.34811398729516e-134 6.05803733598201e-140 1.19876820697749e-145 1.81940234816982e-151 2.11793354044232e-157 1.89097479925052e-163 1.29493746647862e-169 6.80144691988422e-176 2.73995304856744e-182 8.46591805583082e-189 2.00629126421924e-195 3.64672273905315e-202 5.08393766353929e-209 5.43608542341479e-216 4.45821280674666e-223 2.80429484253603e-230 1.35292836635208e-237 5.00626787684449e-245 1.42082773131924e-252 3.09283489327797e-260 5.16368730570349e-268 6.61227552664574e-276 6.49426015080867e-284 4.89210853919276e-292 2.82650710101052e-300 1.25254001316958e-308 4.25716703208698e-317 0 0 0 0 0 0 0 0
4.7936406617063 4.20517574585522 2.83312517519269 1.46881973724497 0.589766430046001 0.187915134587255 0.0525156461572292 0.0178260369774783 0.010544450410785 0.00888594685869279 0.00819831876490914 0.00771930716484322 0.00733301241049566 0.00701556138208153 0.00676188099795284 0.00657183775657273 0.00644347261991354 0.0063709027807049 0.00634520765980586 0.00635517394872323 0.00638719413985139 0.00642636235888981 0.0064595998575922 0.00647668773059117 0.00646433857503676 0.00639955981114356 0.00625852564187164 0.00604108373202726 0.00578307469582022 0.0055368520201155 0.00533990235621502 0.00520287953981587 0.00512083188202793 0.0050910112513738 0.00512427886828939 0.00524226955143126 0.0054575831575721 0.00576182790320664 0.00616112845595087 0.00672037552591054 0.00749808529615432 0.00839949402210514 0.0091894533543931 0.00971696181271487 0.0100033807273329 0.0100260457106225 0.00960692435542223 0.00868262038306562 0.00752871026065443 0.00655041632394974 0.00594779499034195 0.00566910556534709 0.00558027664112396 0.00559013538441408 0.00566395378302883 0.00579411845781719 0.00597813691876578 0.00621219178333336 0.00649462319117293 0.00683251468967743 0.00724915508203306 0.00780720108551751 0.00871695125061985 0.0107356475623844 0.0161322122781245 0.0296894560237377 0.0569858571704127 0.0971112332153127 0.135178634390497 0.14845623187324 0.126795708586875 0.0836880775371655 0.0425538894975911 0.0166428642866212 0.00500185111424144 0.0011545311805914 0.000204596568919819 2.78295043185618e-05 2.90506053753405e-06 2.32699722308543e-07 1.43017557920171e-08 6.74383282958051e-10 2.43964071959617e-11 6.77062938214372e-13 1.4414589371283e-14 2.35415041086738e-16 2.94927663983108e-18 2.83425191306959e-20 2.08927946972495e-22 1.18136553174e-24 5.12385764009182e-27 1.70463266662705e-29 4.34992819087671e-32 8.5142791882604e-35 1.27827876007268e-37 1.4720170254158e-40 1.30019241149336e-43 8.80862547163219e-47 4.57733582235914e-50 1.82440007676631e-53 5.57736120704161e-57 1.30778901498668e-60 2.35204580525766e-64 3.24453224531758e-68 3.43285756473465e-72 2.78583930884254e-76 1.7340124687148e-80 8.27834639873061e-85 3.03130477217517e-89 8.51353045311454e-94 1.83393257417402e-98 3.03005249401604e-103 3.83980907922336e-108 3.73216990340469e-113 2.78230741635094e-118 1.59089096107093e-123 6.97697225044444e-129 2.34684585924101e-134 6.05470313887549e-140 1.19809597406919e-145 1.81836303156064e-151 2.11670135787251e-157 1.88985458511118e-163 1.29415651199697e-169 6.79727199056938e-176 2.73824157000464e-182 8.46053792224538e-189 2.00499434073324e-195 3.64432536448744e-202 5.08053939021873e-209 5.43239154751515e-216 4.4551338140842e-223 2.80232678314585e-230 1.35196371178631e-237 5.00264202166457e-245 1.41978263804295e-252 3.09052492179613e-260 5.1597719955765e-268 6.60718649979445e-276 6.48918775191326e-284 4.88823147307858e-292 2.8242345939393e-300 1.25151855498649e-308 4.25364533216342e-317 0 0 0 0 0 0 0
4.79177568821899 4.20353675690493 2.83201815625852 1.46824380890133 0.58953396657915 0.187840282569582 0.0524940060846975 0.0178176322045489 0.0105381656715131 0.00888010126597272 0.00819383954200107 0.00771698166569408 0.0073318879664409 0.00701251007146497 0.00675271287488686 0.00655337330634286 0.00641489953186611 0.00633339116297288 0.00630049723187821 0.00630446800091141 0.00633093428119811 0.00636460307971097 0.00639245224631146 0.00640450563338813 0.00638766320975445 0.00631902847191048 0.00617480334820572 0.00595466395357003 0.00569394419205374 0.00544429264591482 0.00524253880239094 0.005098525170158 0.00500508470365076 0.00495341127360101 0.00494359321235727 0.00498966105472559 0.00511490939301729 0.00533286347356983 0.00563616946311491 0.00603131309215818 0.00658167995156858 0.0073444620616324 0.00822804118030568 0.00900407360906412 0.00952509014243462 0.00981065848920185 0.00983832684251815 0.0094357482089838 0.00854209114888801 0.00742525793424176 0.00647877677342191 0.00589715557008866 0.00563084349400918 0.00555068318002492 0.00556902770108812 0.00565207165279787 0.00579083648129402 0.0059805250434044 0.00621596804707868 0.00649599672039216 0.00682932092819361 0.00724090907776034 0.00779456201075971 0.00870087562831029 0.0107165116645478 0.0161091381335493 0.0296597369854325 0.0569452416402405 0.0970568387993011 0.135113744138721 0.14839168438428 0.126744081757245 0.0836554984463159 0.0425378331973019 0.0166367199259674 0.00500003177487606 0.0011541152780531 0.000204523274940219 2.78195571673453e-05 2.90402166519949e-06 2.32616273590388e-07 1.42966024683852e-08 6.74138703377577e-10 2.43874885187926e-11 6.76813116031675e-13 1.4409214969718e-14 2.35326258464664e-16 2.94815057300718e-18 2.83315547048222e-20 2.08845997420432e-22 1.18089541594953e-24 5.12178786259658e-27 1.70393335650389e-29 4.34811512604458e-32 8.51067234630613e-35 1.27772822298561e-37 1.47137230796104e-40 1.29961317572139e-43 8.80463314585615e-47 4.57522493802692e-50 1.82354391566299e-53 5.57469750740207e-57 1.30715333127314e-60 2.35088218433606e-64 3.24289849324118e-68 3.43109820136799e-72 2.78438615645885e-76 1.73309192317965e-80 8.27387389271882e-85 3.02963820870147e-89 8.50876776197951e-94 1.83288872546874e-98 3.02829791570384e-103 3.83754728032241e-108 3.72993387317286e-113 2.78061213949366e-118 1.589905271687e-123 6.97257710192467e-129 2.34534292866097e-134 6.0507618858067e-140 1.19730336659592e-145 1.81714064353513e-151 2.11525563200368e-157 1.8885433281307e-163 1.2932444719604e-169 6.79240720594662e-176 2.73625164596877e-182 8.45429580072589e-189 2.00349275346859e-195 3.64155528983444e-202 5.07662057385992e-209 5.4281400592632e-216 4.4515966935779e-223 2.80007004187217e-230 1.35085953901084e-237 4.99849901141751e-245 1.4185905204371e-252 3.08789437049417e-260 5.15532056579365e-268 6.60140982540407e-276 6.48343888276366e-284 4.88384400749157e-292 2.82166672768143e-300 1.2503660068037e-308 4.24967847909296e-317 0 0 0 0 0 0
4.78988120147605 4.20187291863031 2.8308956359896 1.46766114066002 0.589300478050816 0.187767255883486 0.0524749590527187 0.017811645455885 0.010534182973982 0.00887645318124155 0.0081911368743137 0.00771612464211713 0.00733264441503205 0.007012347379021 0.00674732781638105 0.00653891280401997 0.00638991880908238 0.00629891698501091 0.00625855035583944 0.00625660251931357 0.00627778915490771 0.00630628513243912 0.00632906649529201 0.00633639473702846 0.00631536846497725 0.00624320387658614 0.00609615296782625 0.00587374997063566 0.00561086142295093 0.00535848914921454 0.0051529382764981 0.00500370890275862 0.00490302982038328 0.00483996996637543 0.0048086976887343 0.00481275674031114 0.00486804591810769 0.00499843776244515 0.0052177899482612 0.00551946152264161 0.00591014051831825 0.00645171290347797 0.00720006990212361 0.00806652788611638 0.00882915264565268 0.00934382059879014 0.00962842903762522 0.009660739547694 0.0092737656471483 0.00840907118548223 0.00732726977988272 0.00641080546667184 0.00584895960736549 0.00559439423981936 0.00552284926596203 0.00555011842498263 0.00564291801919823 0.00579029739831091 0.00598490290282205 0.00622066227896959 0.00649766827325381 0.00682655090240106 0.00723346169502979 0.0077827631290181 0.00868545547209926 0.0106979629338517 0.016086359781012 0.0296289849310515 0.0569007823436386 0.0969946463799655 0.135037302869478 0.148314027532429 0.126681008898714 0.083615248383939 0.0425178363162253 0.0166290243781582 0.00499774442576435 0.00115359111510558 0.000204430775456846 2.78069966196004e-05 2.90270998346568e-06 2.32510976701567e-07 1.42901067387992e-08 6.73830843744349e-10 2.4376281298706e-11 6.76499796970302e-13 1.44024890026053e-14 2.35215405798544e-16 2.94674804077095e-18 2.83179335902043e-20 2.08744464188885e-22 1.18031456286097e-24 5.11923776295663e-27 1.70307423631764e-29 4.34589420892781e-32 8.50626709801076e-35 1.27705780142633e-37 1.47058951526058e-40 1.29891196261925e-43 8.79981430709365e-47 4.57268449285597e-50 1.822516515988e-53 5.57151023365327e-57 1.30639486057356e-60 2.34949770075512e-64 3.24096003139098e-68 3.4290164023066e-72 2.78267131165724e-76 1.73200847458236e-80 8.2686236074769e-85 3.02768682461213e-89 8.5032051010539e-94 1.83167254631395e-98 3.02625860558699e-103 3.83492465794065e-108 3.72734714126114e-113 2.77865542712249e-118 1.5887701052588e-123 6.96752646178493e-129 2.34361953184082e-134 6.04625191211161e-140 1.19639823711825e-145 1.81574750688131e-151 2.11361117862168e-157 1.88705467690253e-163 1.29221098078089e-169 6.78690468079691e-176 2.73400487960941e-182 8.44726032128035e-189 2.00180321218898e-195 3.63844369702725e-202 5.07222581375633e-209 5.42337985312864e-216 4.44764253292376e-223 2.7975510852313e-230 1.34962891654164e-237 4.99388831260542e-245 1.41726573213105e-252 3.08497516852055e-260 5.15038746622998e-268 6.59501669016914e-276 6.4770848944963e-284 4.87900097145635e-292 2.81883580462562e-300 1.24909695944527e-308 4.24531538537454e-317 0 0 0 0 0
4.78795853260073 4.20018472423061 2.8297569450946 1.46706995169431 0.589062789054271 0.187691850588497 0.0524549104325269 0.0178060970218812 0.010531462392575 0.00887423222781521 0.00819005494825669 0.00771756480270574 0.00733695281689377 0.00701753039754535 0.00674921114067441 0.00653299534833649 0.00637354652684339 0.00627198620535787 0.00622253429223287 0.00621315849056662 0.00622802804742426 0.00625082202467316 0.00626838059964418 0.00627105556446225 0.00624604485373285 0.00617062600265617 0.00602108305692261 0.00579681297508057 0.00553223542783557 0.00527773679964301 0.00506914551150893 0.00491574037595379 0.004809597432477 0.00473922271033393 0.004696676449809 0.00467971467054704 0.00469403867295896 0.00475633462095653 0.00489048542860717 0.00511039905257584 0.00540997133331428 0.0057960056813352 0.00632892748936572 0.00706336838677913 0.00791339108477411 0.00866310506718315 0.00917156439276262 0.00945512474612538 0.00949178116881362 0.00911963407076929 0.00828254443900686 0.00723430394163722 0.00634697191125838 0.00580496234183159 0.00556300606685144 0.00550126302019394 0.0055383356193252 0.00564086386737283 0.00579569774494768 0.00599331806206892 0.006227442210419 0.00649983818951485 0.00682319320135603 0.00722498132299441 0.00777000398824028 0.00866908056426124 0.0106779588840728 0.0160612659669384 0.0295947741378509 0.0568508830900722 0.096923886958058 0.134949160211822 0.148223574457544 0.126607027394075 0.0835678060240634 0.0424941826274689 0.0166198973958693 0.00499502616663366 0.00115296727579046 0.00020432056941853 2.77920215346103e-05 2.90114562305352e-06 2.32385391120452e-07 1.42823612297622e-08 6.73463927520215e-10 2.43629334880407e-11 6.76126964844853e-13 1.43944939423514e-14 2.35083795871931e-16 2.94508511073441e-18 2.83018069875633e-20 2.08624441118752e-22 1.17962905516977e-24 5.11623333793849e-27 1.70206384420149e-29 4.34328698556093e-32 8.50110521447601e-35 1.27627371604346e-37 1.46967576268079e-40 1.29809502269669e-43 8.79421112000312e-47 4.56973632714901e-50 1.82132656355899e-53 5.56782590575787e-57 1.30551981895634e-60 2.34790353890685e-64 3.23873230653797e-68 3.42662854207263e-72 2.78070809687474e-76 1.73077044176172e-80 8.26263540757732e-85 3.02546528008155e-89 8.49688384193815e-94 1.83029299574087e-98 3.0239494504412e-103 3.83196019255473e-108 3.72442827577003e-113 2.77645121623126e-118 1.58749348780803e-123 6.96185579094067e-129 2.34168768886231e-134 6.04120447589654e-140 1.19538682164028e-145 1.81419316557819e-151 2.11177920302843e-157 1.88539872350608e-163 1.29106301103467e-169 6.78080136850347e-176 2.731516293937e-182 8.43947833234979e-189 1.99993692321222e-195 3.6350111475651e-202 5.06738404771032e-209 5.41814216762391e-216 4.44329719785554e-223 2.79478634046133e-230 1.34827984651148e-237 4.9888398234084e-245 1.4158168410994e-252 3.08178614815033e-260 5.14500444484995e-268 6.58804814422325e-276 6.47016649667684e-284 4.87373332913105e-292 2.81575988823025e-300 1.24771949491947e-308 4.24058520088125e-317 0 0 0 0
4.78600600707526 4.19847061218077 2.82860124209763 1.46647121316863 0.588824463799273 0.187619279852341 0.0524384480292334 0.0178036012346835 0.0105309987880138 0.00887327808981203 0.00818888478282164 0.00771776393734999 0.00734016911397728 0.0070235349468914 0.00675470908267775 0.00653268210566895 0.00636286680240703 0.00624930454444153 0.00618907716180509 0.0061713101051409 0.00617975870793432 0.00619724859856413 0.00621012706490968 0.00620866036973543 0.00618010627131618 0.00610182004066898 0.00595014650654781 0.00572437528818001 0.00545851124793469 0.00520235919389077 0.00499130585849849 0.00483445655730986 0.00472385514683319 0.00464788675502276 0.00459802097884326 0.00456992174354666 0.00456364432318291 0.0045859624569878 0.00465377731198085 0.00479072307574963 0.00501062174039381 0.00530779914105359 0.00568911996572428 0.00621359980179196 0.00693465721323225 0.00776892605295979 0.0085062103311367 0.00900857237983548 0.00929092853273775 0.00933149355445419 0.00897314574347877 0.0081618848537703 0.00714506774850752 0.0062850697484169 0.00576203133189764 0.00553306740002428 0.0054825739343555 0.0055309653650055 0.00564338301117902 0.00580389248862171 0.00600178680429274 0.00623225128354605 0.00649964635204405 0.00681834222975829 0.00721616755500417 0.00775778932068282 0.00865386826203578 0.0106595383551055 0.0160376459227106 0.029560785006576 0.0567983846777199 0.0968464816369662 0.134850582017425 0.14812113942428 0.126522602487058 0.083513387360319 0.0424669490420652 0.0166093588902847 0.00499188038386512 0.00115224400290314 0.000204192610362711 2.77746138349503e-05 2.89932548639379e-06 2.32239171765122e-07 1.42733387212758e-08 6.73036383792389e-10 2.43473776891259e-11 6.75692450736175e-13 1.43851771472857e-14 2.34930461582347e-16 2.94314830065223e-18 2.82830320107197e-20 2.08484775415742e-22 1.17883180513243e-24 5.1127413503308e-27 1.70089028424215e-29 4.34026094185751e-32 8.49511879886864e-35 1.27536512996649e-37 1.46861782565059e-40 1.29715001328025e-43 8.78773546008492e-47 4.56633229716045e-50 1.81995392933056e-53 5.56358010364784e-57 1.30451242303997e-60 2.34607009012312e-64 3.23617278523968e-68 3.42388782748069e-72 2.77845708290258e-76 1.7293523754247e-80 8.25578346106038e-85 3.02292591051237e-89 8.4896656534663e-94 1.82871931347436e-98 3.02131803820692e-103 3.82858545113119e-108 3.72110880439179e-113 2.77394700212393e-118 1.58604456378135e-123 6.95542611421651e-129 2.33949942357767e-134 6.03549263316031e-140 1.19424337407736e-145 1.81243759429042e-151 2.10971200775445e-157 1.8835318963609e-163 1.28977005081966e-169 6.77393347320179e-176 2.72871848063899e-182 8.43073716235929e-189 1.9978424467671e-195 3.63116225430425e-202 5.06195966652316e-209 5.41227919277524e-216 4.4384371675688e-223 2.79169666604572e-230 1.34677345106432e-237 4.98320711066827e-245 1.41420155897003e-252 3.0782336714456e-260 5.13901252373628e-268 6.58029723047688e-276 6.46247711008904e-284 4.86788297034152e-292 2.8123461879413e-300 1.24619185691477e-308 4.23534217624759e-317 0 0 0
4.7840175135341 4.19672554481845 2.82742555679061 1.46586289838217 0.588582721861116 0.187545674819363 0.0524215858052505 0.0178011404778119 0.0105314321049231 0.00887436634134935 0.00819061297956985 0.00772092535351908 0.00734576983421821 0.0070316709299515 0.00676331775774973 0.00653740829829073 0.00635883839465724 0.00623365062518387 0.00616192618046138 0.00613465553399781 0.00613573349538851 0.00614730704154928 0.00615517891616757 0.00614943156824214 0.0061173136489902 0.0060362228516918 0.00588254821976819 0.00565546656786435 0.00538857348778152 0.0051311063486707 0.00491802750542658 0.00475828923881489 0.00464394126826796 0.00456336184089057 0.00450785883496187 0.0044724773218652 0.0044552120566776 0.00445733634813441 0.00448611356304744 0.00455839184535106 0.00469743952589109 0.00491692407735235 0.00521153301224561 0.00558816125838351 0.00610447571541126 0.00681273521131433 0.00763198866765844 0.00835741768062428 0.00885395016729929 0.00913518127704334 0.0091795599040682 0.00883448586344424 0.00804798604143204 0.00706135786135362 0.00622786659669339 0.00572367065595484 0.00550812253281238 0.00546931865369743 0.00552875686262431 0.00564976939434627 0.00581430340571688 0.00601154507132644 0.00623837390302772 0.0065009330777615 0.00681455561761179 0.00720751710624597 0.00774485162558825 0.00863737594668249 0.0106395680817545 0.0160121406060281 0.0295239366248706 0.056740854568358 0.096760698384303 0.134740342665218 0.14800581699744 0.126427097192943 0.0834516182943576 0.0424359662647501 0.0165973520954905 0.00498829335769518 0.00115141900272156 0.000204046660434547 2.77547654661621e-05 2.8972513684599e-06 2.32072679019731e-07 1.42630749077186e-08 6.72550542112967e-10 2.43297217630526e-11 6.75199906917521e-13 1.43746304715461e-14 2.34757134246733e-16 2.940962206554e-18 2.8261873035983e-20 2.08327622920674e-22 1.17793617562215e-24 5.10882485418377e-27 1.69957623158399e-29 4.33687827915352e-32 8.48843809980551e-35 1.27435287483148e-37 1.46744116421057e-40 1.2961007221693e-43 8.78055729081202e-47 4.56256529695692e-50 1.81843746040048e-53 5.55889715281232e-57 1.30340312887593e-60 2.34405447197602e-64 3.23336348586984e-68 3.42088444747976e-72 2.77599422288539e-76 1.72780326842656e-80 8.24830984529221e-85 3.02016034767338e-89 8.48181626591955e-94 1.82701054256605e-98 3.01846488979734e-103 3.82493157171325e-108 3.71751982884042e-113 2.77124322703275e-118 1.58448230872161e-123 6.94850282674566e-129 2.33714627282453e-134 6.02935837315805e-140 1.1930169296047e-145 1.81055695602662e-151 2.10750027405365e-157 1.88153695909697e-163 1.28839000578552e-169 6.76661157369881e-176 2.7257391428765e-182 8.42143936083093e-189 1.99561706500728e-195 3.62707725720182e-202 5.05620869405245e-209 5.40606975133912e-216 4.43329525172948e-223 2.78843110273457e-230 1.34518288556065e-237 4.97726548942799e-245 1.41249932984797e-252 3.0744935090444e-260 5.13270988984761e-268 6.57215182511459e-276 6.45440360380057e-284 4.86174576811136e-292 2.80876821238959e-300 1.24459206702188e-308 4.22985557725052e-317 0 0
4.78199470967994 4.19495101784678 2.82623078018155 1.46524540360389 0.588338245063979 0.18747275642744 0.0524068845303623 0.0178008256221674 0.0105329993860508 0.00887535201953226 0.00819125862292953 0.00772248111135648 0.00735013874024598 0.00704028907033094 0.0067752227386051 0.00654837924121114 0.0063629684752625 0.00622626952231146 0.00614149853153593 0.00610249228653463 0.00609436335441934 0.00609905854886847 0.00610170236802526 0.00609185256643886 0.00605649499998821 0.0059729538819269 0.00581762858837782 0.00558958293974929 0.00532201758854597 0.00506362328967371 0.00484895864140413 0.00468684166001355 0.00456935077434702 0.00448489975990358 0.00442475124413609 0.00438375237893911 0.00435927078024003 0.00435056175095075 0.00435953183831667 0.00439365316826213 0.00446959353387709 0.00461020308345761 0.00482895941466286 0.00512086172212488 0.00549281224549321 0.00600118916465034 0.00669714195772914 0.00750198498059987 0.00821597227890601 0.00870675266795201 0.00898670003158489 0.00903450480297067 0.00870186257641044 0.0079387950283376 0.00698106402060393 0.00617360959612727 0.00568902212422156 0.00548853992658343 0.00546291542349041 0.00553357427739173 0.00566156718174983 0.0058272879895825 0.00602103058720372 0.00624241390284302 0.00649957766735208 0.00680832663657576 0.007196974134514 0.00773088510584003 0.00862084276864107 0.0106201370966298 0.0159869472897832 0.0294862414447166 0.0566802443817547 0.0966685841957709 0.134620496306468 0.147879379205237 0.126321760855469 0.0833832043611788 0.0424015502753638 0.0165839883669715 0.00498429573614409 0.00115049881692799 0.00020388379600962 2.77326122919836e-05 2.89493637286842e-06 2.31886875301293e-07 1.42516234469292e-08 6.72008665518219e-10 2.43100375973915e-11 6.74651042910385e-13 1.43628840617043e-14 2.34564201665546e-16 2.93853034977098e-18 2.82383508297883e-20 2.08153038950524e-22 1.17694192015107e-24 5.10448033213762e-27 1.69811969568419e-29 4.33313181330438e-32 8.48104492071587e-35 1.27323359653025e-37 1.46614119865321e-40 1.29494247073889e-43 8.77264062762026e-47 4.55841440356452e-50 1.81676793336623e-53 5.55374616246306e-57 1.3021840638472e-60 2.34184139871488e-64 3.23028177526752e-68 3.41759282648891e-72 2.7732974470764e-76 1.72610857008957e-80 8.24014123241225e-85 3.01714033550219e-89 8.47325239850572e-94 1.82514790353951e-98 3.01535759908873e-103 3.82095575246954e-108 3.71361807130017e-113 2.76830638646098e-118 1.58278686007305e-123 6.94099574768427e-129 2.3345968757396e-134 6.02271815506969e-140 1.19169043977711e-145 1.80852459566048e-151 2.10511207051912e-157 1.87938460108201e-163 1.28690225880147e-169 6.75872453497643e-176 2.72253236982657e-182 8.41143956918065e-189 1.99322550462572e-195 3.62269054951857e-202 5.0500375976485e-209 5.39941163058626e-216 4.42778582799105e-223 2.78493466832934e-230 1.34348108416023e-237 4.97091281963784e-245 1.41068060384403e-252 3.07050012037738e-260 5.12598509631411e-268 6.56346663770056e-276 6.44580075817498e-284 4.85521043659115e-292 2.80496057514631e-300 1.2428906691786e-308 4.22402560262959e-317 0
4.77993419735581 4.19314357950604 2.82501477757039 1.46461862743219 0.588091650732357 0.187400018583349 0.0523928895953327 0.0178021624331154 0.0105373670667071 0.00887961811110873 0.00819494980326056 0.0077263497432666 0.00735557542129682 0.0070487077689052 0.00678677305689588 0.0065604574454537 0.00637032683768171 0.00622341075371606 0.00612552919477293 0.00607400643554245 0.00605602195246225 0.00605363558998685 0.00605114854875898 0.00603737455804526 0.00599893132356966 0.00591306047281094 0.00575619510803861 0.00552730873770475 0.00525922506337532 0.0050001048725826 0.00478411780806086 0.00461995983392707 0.00449975093068931 0.00441196042794157 0.00434784622557335 0.00430217045207267 0.00427208258286405 0.00425621248414591 0.00425449288842211 0.00426917719021531 0.00430780633322303 0.00438680654436737 0.00452859114607172 0.00474643125147856 0.00503560086596955 0.0054029957136342 0.0059037677340463 0.00658800887668851 0.00737916160257059 0.00808226801465546 0.00856756156360582 0.00884627975057797 0.00889733196999344 0.00857643094822647 0.00783544754671271 0.00690496170641857 0.00612226160275988 0.00565687142585753 0.00547180034232012 0.00545960107853258 0.00554069498242864 0.00567397252209712 0.00583952223709912 0.00602969455886493 0.0062464470044231 0.00649893942502799 0.00680317279977535 0.00718777536461237 0.00771834361991827 0.00860529096130402 0.0106009080329802 0.0159612411608586 0.0294470437753329 0.0566159192987227 0.0965691144952454 0.134489693164874 0.147740626055972 0.126205860967942 0.0833078279374951 0.0423635986384439 0.0165692409320872 0.00497988107893271 0.00114948192928004 0.000203703695133105 2.77080990883737e-05 2.89237327353069e-06 2.31681052079579e-07 1.42389323790984e-08 6.71407895690534e-10 2.42882067939088e-11 6.74042152942388e-13 1.43498500260321e-14 2.34350080657172e-16 2.93583103382354e-18 2.82122388668151e-20 2.0795921975526e-22 1.17583807564607e-24 5.09965688937673e-27 1.69650262012286e-29 4.32897256709294e-32 8.47283765675394e-35 1.27199116932564e-37 1.46469834433172e-40 1.29365705391255e-43 8.76385592383112e-47 4.55380903680912e-50 1.8149159027384e-53 5.54803305544259e-57 1.30083220703094e-60 2.33938772109339e-64 3.22686569931385e-68 3.41394481783095e-72 2.77030932734785e-76 1.72423120077904e-80 8.23109417985288e-85 3.01379633318088e-89 8.46377204078095e-94 1.82308642668304e-98 3.01191944845404e-103 3.81655769030092e-108 3.70930302577391e-113 2.7650592938975e-118 1.58091278444564e-123 6.93269990011567e-129 2.33178034935385e-134 6.01538409203228e-140 1.19022572965468e-145 1.80628105699939e-151 2.10247641299097e-157 1.87700985725406e-163 1.28526123133703e-169 6.75002721913747e-176 2.71899708793493e-182 8.40041830385052e-189 1.99059034619052e-195 3.61785830164102e-202 5.04324152090181e-209 5.39208113384217e-216 4.42172161963682e-223 2.78108715640254e-230 1.34160889119961e-237 4.96392590105885e-245 1.40868081146589e-252 3.06611028697724e-260 5.11859457864924e-268 6.55392407122223e-276 6.43635103912046e-284 4.8480335538352e-292 2.80078019314062e-300 1.2410231752981e-308 4.2176269584503e-317
4.7778383893866 4.19130570032637 2.82377807200833 1.46398032113058 0.587839931498957 0.187325958109262 0.0523789188180408 0.0178030729601233 0.0105407015764216 0.00888306743890606 0.00819846533381068 0.00773061018267663 0.00736202238411218 0.00705907920539199 0.00680172328282665 0.00657800978427463 0.0063855718999681 0.00623028462445316 0.00611963324855946 0.00605427789724552 0.00602422257637866 0.00601264139661544 0.00600357260758404 0.00598510268721746 0.0059432574518723 0.00585499126994047 0.00569665367349517 0.00546707178077774 0.00519866824411887 0.00493906728220521 0.0047220518504453 0.00455620149682338 0.00443368517337506 0.00434303865065093 0.00427553466472532 0.00422589078156227 0.00419114962783172 0.00416971522909599 0.00416090273484179 0.00416503806107702 0.00418457638809318 0.00422705162225181 0.00430861818881901 0.0044512501726541 0.00466800625719384 0.00495440783934422 0.0053173356918348 0.0058107769049566 0.00648381869618697 0.00726191086635802 0.00795462936457365 0.00843468447932897 0.00871229401105825 0.00876663532931701 0.00845729603438014 0.00773801636500712 0.00683462301370591 0.00607721744588453 0.00563217653943781 0.00546352992084543 0.00546471140891373 0.00555480917751796 0.00569111081389063 0.00585425719615211 0.00603906657272664 0.00624984510406877 0.00649679095148202 0.00679604725707492 0.00717632607183125 0.00770345029339782 0.00858770306913112 0.0105801542809345 0.0159339466936161 0.0294050929754218 0.0565466035012223 0.0964617230326335 0.134348307537068 0.14759040061918 0.126080155423764 0.0832259490873521 0.0423223261988188 0.016553191309193 0.00497507478355582 0.00114837473456886 0.000203507630072611 2.76814223727419e-05 2.88958538986331e-06 2.31457323948883e-07 1.42251479083849e-08 6.70755935152272e-10 2.42645385851494e-11 6.73382701297396e-13 1.43357492942623e-14 2.34118706716714e-16 2.93291777960042e-18 2.81840930587625e-20 2.07750577039368e-22 1.17465140087761e-24 5.09447860818173e-27 1.69476900442239e-29 4.32451987868508e-32 8.4640639315996e-35 1.27066490888155e-37 1.46316037298799e-40 1.2922889013594e-43 8.75451950197856e-47 4.54892161977536e-50 1.81295333286133e-53 5.54198783833761e-57 1.29940385793547e-60 2.33679898650608e-64 3.22326682447772e-68 3.41010714733227e-72 2.76717036351008e-76 1.72226186910248e-80 8.22161737716653e-85 3.01029839638195e-89 8.45386905445384e-94 1.82093601474343e-98 3.00833785932027e-103 3.81198232240622e-108 3.70482001129887e-113 2.76169025524354e-118 1.57897086327675e-123 6.92411480511181e-129 2.32886933188794e-134 6.00781351252232e-140 1.18871566141213e-145 1.80397087713686e-151 2.09976575003841e-157 1.87457044846496e-163 1.28357750344703e-169 6.74111396092942e-176 2.71537818102921e-182 8.38914908456346e-189 1.98789890455916e-195 3.61292826547535e-202 5.03631542351171e-209 5.38461836766987e-216 4.41555448711623e-223 2.77717840151957e-230 1.33970884197678e-237 4.95684216911338e-245 1.4066553225557e-252 3.06166839722841e-260 5.1111236336449e-268 6.5442868261916e-276 6.42681650168008e-284 4.84079893726867e-292 2.79657001575498e-300 1.23914405707425e-308
4.77570522808016 4.18943539335179 2.82252020440444 1.46333238181916 0.58758614942889 0.187253090662765 0.0523672287256034 0.0178069382493913 0.0105473153969959 0.00888936897561746 0.00820385130161209 0.00773554110567787 0.00736772142031522 0.00706728532049299 0.00681408588117773 0.00659455043754674 0.00640301902619341 0.00624238817776979 0.00612004814457107 0.00603980617569662 0.00599576468060066 0.00597356926152011 0.00595744729319667 0.00593446104308482 0.00588961484453975 0.00579933856753856 0.00563983871006126 0.00540981168129683 0.0051413097301183 0.0048814481669059 0.00466364440862255 0.0044963756388931 0.00437186989595402 0.00427874046790507 0.00420829027903138 0.0041552155779288 0.00411649462597146 0.00409041657695543 0.00407606970790105 0.00407317205418413 0.00408229530527631 0.00410601212198291 0.0041518052492852 0.00423554617807169 0.00437877804690194 0.00459434695089184 0.0048779966381253 0.00523658221312033 0.00572297975006346 0.0063853161360296 0.0071509242329528 0.00783365407275291 0.00830855706307399 0.00858488809031114 0.00864206538431594 0.00834335171909865 0.007644410192273 0.00676697403232437 0.00603481571622749 0.00561125363517934 0.00546014531216481 0.00547418611043705 0.00557078412200735 0.00570712538923835 0.00586627501522531 0.00604594199085864 0.00625175849544487 0.00649401527424759 0.0067889862821989 0.0071657332604264 0.00769009060747754 0.00857180050117765 0.0105607316487704 0.0159073732077882 0.0293627328017185 0.0564745510297986 0.0963480689851863 0.134197255241052 0.147429105128437 0.125944787923449 0.0831375958462683 0.0422777188391383 0.0165358215670917 0.00496986705536227 0.00114717378981374 0.000203294752870083 2.76524307942785e-05 2.88655280045057e-06 2.31213737278218e-07 1.42101263467473e-08 6.70044822088172e-10 2.42386995331218e-11 6.72662108458039e-13 1.43203270915045e-14 2.33865416374925e-16 2.92972563065915e-18 2.81532242713177e-20 2.07521537754139e-22 1.17334751834475e-24 5.08878364665693e-27 1.6928606715846e-29 4.31961399989942e-32 8.45438854661209e-35 1.26920105159285e-37 1.46146134960607e-40 1.29077616968339e-43 8.74418763489881e-47 4.54350855660483e-50 1.8107778869369e-53 5.53528145432523e-57 1.29781802319285e-60 2.33392257057136e-64 3.21926493649198e-68 3.40583650461857e-72 2.76367467663111e-76 1.72006714977891e-80 8.21104849369289e-85 3.00639466765737e-89 8.4428097572597e-94 1.81853292489699e-98 3.00433284124639e-103 3.80686281058404e-108 3.69980074769649e-113 2.75791595192525e-118 1.57679407070985e-123 6.91448585348904e-129 2.32560254298239e-134 5.99931306537055e-140 1.18701921655909e-145 1.8013742251347e-151 2.09671741540342e-157 1.87182580857516e-163 1.28168219025611e-169 6.7310759281184e-176 2.71130074220839e-182 8.37644636263255e-189 1.98486378383366e-195 3.60736634980455e-202 5.02849839767068e-209 5.37619226131677e-216 4.40858854053923e-223 2.77276167226888e-230 1.33756106830095e-237 4.94883197467831e-245 1.40436411649455e-252 3.05664206063092e-260 5.10266685182285e-268 6.53337431594506e-276 6.41601684241934e-284 4.83260181924903e-292 2.79179826238256e-300
4.77353179342849 4.18753039887893 2.82123967539768 1.46267296849491 0.587327513114165 0.187178301789798 0.0523547141907309 0.0178103047566988 0.0105537772343854 0.00889619161295063 0.00821031706578519 0.00774171192279875 0.00737486303375456 0.00707752111021006 0.00682905729042101 0.00661400123740166 0.00642393183491459 0.00625923891970644 0.00612677830944152 0.0060325989102682 0.0059744277145589 0.00594063635706665 0.00591624146471675 0.0058877208678455 0.0058391795821371 0.00574646680959607 0.00558556317010244 0.00535497781544848 0.00508635981565564 0.00482629580848479 0.00460782551607161 0.00443931760755556 0.00431305811154913 0.00421774078380976 0.00414470521522669 0.00408863776934389 0.00404647205958381 0.00401642098565941 0.00399745170592278 0.00398905437604065 0.00399120450527764 0.00400463654217472 0.0040319911106034 0.00408067559799669 0.00416627790857345 0.00430992448803202 0.00452425455935368 0.00480521658135649 0.00515963685369117 0.00563934038427167 0.00629154950035431 0.00704538371349774 0.0077187509861751 0.00818895482723015 0.00846439236844898 0.00852474909948803 0.00823676620882518 0.00755788348032518 0.00670588451425817 0.0059984632501271 0.00559591832888754 0.00546173086525989 0.00548773934645363 0.00558992437124188 0.00572563563034701 0.00588011716601091 0.00605367540852604 0.00625361526195132 0.00649074607862306 0.00678123425051559 0.00715408501972582 0.00767524940249674 0.00855423744727657 0.0105396185406031 0.0158787898573167 0.0293173896866432 0.0563976103108757 0.0962266671358147 0.134035611301211 0.147256177168421 0.125799465873459 0.0830426739627669 0.0422297799114601 0.0165171543880727 0.0049642715592334 0.0011458839346955 0.000203066240419855 2.76213309171425e-05 2.88330225883516e-06 2.30952878768812e-07 1.41940556642376e-08 6.69284866919293e-10 2.42111177726332e-11 6.71893861430383e-13 1.43039062445771e-14 2.33596088305493e-16 2.92633610907059e-18 2.8120494113128e-20 2.07279046995979e-22 1.17196914782103e-24 5.08277262520793e-27 1.69084958320175e-29 4.31445215759773e-32 8.44422465520366e-35 1.26766576732975e-37 1.4596823184861e-40 1.28919478575046e-43 8.73340453254179e-47 4.53786832626959e-50 1.8085148524611e-53 5.52831644626508e-57 1.29617371407447e-60 2.33094492987122e-64 3.21512890339766e-68 3.40142979141318e-72 2.76007336186899e-76 1.71780969232958e-80 8.2001945597831e-85 3.0023918943028e-89 8.43148736048713e-94 1.8160764248382e-98 3.00024500119684e-103 3.80164524950748e-108 3.69469292638937e-113 2.7540806772828e-118 1.57458531286047e-123 6.90472946756043e-129 2.32229719228929e-134 5.9907242669229e-140 1.18530749839773e-145 1.79875775449227e-151 2.09364993284298e-157 1.86906758213404e-163 1.2797799807855e-169 6.72101434153204e-176 2.70721892573771e-182 8.36374592792658e-189 1.98183295718253e-195 3.6018190663814e-202 5.02071129751675e-209 5.36780834835256e-216 4.40166556411025e-223 2.76837723789249e-230 1.33543141698206e-237 4.94089824758194e-245 1.40209728369305e-252 3.05167459488921e-260 5.09431806925557e-268 6.5226125375848e-276 6.40537743767025e-284 4.82453461949558e-292
4.77132722946906 4.18559804754572 2.81994155502761 1.46200630826375 0.587068294041892 0.187105307655894 0.0523442199272343 0.0178156372281733 0.0105618848603733 0.0089038661610343 0.00821707559531416 0.00774797455504827 0.00738121722216973 0.00708507796686537 0.00683995447423809 0.00663046650305167 0.0064459263049854 0.00628262602924648 0.0061441311292267 0.00603668245869861 0.00596182564466417 0.00591270791537611 0.00587714507850575 0.00584171769767791 0.00578924198952998 0.00569436519056824 0.005532453334768 0.00530168443415632 0.00503328176469701 0.00477331686249279 0.00455446874462732 0.00438501099479826 0.00425729826620239 0.00416011480088677 0.00408484729848539 0.00402618416145028 0.00398103068375651 0.00394754885627323 0.00392462822572935 0.003911637215556 0.00390832390238278 0.00391483661440637 0.00393201878014575 0.00396254812828557 0.00401374493766856 0.00410091810762795 0.00424479056283761 0.00445779650023136 0.0047360678569664 0.00508639399070573 0.00555959750758372 0.00620203521058191 0.0069445024653664 0.00760873628335069 0.00807418053618678 0.0083484615672074 0.0084116261366177 0.00813398881870241 0.00747521249619701 0.00664989053153599 0.00596972411610704 0.00559047544785805 0.00547295023743859 0.0055073078634739 0.00560982411110628 0.00574082281130464 0.00588937594231588 0.00605788180361907 0.00625347588771375 0.00648618774760098 0.00677235898261835 0.00714183131479578 0.00766067100553164 0.0085374401152633 0.0105192445663053 0.0158507086069019 0.0292718273437052 0.0563185028456331 0.0960998878344634 0.133865362258071 0.147073210664934 0.12564530084654 0.0829418047301098 0.0421787761823193 0.0164972754626158 0.00495830826236077 0.00114450834851755 0.000202822379984865 2.75881206230149e-05 2.87982883617992e-06 2.30673943143927e-07 1.41768591148737e-08 6.68471073440762e-10 2.41815595649695e-11 6.71069919851372e-13 1.42862808570932e-14 2.33306767918833e-16 2.92269196643809e-18 2.80852758074377e-20 2.07017902133863e-22 1.17048348732852e-24 5.07628823001554e-27 1.68867828584352e-29 4.30887441664771e-32 8.43323265155487e-35 1.26600401603937e-37 1.45775515865182e-40 1.28748033669527e-43 8.72170469687279e-47 4.53174373659423e-50 1.80605555811815e-53 5.52074158014423e-57 1.2943840751613e-60 2.32770170319986e-64 3.21062066992206e-68 3.39662307181003e-72 2.75614238179951e-76 1.71534388466979e-80 8.18833084386091e-85 2.99801382553513e-89 8.41909534232612e-94 1.81338615001705e-98 2.99576535102694e-103 3.79592411347597e-108 3.68908878347011e-113 2.74987028011536e-118 1.57215913754653e-123 6.89400674689002e-129 2.31866247974508e-134 5.98127460898028e-140 1.18342323405752e-145 1.79587607171664e-151 2.09026984426616e-157 1.86602679083192e-163 1.27768190630574e-169 6.70991160211264e-176 2.70271269292622e-182 8.34971873811239e-189 1.97848406867625e-195 3.59568705258575e-202 5.01209982379454e-209 5.35853314770224e-216 4.39400359814238e-223 2.76352292422872e-230 1.33307264565294e-237 4.93210774008896e-245 1.39958474992766e-252 3.04616677798874e-260 5.08505795129517e-268 6.51067202927339e-276 6.39356884224108e-284
4.76908939264894 4.18363756661661 2.81862456142167 1.46132894016396 0.586803819618473 0.187030720621643 0.0523341453900498 0.0178216222841923 0.010570624939917 0.00891316503967049 0.00822644500751465 0.00775678576300486 0.00738973558195228 0.00709476890125231 0.00685268808597633 0.00664766114779275 0.0064674357515389 0.00630540367708785 0.00616217433165035 0.00604334259953777 0.00595316658855005 0.00588915785341719 0.00584225408314307 0.00579959717109783 0.00574292221472306 0.00564568170782956 0.00548259684577012 0.00525150956377911 0.00498322868753477 0.0047233206023116 0.0045041058212905 0.00433376058854686 0.00420470620550396 0.00410581738057701 0.00402853035064743 0.00396754046706779 0.00391973241808618 0.00388322935275706 0.00385686423131132 0.00383992436358564 0.00383203485765781 0.00383311948609846 0.00384344756909334 0.00386393884735231 0.00389728897107932 0.00395072580650196 0.00403929179933775 0.00418333131815017 0.00439508518523133 0.00467085214623611 0.00501738216915024 0.00548456075070099 0.00611793838443409 0.00684987695406985 0.00750569386507052 0.00796684216411732 0.00824022332484484 0.00830616943003362 0.00803825647244121 0.00739823497392084 0.00659789317114269 0.00594349920831243 0.00558642568675579 0.00548462620946517 0.00552670518754714 0.00562965939543622 0.00575669421602728 0.00589983051107151 0.00606293578080535 0.00625357176001949 0.00648195132531099 0.00676429564282368 0.00713020830248947 0.00764597588135214 0.00852019425326697 0.0104984202559684 0.0158215718907566 0.0292236899470832 0.0562345763836722 0.0959655198701757 0.133685027338882 0.146879376797882 0.125481913821885 0.0828348555110236 0.0421246767643743 0.0164761828499765 0.00495197919248722 0.00114304811718485 0.000202563489171109 2.75528633461026e-05 2.87614166282904e-06 2.30377896613253e-07 1.41586126178274e-08 6.6760789768925e-10 2.41502211228064e-11 6.70196786908544e-13 1.42676135987737e-14 2.33000532895223e-16 2.91883732645444e-18 2.80480494399465e-20 2.06742072584514e-22 1.1689155041997e-24 5.06945004164741e-27 1.68639042492958e-29 4.30300225677207e-32 8.42167053132794e-35 1.26425762759086e-37 1.45573166883176e-40 1.28568183183758e-43 8.70944254356479e-47 4.52533074053802e-50 1.80348285728664e-53 5.51282482829349e-57 1.29251541685563e-60 2.32431845489562e-64 3.20592221304673e-68 3.39161822769244e-72 2.75205319839501e-76 1.71278122839855e-80 8.17601259198027e-85 2.99347221207792e-89 8.40625220238069e-94 1.8106004780028e-98 2.9911310484674e-103 3.79001077842401e-108 3.68330153019814e-113 2.7455261510757e-118 1.56965809190619e-123 6.88296271262973e-129 2.31492206498074e-134 5.97155840939751e-140 1.18148745143052e-145 1.79291806484359e-151 2.0868030887627e-157 1.86291057319934e-163 1.27553352167079e-169 6.69855168381045e-176 2.69810571028364e-182 8.33538909141217e-189 1.97506560221055e-195 3.58943239493188e-202 5.00332271191679e-209 5.34908655631014e-216 4.3862057708986e-223 2.75858611113552e-230 1.33067550228765e-237 4.92318054012363e-245 1.39703492617061e-252 3.04058106709399e-260 5.07567326185946e-268 6.49857902197882e-276
4.7668108279904 4.18164134435362 2.81728379844531 1.46063983147542 0.586534983071741 0.18695425134004 0.052322659777774 0.0178272756527639 0.0105802213239348 0.00892285620955697 0.00823465008345272 0.00776360200088032 0.00739622593375141 0.00710225194282479 0.00686312716923127 0.00666368255411718 0.00649065646119073 0.00633417799783477 0.00619082767021062 0.00606392916022926 0.00595896366016515 0.00587761882331042 0.00581537728652305 0.0057618186016719 0.00569859456648039 0.00559789421585187 0.00543329574982785 0.00520189566350662 0.00493388091488121 0.00467423215453158 0.00445488171207838 0.00428389594299793 0.00415375900280425 0.00405343817636454 0.00397442448799147 0.00391142632369232 0.00386131500445676 0.00382218473559284 0.00379282705983009 0.00377247109728677 0.00376065993738189 0.00375719469903817 0.00376212380531228 0.0037758039306803 0.0037992094708449 0.00383504034837772 0.00389042829298308 0.00398015813923133 0.00412421207323726 0.00433464295676695 0.00460790179899095 0.00495069722623112 0.00541202796894151 0.00603668521525109 0.00675852424374021 0.00740628655580002 0.00786341655007025 0.00813630505021778 0.00820584582215785 0.00794908339885602 0.00732997219061813 0.00655721504687453 0.00593055000749445 0.00559546838597446 0.00550649418028299 0.00555169611552623 0.00565059050047068 0.00577062350918348 0.00590715220363044 0.00606486626217561 0.00625055986041934 0.00647423657086786 0.00675293559932888 0.00711653456778286 0.00763035740016901 0.00850195450586034 0.0104759803466441 0.0157905435542601 0.0291732733766005 0.0561468881957474 0.0958247439616123 0.1334956395624 0.146675494886113 0.125309882387383 0.0827221755185938 0.0420676583052829 0.0164539493647771 0.00494530816544271 0.00114150929696201 0.000202290750564802 2.75157352749138e-05 2.87226071294083e-06 2.30066461020286e-07 1.41394290644573e-08 6.66700972920174e-10 2.41173165581736e-11 6.69280666421785e-13 1.4248041603069e-14 2.32679697372498e-16 2.9148020193158e-18 2.80091088901343e-20 2.06453772069498e-22 1.16727795355368e-24 5.06231429394049e-27 1.6840049756628e-29 4.29688469618819e-32 8.40963525692349e-35 1.26244129138425e-37 1.45362889529098e-40 1.28381442560625e-43 8.6967212983956e-47 4.51868321734098e-50 1.80081830160675e-53 5.5046322601681e-57 1.29058326354186e-60 2.3208231457419e-64 3.20107213660702e-68 3.38645611730621e-72 2.74783896418781e-76 1.71014234684693e-80 8.16333816482014e-85 2.98880302212107e-89 8.39305878750841e-94 1.80774108902086e-98 2.98637783171968e-103 3.78395041723521e-108 3.67737494972326e-113 2.74108083088898e-118 1.56710072170753e-123 6.87167841707904e-129 2.31110311200266e-134 5.96164548092926e-140 1.17951390968641e-145 1.7899045293912e-151 2.08327376930763e-157 1.85974035309726e-163 1.27334943027025e-169 6.68701092461893e-176 2.69342858060035e-182 8.32085107195204e-189 1.97159974018258e-195 3.58309520213746e-202 4.99443557902045e-209 5.339527719334e-216 4.37832031840936e-223 2.75359696800632e-230 1.328254458108e-237 4.91416988155729e-245 1.39446283054854e-252 3.03494995514974e-260 5.06621791576948e-268
4.76449223901261 4.17961057287239 2.8159204150289 1.45993957365425 0.586262628445023 0.186878966976299 0.0523148794409753 0.0178362367840651 0.010590855749124 0.00893257707074351 0.00824435515626524 0.00777399008447875 0.00740708271297945 0.00711335968223589 0.00687512873785074 0.00667827892826527 0.00650992180193721 0.00635867640773492 0.00621745007642411 0.00608575159066136 0.00596826456965319 0.00587006129208427 0.0057918647551784 0.00572676689497742 0.00565681026947482 0.00555278841250023 0.00538687094624646 0.00515528178828835 0.00488758659427827 0.00462822155190977 0.00440876315676972 0.00423718247009747 0.00410603208613951 0.00400437664494402 0.00392376802499385 0.00385893386920055 0.00380673747598261 0.00376524968249293 0.00373322910781673 0.0037098608396037 0.00369462764229836 0.00368724750374944 0.00368764707994814 0.00369596540518252 0.0037126246545471 0.00373863847908717 0.00377670206256749 0.00383385098663887 0.00392462381739148 0.00406865715751268 0.00427782198303495 0.00454870826448484 0.00488797984293388 0.00534378996424707 0.0059602012329732 0.0066724639174849 0.00731253125631105 0.0077656912340217 0.00803780665684472 0.0081103274898716 0.007863828443174 0.00726482044599565 0.00651927172842406 0.00591997272542465 0.00560552191394859 0.00552691554070287 0.0055732325740865 0.00566817058117897 0.00578326998902911 0.00591553903687033 0.00606921135766452 0.00625025929997162 0.00646867227912091 0.00674238592169897 0.0071024216643342 0.00761439814699104 0.00848459695658989 0.0104551254706943 0.0157603741660193 0.0291220062938264 0.0560560486660292 0.0956778979652001 0.133297354533101 0.146461538017307 0.125129084201288 0.082603640606452 0.0420076378301189 0.0164305338869319 0.00493827976044864 0.00113988750972695 0.000202003224597832 2.74765840447723e-05 2.86816730313493e-06 2.29737901966453e-07 1.41191864071088e-08 6.65743780650732e-10 2.40825813229321e-11 6.68313391537747e-13 1.42273729173281e-14 2.32340823627111e-16 2.91053910000954e-18 2.79679650382115e-20 2.061491103142e-22 1.16554720410375e-24 5.05477131022777e-27 1.68148303202686e-29 4.29041621557268e-32 8.39690796111765e-35 1.26052028022945e-37 1.45140467874655e-40 1.28183894965075e-43 8.68326243231693e-47 4.51164954387739e-50 1.7979986965135e-53 5.49596219391688e-57 1.28853832340176e-60 2.31712350857162e-64 3.19593815177659e-68 3.38099144975448e-72 2.74337743579895e-76 1.70734844230845e-80 8.14991840060612e-85 2.98385899052425e-89 8.37908808011811e-94 1.80471310001855e-98 2.98134413549668e-103 3.77753219525223e-108 3.6710981854372e-113 2.73637269801452e-118 1.56439207746976e-123 6.85972631624661e-129 2.30705805812466e-134 5.95114543985011e-140 1.17742344305909e-145 1.78671240330476e-151 2.07953524273783e-157 1.85638217529133e-163 1.27103582698079e-169 6.67478574191772e-176 2.68847405123347e-182 8.3054507636395e-189 1.96792830547686e-195 3.57638213395606e-202 4.98502135179582e-209 5.32940199227146e-216 4.36996726476703e-223 2.74831201095545e-230 1.32568988873981e-237 4.90462514547614e-245 1.39173831305939e-252 3.02898521921089e-260
4.76213462961591 4.17754489286888 2.81453376202007 1.45922882493764 0.585987473287298 0.186801900228104 0.0523035967613805 0.0178418820945968 0.0106005927185259 0.00894336343583347 0.00825526665541987 0.00778460399848269 0.00741694190548997 0.00712258848904299 0.0068853018781376 0.00669200739448976 0.00652961293045976 0.00638528435507447 0.00624897689516181 0.00611635208284976 0.00598984310801584 0.00587606152375531 0.00578032766566747 0.00570032901272554 0.00562024739808703 0.00551053750860572 0.0053420286507468 0.00510969205988207 0.00484212606201091 0.00458303375201813 0.00436355103987189 0.00419151367419744 0.00405952166458113 0.0039567268763862 0.00387473807620834 0.00380830279189355 0.00375428015307323 0.00371072355854437 0.00367636486909398 0.00365035450246987 0.00363212916614234 0.00362134681017861 0.00361785188152326 0.0036216629425366 0.00363298603027629 0.00365229242110515 0.00368062310699876 0.00372066399947946 0.00377935801159489 0.00387100941856742 0.00401492427254012 0.00422279841813382 0.0044913528155339 0.00482721306278422 0.00527774194366102 0.00588633091473947 0.00658958782696834 0.00722258608388884 0.0076725110711583 0.00794495705660948 0.00802214526060854 0.00778804930517946 0.00721116163139101 0.00649379881487194 0.00592094922123051 0.00562427727654705 0.00555237771172507 0.00559672935318522 0.00568555796036995 0.00579400292848674 0.00592071635465418 0.00607002713339051 0.00624706894187462 0.00646120674442938 0.00673085652189321 0.00708777928542929 0.00759734858301708 0.00846488274643447 0.0104312326833666 0.0157276226768623 0.0290685360508393 0.0559617745250917 0.0955248102632606 0.133090086092809 0.146237722875777 0.12493994444154 0.0824796370117188 0.0419448415621557 0.01640603009048 0.00493092245722463 0.00113818922793457 0.000201702020741267 2.74355537348957e-05 2.86387563528391e-06 2.29393282330374e-07 1.40979449935248e-08 6.64738915633615e-10 2.4046099659875e-11 6.67297018451884e-13 1.4205645016176e-14 2.31984415959285e-16 2.90605347845495e-18 2.79246509977914e-20 2.05828223882596e-22 1.16372339949465e-24 5.04681890331162e-27 1.67882290515207e-29 4.2835899895489e-32 8.38347024582479e-35 1.25849105956227e-37 1.44905404250681e-40 1.2797501937844e-43 8.66902504379143e-47 4.50420551357074e-50 1.79501320239636e-53 5.48677780813713e-57 1.28637109001515e-60 2.3132008628993e-64 3.19049228814825e-68 3.3751922851326e-72 2.73864077746368e-76 1.70438098962366e-80 8.13565910575923e-85 2.97860351073681e-89 8.36423130619756e-94 1.8014917909434e-98 2.97598698212036e-103 3.77069893792249e-108 3.66441302518859e-113 2.73135638437942e-118 1.5615050897731e-123 6.84698274184163e-129 2.30274363790177e-134 5.93994236181928e-140 1.17519226117646e-145 1.78330428762663e-151 2.07554247051398e-157 1.85279448630135e-163 1.26856333816073e-169 6.66171703869945e-176 2.68317609171864e-182 8.2889781626365e-189 1.96400011444348e-195 3.56919758651979e-202 4.97494316994266e-209 5.31855921532076e-216 4.36102033444246e-223 2.74264984677238e-230 1.32294158050531e-237 4.89439403596041e-245 1.3888171613955e-252
4.75973632115863 4.17544473582712 2.81312470074782 1.45850647019696 0.585708213930602 0.186726073045239 0.0522964703252943 0.0178517885148762 0.0106134547294034 0.00895636384430842 0.00826748356603072 0.00779544923853423 0.00742672965358216 0.00713238065320681 0.00689606352822333 0.00670469248861057 0.00654605971860283 0.00640784401407749 0.00627815600211356 0.00614841297396963 0.00601690400366381 0.00588948783217973 0.00577533267964964 0.00567805926135355 0.00558583829793026 0.00546957541711781 0.00529847501580093 0.00506570893264589 0.00479859127178203 0.0045400117733262 0.00432068395917281 0.00414833845373345 0.00401564056914164 0.00391183961602178 0.0038286102907369 0.0037607288355556 0.00370505730698445 0.00365963783924648 0.00362318222941072 0.00359481494616434 0.00357393806464777 0.00356016312870368 0.00355327348681661 0.00355320471275212 0.00356004228658318 0.00357404534642324 0.00359572446843219 0.00362614113867779 0.00366796710980823 0.00372805275461514 0.00382047578641892 0.00396422469645517 0.00417082448582753 0.00443711299163166 0.00476966958410036 0.00521509369434393 0.0058161177621945 0.00651060111391222 0.00713654128481692 0.00758294491901973 0.00785535057018903 0.00793721516591554 0.00771637256606726 0.00716317833690073 0.00647507444413778 0.00592763078124355 0.00564539552304981 0.00557638977053749 0.00561669721608272 0.00569984955112447 0.00580347185192264 0.00592576956354276 0.00607017818161311 0.0062422932240615 0.00645253890880355 0.00671951084044947 0.00707434221758714 0.00758188318637917 0.00844704507780191 0.0104093023461406 0.0156960172580355 0.0290144061650894 0.0558645207691603 0.0953661313923417 0.132874710394674 0.146004585641621 0.12474252317311 0.0823500233263372 0.0418791537798498 0.0163803905630275 0.00492322445792016 0.00113641275461951 0.000201387071294504 2.73926712349237e-05 2.85939258952564e-06 2.29033497184078e-07 1.4075781854062e-08 6.63691085462077e-10 2.40080820504407e-11 6.66238538778682e-13 1.41830319858001e-14 2.3161374183803e-16 2.90139155742807e-18 2.78796666832629e-20 2.05495206206839e-22 1.16183205108004e-24 5.03857821794201e-27 1.67606846542302e-29 4.27652725410101e-32 8.36957792729629e-35 1.25639486412484e-37 1.44662777996057e-40 1.27759598851325e-43 8.65435354752894e-47 4.49654081714496e-50 1.79194174625797e-53 5.47733679913737e-57 1.28414514987953e-60 2.30917530526388e-64 3.18490819179833e-68 3.36925085402158e-72 2.73379193829581e-76 1.70134576745992e-80 8.12108617805113e-85 2.97323684489789e-89 8.34907261616236e-94 1.79820769173654e-98 2.97052982348244e-103 3.76374371635693e-108 3.65761398009712e-113 2.7262586638199e-118 1.55857356227417e-123 6.83405268157106e-129 2.29836947825253e-134 5.92859290254993e-140 1.17293365139928e-145 1.77985688638624e-151 2.07150670216087e-157 1.84917085813107e-163 1.2660679200953e-169 6.64853675864993e-176 2.67783675890076e-182 8.27238879538665e-189 1.9600468796265e-195 3.56197230303676e-202 4.96481487762421e-209 5.30767000910695e-216 4.35204119920491e-223 2.73697112271013e-230 1.32018706843753e-237 4.88414658197195e-245
4.75729973954193 4.1733115236429 2.81169366739588 1.45777226550434 0.585422333705823 0.186645415685075 0.0522861319021458 0.0178605725538459 0.0106264081724574 0.00896956729084695 0.00828006366614233 0.00780739167348372 0.0074381034836091 0.00714332081617149 0.00690734140687309 0.00671808968674557 0.00656381698758038 0.00643163714000315 0.00630812774307025 0.00618195425844501 0.00604797116657938 0.00591030814466628 0.00578012387986313 0.005665760957156 0.00555971327921624 0.00543461515556787 0.00525904321435528 0.00502463024946031 0.00475725405824547 0.00449879395801054 0.00427941554163422 0.00410667446660722 0.00397326016547206 0.00386849522022734 0.00378410842117335 0.00371489976482854 0.00365773247370118 0.00361063576750335 0.003572301230364 0.00354182882186686 0.00351859297671297 0.00350216863915259 0.00349229323076228 0.00348884156361291 0.00349181762775106 0.00350136002127223 0.00351777109655075 0.00354159042857222 0.00357389440026145 0.00361733956777052 0.00367868969324645 0.00377180804286565 0.00391538456604752 0.00412078692951758 0.00438497131312923 0.00471448437464848 0.00515522123708831 0.00574932226996206 0.0064358858510965 0.00705575791880535 0.00749974891790052 0.0077733473525016 0.0078610187089936 0.00765392903103216 0.00712383074995267 0.00646327053063966 0.00593889540775176 0.00566903568734071 0.00560190363367368 0.00563791105157446 0.00571483337730461 0.00581258335486716 0.00592989008300704 0.00606968694600801 0.0062371586406391 0.00644311856360352 0.00670682063004712 0.00705945277801911 0.00756516755628082 0.00842777140868469 0.0103851868358961 0.015661457758634 0.0289567570121069 0.0557626923138076 0.0952008258946287 0.132650534930691 0.145761967810615 0.124537103625819 0.0822151689577061 0.0418108078034266 0.0163537100970527 0.0049152124806778 0.00113456346188308 0.000201059151544041 2.7348015843086e-05 2.854723654437e-06 2.28658764592065e-07 1.40526970454057e-08 6.625996774094e-10 2.39684844852167e-11 6.65136132788192e-13 1.41594824247405e-14 2.3122775497385e-16 2.89653762249484e-18 2.78328357641339e-20 2.05148568213981e-22 1.15986365119106e-24 5.0300032132139e-27 1.67320276707139e-29 4.26918053012839e-32 8.35512962114429e-35 1.25421517991609e-37 1.44410535832524e-40 1.27535683544208e-43 8.63910646122476e-47 4.48857698154427e-50 1.78875104749206e-53 5.46753121484802e-57 1.28183371498253e-60 2.30499597201916e-64 3.1791119517362e-68 3.36308494856457e-72 2.7287609210114e-76 1.69819714406204e-80 8.10597183494361e-85 2.96767191961213e-89 8.33335709065505e-94 1.79480364013602e-98 2.96487447595442e-103 3.7565373423248e-108 3.65057082657614e-113 2.72097896698695e-118 1.55553798696789e-123 6.8206663356302e-129 2.29384184770296e-134 5.91684752988656e-140 1.17059670606332e-145 1.77629060701112e-151 2.06733256792464e-157 1.84542370924358e-163 1.26348792856919e-169 6.63491234696468e-176 2.67231854169357e-182 8.25524682144556e-189 1.95596271375806e-195 3.55450908809182e-202 4.95435496304423e-209 5.29642630147327e-216 4.34277141103331e-223 2.73110962491035e-230 1.31734440375528e-237
4.75482354433173 4.17114320448111 2.8102391347454 1.45702766323051 0.585135860076615 0.186568431278563 0.0522790708806609 0.0178704998183229 0.0106390575388207 0.00898235687969772 0.00829291659851778 0.00782028648696116 0.00745069305821154 0.00715531238270529 0.00691882013444029 0.00672969668176481 0.00657716948136929 0.00644962219435812 0.0063338125365782 0.0062157957751529 0.00608533786513144 0.0059420834340559 0.00579690899796977 0.0056628229797522 0.00553877806464137 0.00540150264032826 0.0052198704095144 0.00498355483618312 0.00471624133900734 0.00445832833559387 0.004239274012957 0.0040664430535448 0.00393256672877393 0.00382705714910818 0.00374170985549285 0.00367135872260456 0.00361287832448631 0.00356429507408284 0.00352429015909695 0.00349194531215526 0.0034666122375597 0.00344783628102446 0.00343531871811226 0.0034288896810913 0.00342849383800727 0.00343418725880371 0.00344615118461726 0.00346472044453626 0.00349045723801184 0.00352444908954785 0.0035693358239089 0.00363179495015775 0.00372547926264206 0.00386878829950155 0.0040729325390224 0.00433497042308967 0.00466140208571413 0.00509743431316097 0.00568462224257237 0.00636323028683181 0.00697687976108628 0.0074184004825201 0.00769392020361961 0.00778969407050222 0.00760006051105569 0.00709626347525651 0.00646324220089648 0.00595774222100401 0.00569392017310037 0.0056235513790628 0.0056534720862038 0.00572540380796697 0.00581953318811641 0.00593325431932824 0.00606871799614594 0.00623146380495087 0.00643314141857542 0.0066935467739389 0.00704388470483472 0.00754786975068614 0.00840843079742079 0.0103618101005647 0.0156281024662804 0.028899583098791 0.0556590739027434 0.0950305450008089 0.13241860908899 0.145510586330119 0.124324116426567 0.08207527894466 0.0417398810319169 0.0163260125815126 0.00490689265687889 0.00113264264085345 0.00020071847751853 2.73016153751435e-05 2.84987151913523e-06 2.28269275869479e-07 1.40287003538302e-08 6.61465036680701e-10 2.39273144632893e-11 6.63989850837969e-13 1.41349936929712e-14 2.30826346776791e-16 2.89148944288774e-18 2.77841280475616e-20 2.04788020486773e-22 1.15781617501466e-24 5.02108338782059e-27 1.67022173557857e-29 4.26153792070116e-32 8.34009908152645e-35 1.25194761963364e-37 1.44148120871984e-40 1.27302735838741e-43 8.62324426060913e-47 4.48029185683133e-50 1.78543163605947e-53 5.45733014594128e-57 1.2794290794043e-60 2.30064818213984e-64 3.17308218567136e-68 3.35667075314011e-72 2.72352743462028e-76 1.69492189170612e-80 8.09025008300892e-85 2.96188353308642e-89 8.31701104974813e-94 1.79126314247112e-98 2.95899266520607e-103 3.7490426944115e-108 3.64324623453617e-113 2.71548853735325e-118 1.55238139340185e-123 6.8067469743935e-129 2.28913416498881e-134 5.90463568384268e-140 1.16816707236522e-145 1.77258307603272e-151 2.0629933396282e-157 1.84152856793936e-163 1.26080619100018e-169 6.62075144017701e-176 2.66658336217342e-182 8.237431912219e-189 1.95171846941716e-195 3.5467538190076e-202 4.94348638595518e-209 5.28474402534462e-216 4.33314064426232e-223 2.72502025188948e-230
4.75230940128166 4.16894125635467 2.8087616161583 1.45627074674923 0.584844035447603 0.186489484318692 0.0522715051846798 0.0178809972138461 0.0106534437347211 0.00899719934650975 0.00830673116878296 0.00783287328921704 0.00746292586979605 0.00716795403787103 0.00693208932103814 0.00674391534953946 0.00659329598940081 0.00646920356574003 0.00635858908967271 0.00624667823562185 0.00612049110427293 0.00597551885291897 0.00582004483605038 0.00566899194264458 0.005526919525933 0.00537575433227796 0.00518614793896409 0.00494653728948538 0.00467842924610025 0.00442053944169993 0.00420147183388902 0.00402833233055499 0.00389386282458718 0.00378754326512395 0.00370121994573005 0.00362975238769911 0.00357002242616153 0.00352004985260272 0.003478502064502 0.0034444443476869 0.00341720865737913 0.00339631696284371 0.00338143837928903 0.00337236664107074 0.00336899982981898 0.00337133629687482 0.00337947477762887 0.00339363318313613 0.00341417100786143 0.0034416697238501 0.00347722501708325 0.00352346156530626 0.00358697497184304 0.0036812218666534 0.00382433075880788 0.00402736878543203 0.00428749948638658 0.00461119079089227 0.00504301077670831 0.00562397268947319 0.00629545907040974 0.0069037414314075 0.00734360481323093 0.00762183702993754 0.00772631602726229 0.00755390504466777 0.00707454777863659 0.00646575117620863 0.00597608377321188 0.00571741944586746 0.00564508307625023 0.00567051211255598 0.00573787866460636 0.00582767826197021 0.00593670638117822 0.00606676230068215 0.00622402596993283 0.00642148105324472 0.00667954898279738 0.00702854579937297 0.0075308212358616 0.00838864044615319 0.010337313069752 0.015593085544943 0.0288398554690746 0.0555512375517156 0.094853633013598 0.132177750355344 0.145249520688904 0.12410291974654 0.0819300031107282 0.0416662287358009 0.0162972525093601 0.00489825400303334 0.00113064824891664 0.000200364757516669 2.72534381682321e-05 2.84483361664925e-06 2.27864880127478e-07 1.40037857351768e-08 6.60287028111167e-10 2.38845725081406e-11 6.62799858716594e-13 1.41095725761875e-14 2.3040968193995e-16 2.88624976605013e-18 2.77335766019813e-20 2.04413856589646e-22 1.15569156775694e-24 5.01182843144219e-27 1.66712901640764e-29 4.25360981734369e-32 8.32450880314016e-35 1.24959588743367e-37 1.43875997699749e-40 1.27061200001794e-43 8.60679936250901e-47 4.4717035032751e-50 1.78199119855152e-53 5.44675859523373e-57 1.27693746111743e-60 2.29614376190718e-64 3.16683610050148e-68 3.35002742403051e-72 2.71810780064166e-76 1.69153065491368e-80 8.07397406871457e-85 2.95589200253454e-89 8.30009397028023e-94 1.78759953310608e-98 2.95290728829196e-103 3.74128988934436e-108 3.63567054926312e-113 2.70981079892861e-118 1.54911763466083e-123 6.79235737088546e-129 2.28426822551912e-134 5.89201535326988e-140 1.16565657342172e-145 1.7687527668284e-151 2.05851113829013e-157 1.83750573555788e-163 1.25803698712682e-169 6.6061310232658e-176 2.66066303264981e-182 8.21904483051384e-189 1.94733861091012e-195 3.53875202645396e-202 4.93227410305425e-209 5.27269422063645e-216 4.32320845803878e-223
4.74976169080479 4.16671155817419 2.80726676499346 1.45550484337033 0.584547228747402 0.186407739491196 0.0522634123668218 0.0178920990271557 0.0106677249856103 0.00901149685110338 0.00832128143866092 0.00784745982881731 0.00747644246832717 0.00717983422675831 0.00694284492630743 0.00675460471627256 0.00660539029072126 0.00648483102536039 0.00638042359301907 0.006276981258286 0.00615896236747933 0.00601722490925031 0.005855951857652 0.00568981661783509 0.00552786333140867 0.00535845940955518 0.00515652560399717 0.00491084007008616 0.00464076182148403 0.00438265582547842 0.00416371028588948 0.00399050216829678 0.00385569218777043 0.00374880463547835 0.00366173122532327 0.00358935773172581 0.00352857738013385 0.00347741253573128 0.00343452345577193 0.00339896379923394 0.00337004802216087 0.00334728006607758 0.00333030420643967 0.00331888542766775 0.00331288673198617 0.00331226117847241 0.00331704827299555 0.00332738238658955 0.00334350889462349 0.00336580721884814 0.00339487370650103 0.00343180858443829 0.00347922051221299 0.00354362335172039 0.00363828343748442 0.00378106709833047 0.00398290442903284 0.00424105730876008 0.00456196401525037 0.00498960097720962 0.00556452624941111 0.00622934668725628 0.00683319998122664 0.00727325911915187 0.00755731786246156 0.00767433854406379 0.00752193032684273 0.007066785998191 0.006478581457445 0.00599931347242307 0.00574087768582693 0.00566351761502549 0.00568322072473386 0.00574584815383163 0.00583151856611477 0.00593626569617133 0.00606199665336614 0.00621559747469921 0.00641012618809055 0.00666555724632142 0.0070122579555348 0.00751275690633232 0.00836844809204863 0.0103124493052393 0.0155569498867709 0.028778130513038 0.0554404028119875 0.0946720955433085 0.131930350299889 0.144980978190986 0.123875114193308 0.0817802523427267 0.0415902576559156 0.0162675724682289 0.00488933569983901 0.0011285886900217 0.000199999390978108 2.72036641873644e-05 2.83962774163828e-06 2.27446925787097e-07 1.39780313050369e-08 6.59069104830955e-10 2.38403749134165e-11 6.6156913548841e-13 1.40832770178718e-14 2.29978614245562e-16 2.88082809308749e-18 2.76812609274862e-20 2.04026573342126e-22 1.15349212267925e-24 5.00224600655986e-27 1.66392638474164e-29 4.24539874137506e-32 8.30835972877074e-35 1.24715951704528e-37 1.43594041728364e-40 1.26810902634716e-43 8.58975568113549e-47 4.46280128551109e-50 1.77842458049625e-53 5.43579798323384e-57 1.27435383694794e-60 2.29147247007186e-64 3.16035789338111e-68 3.34313645829411e-72 2.71248554929278e-76 1.68801227289215e-80 8.05708614976468e-85 2.94967461858824e-89 8.28253755692019e-94 1.78379712475571e-98 2.94659081045921e-103 3.73324198146145e-108 3.62780586193007e-113 2.70391599834443e-118 1.54572884348416e-123 6.77741541462341e-129 2.27921514650871e-134 5.87890876128899e-140 1.16304917324031e-145 1.7647743613161e-151 2.05385535095586e-157 1.83332686140016e-163 1.255160205354e-169 6.59094180388723e-176 2.65451205155838e-182 8.19994043666966e-189 1.94278766536426e-195 3.53043727770828e-202 4.92062277636238e-209 5.26017203716287e-216
4.74717858178835 4.16445080596514 2.80575144125293 1.45472969572512 0.58424866723596 0.186326629803255 0.052255216535882 0.0179027640187258 0.0106827952058292 0.00902738298735086 0.00833676423221997 0.00786262420871111 0.0074916685427319 0.00719477766040518 0.00695703925128426 0.00676849357205758 0.00662017119901756 0.00650182384147921 0.00640109292188797 0.00630311245630887 0.00619173661701617 0.00605493595844881 0.00589224902851916 0.00571538695479918 0.00553556006328071 0.00534749376007125 0.00513182539766776 0.00487891477840316 0.00460628103403431 0.00434771597336169 0.00412876004382361 0.00395537080253708 0.00382011858685522 0.00371258163424913 0.00362470274386231 0.00355139669922045 0.00348956819537604 0.00343724166337246 0.00339307035104181 0.00335609702136689 0.00332562102369001 0.00330112823823207 0.0032822440669075 0.00326870767779701 0.0032603550318083 0.00325710049607184 0.00325893978575263 0.00326594521790421 0.00327828217749747 0.00329621608837145 0.00332014669029453 0.00335068374417369 0.00338893362746663 0.00343748537646502 0.00350277229531976 0.00359788100610548 0.00374043389979013 0.00394123393054061 0.00419763008818498 0.00451601738051604 0.00493978250859334 0.00550900420625324 0.00616739817281705 0.00676685302051883 0.00720706443320595 0.00749718801048857 0.00762717985423872 0.00749434161286435 0.00706112165245017 0.00649020878040477 0.00601933752251124 0.00576162939310582 0.00568122328737274 0.00569691716368816 0.00575543257176298 0.0058369161775905 0.00593738940478325 0.00605867904941196 0.00620775035197324 0.00639836171174668 0.00665121424319025 0.00699629641042987 0.00749494262410564 0.00834770928402663 0.0102866746083831 0.0155200985011188 0.0287153176007561 0.0553267237725281 0.0944849294653656 0.131674775207225 0.144703379927598 0.123639568019806 0.081625396410208 0.0415116943943519 0.0162368808662617 0.00488011432840186 0.00112645945903978 0.00019962173860247 2.71522287265456e-05 2.83424956877827e-06 2.27015271202889e-07 1.39514416154644e-08 6.57812138184567e-10 2.37947780588366e-11 6.60299964607342e-13 1.4056171509624e-14 2.29534464956249e-16 2.87524443504363e-18 2.76274074567259e-20 2.03628097529812e-22 1.15123022294207e-24 4.99239640309195e-27 1.66063612627928e-29 4.2369673385886e-32 8.29178594750206e-35 1.24466038434857e-37 1.43304975391092e-40 1.26554429883911e-43 8.57230084049841e-47 4.45368920992976e-50 1.77477585101724e-53 5.42459108543833e-57 1.27171358545862e-60 2.28670137226843e-64 3.15374484484381e-68 3.33610584987009e-72 2.70675244881045e-76 1.68442644490334e-80 8.03988368871831e-85 2.94334480280824e-89 8.26467312623621e-94 1.77993004343373e-98 2.94017026454045e-103 3.72506573911781e-108 3.61981989651187e-113 2.69793337332641e-118 1.54229131953461e-123 6.76226626480768e-129 2.27409457509243e-134 5.86563373575117e-140 1.160409572328e-145 1.76074880044149e-151 2.04914667217292e-157 1.82910255282571e-163 1.25225353672477e-169 6.57560205707451e-176 2.64830303037195e-182 8.18066474740533e-189 1.93819803092737e-195 3.52205567074823e-202 4.90888307226469e-209
4.7445626573272 4.16216169151414 2.80421655518479 1.45394308640121 0.583944545071126 0.186244499741648 0.0522489677290556 0.0179156434730191 0.0106982006108449 0.0090418619948193 0.00835033438727415 0.0078759162527767 0.00750532315030633 0.00720889290794062 0.00697073637000435 0.00678084914721815 0.0066317477135334 0.00651487422910788 0.00641852501181238 0.00632774040297638 0.00622563390528385 0.00609754327476227 0.00593826153397114 0.00575532286265742 0.0055598671625513 0.0053515108219246 0.00511761720806199 0.00485268236042199 0.00457416824224236 0.00431347941642419 0.0040938978004161 0.00392019693892588 0.0037845629446893 0.0036765111798518 0.00358799019408296 0.00351392331054099 0.00345121954064608 0.00339790389664793 0.00335262632798962 0.00331441993414542 0.00328257378079174 0.00325655589073546 0.0032359760895052 0.00322055200642417 0.00321009904517121 0.00320450336114169 0.00320372278718342 0.00320778420886423 0.00321678937398429 0.00323092799084677 0.00325048509993703 0.00327587822842478 0.00330772354822679 0.00334713032866283 0.0033966673611872 0.00346269720667168 0.00355813735204101 0.00370037999956448 0.00390011048820218 0.00415477736241901 0.00447077451358625 0.00489101165460192 0.00545528265932873 0.00610866853501659 0.00670608954431695 0.00714986146329231 0.00744991812282598 0.00759566660529995 0.00748236591119524 0.00706775083170065 0.00650888161217574 0.0060413452283789 0.00578078089782074 0.00569529791666779 0.00570632008134128 0.00576139352358599 0.00583992652266412 0.00593650967984078 0.00605258367563718 0.00619643933532498 0.0063833638624158 0.00663422058602123 0.00697817171358997 0.00747575706314336 0.00832661849630839 0.0102609057605213 0.0154825431792775 0.0286504364116892 0.0552093295033135 0.0942921895158657 0.13141194525958 0.144417950237783 0.123397305237214 0.0814660672014951 0.0414308390513939 0.0162052883049219 0.00487062139571768 0.00112426744372513 0.000199232948001114 2.70992766945726e-05 2.82871289722208e-06 2.26570902401151e-07 1.3924069197848e-08 6.56518194395334e-10 2.37478409126634e-11 6.58993524054134e-13 1.40282710207931e-14 2.29077309036053e-16 2.86949756535057e-18 2.75719832855382e-20 2.03218029266325e-22 1.14890271085095e-24 4.98226201471297e-27 1.65725107729878e-29 4.22829398493973e-32 8.27473857545074e-35 1.24209016407716e-37 1.43007726291033e-40 1.26290734027226e-43 8.55435704582834e-47 4.44432330924782e-50 1.7710260739146e-53 5.41307569476294e-57 1.26900110787447e-60 2.28180059374492e-64 3.1469532334156e-68 3.328886684032e-72 2.7008666498901e-76 1.68074578249827e-80 8.02222953872596e-85 2.93684999740347e-89 8.24634650723916e-94 1.77596366701665e-98 2.93358611820268e-103 3.7166827732165e-108 3.61163360128866e-113 2.69180186287199e-118 1.53876893405314e-123 6.74674615899437e-129 2.26884964169285e-134 5.85203896256447e-140 1.15770692182249e-145 1.75662789123337e-151 2.04432740731212e-157 1.82477987826885e-163 1.24927976429503e-169 6.55991122909613e-176 2.6419531365358e-182 8.1609555422141e-189 1.93350608060238e-195 3.51348886369564e-202
4.74191235859982 4.15984175231508 2.80266199764837 1.4531491532202 0.583640315717984 0.18616328605218 0.0522419887554402 0.0179271548937001 0.0107136004234568 0.00905831772521724 0.0083668457356349 0.00789168953882339 0.00752037689497972 0.00722401865238414 0.0069863259925943 0.00679631018026263 0.00664660627318912 0.00652995751827336 0.00643568989722376 0.00634912824621326 0.00625346045861426 0.00613329971851133 0.0059803041120724 0.00579678053435814 0.0055904382013559 0.00536328914095195 0.00510981224653741 0.00483071074610946 0.00454488971381577 0.00428156060596078 0.00406131260893971 0.00388736963441127 0.00375139829225706 0.00364284145200515 0.00355367498504083 0.00347884548903474 0.00341527510116011 0.00336099255282939 0.00331464836962052 0.00327526695719316 0.00324212957287333 0.00321469181351828 0.00319254872813002 0.0031754009622106 0.00316304054658743 0.00315533495636024 0.0031522099996423 0.00315366133092476 0.00315974175731455 0.00317058057846605 0.00318638156185758 0.00320744834201276 0.00323421051157602 0.00326729414020129 0.00330781086423493 0.00335830844896419 0.00342507819439025 0.00352087128448709 0.00366285957767683 0.00386160917098855 0.00411464521591749 0.00442832312376871 0.00484504913740035 0.00540431903624353 0.00605262761178608 0.00664819237000847 0.00709637535337431 0.00740773763499542 0.00756971710156436 0.00747394848799745 0.00707401888134812 0.00652404998805112 0.00605936235774188 0.00579754109596791 0.00570909771207731 0.00571706171384819 0.00576927465376473 0.00584421773262399 0.0059356722030176 0.00604593226271407 0.00618517804786718 0.00636949689671017 0.00661887544804728 0.00696126628034827 0.00745672324622801 0.0083047208753809 0.010234113021735 0.0154443353846457 0.0285849273776266 0.0550899775922916 0.0940947440089108 0.131141606539439 0.144123946123702 0.123147715407098 0.0813019523155396 0.0413475748465786 0.0161727598075033 0.00486084806717517 0.00112201077096648 0.000198832699417344 2.70447659681279e-05 2.82301356413787e-06 2.26113516144369e-07 1.38958980117796e-08 6.5518667051419e-10 2.36995481012353e-11 6.57649583458718e-13 1.39995750595156e-14 2.28607212352918e-16 2.86358923785291e-18 2.75150140700807e-20 2.02796620839917e-22 1.1465113571379e-24 4.97185194888214e-27 1.65377471899475e-29 4.21938865299519e-32 8.25723914118461e-35 1.23945237178903e-37 1.427027298656e-40 1.2602022497459e-43 8.53595367048618e-47 4.43471962496412e-50 1.76718193229108e-53 5.40127306751407e-57 1.26622156891668e-60 2.27677972585952e-64 3.13999667900978e-68 3.32149375479468e-72 2.69484044806752e-76 1.67697810682688e-80 8.00416178456357e-85 2.93020440184236e-89 8.22759824179075e-94 1.7719068610951e-98 2.92685322183313e-103 3.70811214014963e-108 3.60326571142675e-113 2.68553558015077e-118 1.53516983358965e-123 6.73089113290978e-129 2.26349256229843e-134 5.83815617991063e-140 1.15494754167536e-145 1.75242127956915e-151 2.03940884087133e-157 1.8203689570124e-163 1.24624584403275e-169 6.54390597362681e-176 2.63547717613729e-182 8.14085867074452e-189 1.92872269900253e-195
4.73923067204937 4.15749525428604 2.80108979139624 1.45234546003601 0.583331219316231 0.186079718294457 0.0522339225419675 0.0179383564087337 0.0107290479285794 0.00907468019871766 0.00838303849410246 0.00790711860171653 0.00753481845085659 0.00723775419098163 0.00699994566787843 0.00680998611305038 0.00665995172145848 0.00654315340644468 0.00645048039869644 0.00636841790989938 0.0062802879137814 0.00616976025576547 0.00602568588660152 0.00584567209967085 0.00563333523002383 0.00539064351928486 0.00511702826847697 0.00481993905745832 0.00452224853974524 0.00425291985402976 0.004030186148764 0.0038552041415991 0.00371860068555271 0.00360946384991543 0.00351967887228473 0.00344416494612659 0.00337983204774398 0.00332469992713139 0.00327741466490201 0.00323699464964118 0.00320271130147166 0.00317401185559519 0.00315047318032956 0.00313178361954491 0.00311771355624597 0.0031081150577698 0.00310289017511559 0.00310200422850914 0.00310547850965031 0.00311339114961381 0.00312589063113762 0.00314319478408589 0.00316562718083609 0.00319362495520996 0.00322782439134743 0.00326933459533479 0.00332068851776236 0.00338811164958819 0.00348420540804896 0.00362594618922386 0.00382381088443676 0.00407543930801109 0.00438722867542812 0.00480126059431743 0.00535699776887676 0.00600254652514459 0.00659926501929689 0.00705481828930824 0.00737922110657231 0.00755699241520629 0.00747607445828123 0.00708680495088238 0.00654170072268863 0.00607680649954332 0.00581198021492516 0.00572007473068235 0.00572519958150173 0.00577446652230712 0.00584508129812998 0.00593098610623394 0.00603609956417333 0.00617184886641877 0.00635417272858826 0.00660219810603674 0.00694314514754552 0.00743662477652606 0.00828172358067684 0.0102060093815651 0.0154044926927714 0.0285171428651615 0.0549671346495912 0.0938920793429438 0.130864404611551 0.143822497218616 0.122891718067271 0.0811335512176646 0.041262102582036 0.0161393582120331 0.00485080994976102 0.00111969249825189 0.000198421454507226 2.69887485734923e-05 2.81715575802788e-06 2.25643333701179e-07 1.3866933627511e-08 6.53817404274367e-10 2.36498768619352e-11 6.56267005645116e-13 1.39700479954075e-14 2.28123397563381e-16 2.85750717376629e-18 2.74563566801493e-20 2.02362627586809e-22 1.14404803211959e-24 4.96112613905899e-27 1.65019210350026e-29 4.21020902773396e-32 8.23919658937163e-35 1.23673209282448e-37 1.42388124485102e-40 1.25741130471267e-43 8.51696194236496e-47 4.42480670161885e-50 1.7632131305558e-53 5.38908502159504e-57 1.26335063840443e-60 2.27159265302242e-64 3.13280830862331e-68 3.31385285414298e-72 2.68861081560347e-76 1.67308243834122e-80 7.98547643006857e-85 2.92333025658186e-89 8.20820133638069e-94 1.76770887439771e-98 2.91988466032942e-103 3.69923981614696e-108 3.59460162791574e-113 2.67904628179886e-118 1.53144195544645e-123 6.71446582258655e-129 2.25794180169884e-134 5.82376893478728e-140 1.1520873951765e-145 1.74806030335105e-151 2.03430892125895e-157 1.81579463711138e-163 1.24309901758899e-169 6.52730239851055e-176 2.62875805391026e-182 8.12000391218396e-189
4.73651685694337 4.15512103200863 2.7994992001122 1.4515320369282 0.58301778895583 0.185995147119245 0.0522273620528534 0.0179522198928044 0.0107466922138682 0.00909230605550334 0.00840016624110392 0.0079237818463857 0.00755093041174342 0.00725338694268324 0.00701562364177092 0.00682613014842813 0.00667598288802311 0.00655806745127368 0.00646471928126206 0.00638457249822495 0.00630197744339414 0.00620023162431049 0.00606632089592523 0.00589365144347164 0.0056802967435581 0.00542547160795273 0.00513199247071602 0.00481485916770286 0.00450293028155721 0.00422623388055691 0.0040006699367613 0.00382478284754304 0.00368775345681933 0.00357817982819621 0.00348785676055568 0.00341170446586252 0.00334663982786097 0.00329068741061553 0.00324249366763156 0.00320107866150002 0.00316570500205629 0.00313581703705421 0.00311097825231682 0.00309086344245409 0.00307522758868738 0.00306390284278453 0.0030567795726012 0.00305379104007012 0.00305493581045355 0.00306025294842049 0.00306984744762399 0.00308387806321533 0.00310258303223065 0.00312629765170185 0.00315546584883685 0.00319072984167195 0.00323319320370027 0.00328537474559367 0.00335343205023046 0.00344982234749193 0.00359131963040466 0.00378828691554703 0.00403842752984416 0.00434812093038821 0.00475909595313509 0.00531088363824669 0.00595360767460102 0.00655246688447004 0.00701768739088035 0.00735743977734222 0.00755093595621179 0.00748158459798954 0.00709857502263216 0.00655555478190943 0.0060901099477871 0.00582373158699192 0.0057306629547573 0.00573480220820912 0.00578142582173934 0.00584674154730754 0.00592619657665456 0.00602604717538339 0.00615855945397029 0.00633901521519284 0.00658566486099773 0.00692525261333221 0.00741708318601578 0.00825955724002901 0.0101784584627398 0.0153643347483165 0.0284479069415727 0.0548413887739547 0.0936845243627964 0.130580314728154 0.143513356153379 0.122629062987841 0.0809607128144995 0.0411743568237945 0.0161050616916725 0.00484050128971636 0.00111731143174334 0.000197999022099027 2.69312014633093e-05 2.81113744497027e-06 2.25160228965435e-07 1.38371710381483e-08 6.52410311892419e-10 2.35988304709236e-11 6.54846077227363e-13 1.39397005011451e-14 2.27626119653424e-16 2.85125564735009e-18 2.73960631747266e-20 2.01916518332997e-22 1.14151588920263e-24 4.95010052797454e-27 1.64650931530431e-29 4.20077269182254e-32 8.22064947815499e-35 1.23393575486379e-37 1.42064725736856e-40 1.25454239044973e-43 8.49743999919029e-47 4.41461725000997e-50 1.75913372149535e-53 5.37655767579609e-57 1.26039988309261e-60 2.26626155268643e-64 3.12542063891634e-68 3.30600044947261e-72 2.68220904242239e-76 1.66907932126865e-80 7.96627671223393e-85 2.91626727231037e-89 8.18827273160052e-94 1.76339607400237e-98 2.91272595821769e-103 3.69012599599241e-108 3.58570231028459e-113 2.67238125347966e-118 1.52761339632555e-123 6.69759812174427e-129 2.25224196030192e-134 5.80899639247182e-140 1.14915087759338e-145 1.74358322992131e-151 2.02907364640831e-157 1.81109928818872e-163 1.23986919347958e-169 6.51026230271655e-176 2.62186285288552e-182
4.73377300361914 4.15271942814422 2.79788869113209 1.4507078229404 0.582701401988125 0.185911440319069 0.0522212155798802 0.0179648304403471 0.0107627602426497 0.0091089959878737 0.00841673271584478 0.00793986394109858 0.00756646994339384 0.00726836982058025 0.00702994389692547 0.00683986083182397 0.00668956133060507 0.00657191559575548 0.00647911044162643 0.0064005443579034 0.00632213623269091 0.00622809405302155 0.00610465252588973 0.00594235900165984 0.00573416935393294 0.0054742143637986 0.0051647912799474 0.00482649174504992 0.00449570225954013 0.004206579165871 0.00397461075325966 0.00379590605282799 0.0036575944906592 0.00354723930784595 0.00345625854598406 0.00337945658313193 0.00331370567234628 0.00325701218513715 0.00320800929545484 0.00316571282699571 0.00312937406097715 0.00309842617115386 0.00307242544432356 0.00305102937123189 0.00303398650021492 0.00302110578694912 0.00301226801901882 0.00300738623278952 0.00300643469055931 0.00300943056996283 0.00301643207581709 0.00302755973076366 0.00304298245171323 0.00306296171425814 0.00308783653402104 0.00311806441880623 0.00315428976440015 0.00319761881682435 0.00325055890779667 0.00331920875741943 0.00341590043420932 0.00355723955480335 0.00375353472353543 0.00400263715965831 0.00431105944853399 0.00472043706798791 0.00527067159397942 0.00591392437788171 0.00651847943119362 0.00699544943994168 0.00734949597830335 0.00755455579964096 0.00749163562981202 0.00711108497458072 0.00656841981026912 0.00610232193395316 0.0058348809174063 0.0057402171342271 0.00574147895236327 0.00578372252833562 0.00584392552999906 0.00591850809195439 0.00601432976925111 0.00614392215818134 0.00632246810562575 0.00656773801121858 0.00690586986119553 0.00739575684620532 0.00823549843105762 0.0101494919130646 0.0153233055332311 0.0283773291562246 0.0547125284619927 0.0934715566936761 0.13028905913324 0.143196687356968 0.122360128704193 0.0807837689020069 0.0410845297864719 0.0160699520816845 0.00482994853939573 0.00111487412476371 0.000197566648563998 2.68723065089372e-05 2.80497896783015e-06 2.24665944857647e-07 1.38067245740591e-08 6.50971133927543e-10 2.35466295279688e-11 6.53393286060383e-13 1.39086786100484e-14 2.27117894446813e-16 2.84486783399663e-18 2.73344684371919e-20 2.01460880985258e-22 1.13893023987495e-24 4.9388444798892e-27 1.64275041678929e-29 4.19114356864434e-32 8.2017278638847e-35 1.23108362470142e-37 1.41734952698709e-40 1.25161762537869e-43 8.47754276711355e-47 4.40423440576449e-50 1.75497788461045e-53 5.36379869730933e-57 1.25739529033488e-60 2.2608344891409e-64 3.11790179143056e-68 3.2980105296893e-72 2.6756967151859e-76 1.66500804374843e-80 7.9467547220156e-85 2.90908743339032e-89 8.16801918884834e-94 1.7590139811786e-98 2.90545393751191e-103 3.68087005889972e-108 3.57666630825984e-113 2.66561541146592e-118 1.52372781464568e-123 6.6804830780003e-129 2.24645984223038e-134 5.79401396706977e-140 1.14617330175868e-145 1.73904456162192e-151 2.02376751036419e-157 1.80634142330393e-163 1.23659707422599e-169 6.49300277194922e-176
4.73099822601087 4.1502922400602 2.79626319262577 1.4498774061895 0.582382282237059 0.185825632542178 0.0522142132419485 0.01797850260552 0.0107809853820514 0.0091279068921237 0.00843505094081722 0.00795684019599183 0.00758207895820513 0.00728353864966084 0.00704563201475769 0.00685608245556365 0.0067056678681039 0.00658743261651918 0.00649414967884756 0.00641591324755957 0.00633955815622291 0.0062505286280487 0.00613599400227864 0.00598537861308445 0.00578693539519395 0.00552801956641329 0.00520710770740258 0.00484803869249993 0.00449551908621488 0.00419057579877431 0.00395016971861932 0.00376805701207345 0.00362858809748138 0.00351773050203356 0.0034263181622001 0.00334902028584172 0.00328268934092726 0.00322533268156372 0.00317558363258505 0.00313245857048151 0.00309521266730814 0.00306326902825166 0.00303618515653775 0.00301360216252152 0.00299526038026173 0.00298095571658004 0.00297055141952797 0.00296395496282273 0.00296110626228189 0.00296201008203751 0.00296669197415669 0.00297523929808556 0.00298777762013904 0.00300449575802792 0.00302566598463781 0.00305163030115897 0.00308285584506203 0.00311998153945631 0.00316411972377586 0.0032177569462928 0.00328693230173515 0.00338384250540369 0.00352490774336055 0.00372034304692254 0.00396809427039267 0.00427481220662388 0.00468226184357298 0.00523130502369163 0.00587683388763022 0.00649006750119106 0.00698123608551744 0.00734915301092083 0.00756201692135703 0.00750068742917052 0.00711962350632526 0.00657730403850606 0.00611225165336499 0.00584531799551481 0.00574992600958558 0.00574890196641984 0.00578710071832918 0.00584178211834354 0.00591042763171631 0.00600141446745882 0.0061282659967074 0.00630576293253289 0.00655037445865843 0.00688732191236158 0.00737524902220482 0.00821193816374488 0.0101203207116412 0.0152813281701998 0.0283053078134959 0.0545814480765816 0.0932546570079134 0.129991755980184 0.1428729183363 0.122084916583199 0.0806026111625397 0.0409925410532095 0.0160339920722675 0.00481913892573607 0.00111237723229088 0.000197123660911531 2.68119599890639e-05 2.79866811780029e-06 2.24159385710086e-07 1.37755193139588e-08 6.49495966906938e-10 2.34931190247459e-11 6.51903938473381e-13 1.38768738958543e-14 2.26596810219686e-16 2.83831799572388e-18 2.72713077670447e-20 2.0099363526936e-22 1.13627858701496e-24 4.92730059028055e-27 1.63889524107539e-29 4.18126745986989e-32 8.18232029773003e-35 1.22815816407992e-37 1.41396692904984e-40 1.24861753127575e-43 8.45713273951772e-47 4.39358383870173e-50 1.75071485027543e-53 5.35071053358698e-57 1.25431317070209e-60 2.25526739603286e-64 3.11018897043823e-68 3.28981453730885e-72 2.66901648694429e-76 1.66083185020858e-80 7.92672994238487e-85 2.90172280095909e-89 8.14724475835587e-94 1.75451928301008e-98 2.89799522209928e-103 3.67137673101365e-108 3.56739880390671e-113 2.65867642552042e-118 1.51974291669238e-123 6.66293112061788e-129 2.24053031188207e-134 5.77865009361912e-140 1.14312002492047e-145 1.73439067191483e-151 2.01832687167912e-157 1.80146313934176e-163 1.233242269845e-169
4.72819650261864 4.14784136867195 2.79462167052708 1.44903886317 0.582060648623321 0.185740126264096 0.0522077772961378 0.0179913248339201 0.0107968150404035 0.0091439024616454 0.00845102816828001 0.00797289211193666 0.00759845510325905 0.00730007693111858 0.00706172761129062 0.00687152560161231 0.0067206424755961 0.00660190658212028 0.00650802426248381 0.00642976917920314 0.00635528149515335 0.00627147742021836 0.00616620915082146 0.00602768636592987 0.00584056067602053 0.00558678361254239 0.00526018998925466 0.00488460577008863 0.00451046795253595 0.00418629654537598 0.00393316394489281 0.00374440768244521 0.00360192887764242 0.00348963804815559 0.00339733177901613 0.00331930062470495 0.00325227460911472 0.00319421084356057 0.00314372062796894 0.00309980065638364 0.00306170366962448 0.00302883869795853 0.00300075746796385 0.00297709315500189 0.00295756561922787 0.00294196853337002 0.00293013916735273 0.00292198399882984 0.00291742188523748 0.0029164343439838 0.00291903500299246 0.00292526766048899 0.00293523692159275 0.00294907214575129 0.00296699002919558 0.00298926239159112 0.00301624647127807 0.00304841149444224 0.00308639988392387 0.00313133559511842 0.0031856931264661 0.00325547464053583 0.00335276920259556 0.00349386594578439 0.00368895521570082 0.00393617483911525 0.00424244137328278 0.0046497604026658 0.00519987178887837 0.00584988631512078 0.00647302679241376 0.00697781689612475 0.00735727459422715 0.00757487845110503 0.00751237324148642 0.00712864845553647 0.00658517333976818 0.00612039880434627 0.00585374533552485 0.00575745694664745 0.00575373359818695 0.00578744933140909 0.00583682515602216 0.00590072228660386 0.00598810522154108 0.00611221431552341 0.00628762703991387 0.00653066482210716 0.00686610083432051 0.00735226798417728 0.00818653988003032 0.0100899940066883 0.0152383708685507 0.0282316852338685 0.0544473657829669 0.0930328485087979 0.129687838541832 0.142542015932971 0.121803668876844 0.0804174924388932 0.0408985476753585 0.0159972518984506 0.00480809616571216 0.00110982687804727 0.000196671270399536 2.67503452680455e-05 2.7922261139393e-06 2.236424269953e-07 1.37436818158388e-08 6.47991330350273e-10 2.34385553651171e-11 6.50385734612654e-13 1.38444629805585e-14 2.26065962089076e-16 2.83164758131279e-18 2.72070054525424e-20 2.00518101894927e-22 1.13358080622466e-24 4.91555985479993e-27 1.63497566065941e-29 4.17122979027922e-32 8.16260200416919e-35 1.22518688446419e-37 1.41053253096596e-40 1.24557253861703e-43 8.43642434841031e-47 4.38278126361991e-50 1.74639244284335e-53 5.33744457889368e-57 1.25119023602328e-60 2.24962847147597e-64 3.10237923574051e-68 3.28151830891572e-72 2.66225678537297e-76 1.65660735431666e-80 7.90648012584885e-85 2.89427780366239e-89 8.12625034284488e-94 1.74997842963557e-98 2.8904622844393e-103 3.66179192503652e-108 3.55804489193819e-113 2.65167489068481e-118 1.51572332118956e-123 6.6452316718817e-129 2.23455274212884e-134 5.76316633535948e-140 1.14004382697811e-145 1.72970321015555e-151 2.01284856664175e-157 1.79655248701396e-163
4.72536526384393 4.14536508532273 2.79296517383436 1.44819494173793 0.581737763444677 0.185653757168839 0.0522010822670975 0.0180057612142487 0.0108156327410455 0.00916286373111184 0.00846969010946664 0.00799105587651128 0.00761483557048676 0.00731442374289047 0.00707590072463861 0.00688707779514698 0.00673716870507397 0.00661819348259762 0.00652341762117551 0.00644435923514514 0.00636991552551016 0.00628838060661367 0.00618938679007862 0.00606179603588719 0.00588828366072381 0.00564575267741397 0.00532126620591933 0.00493444935633108 0.00453863604315142 0.00419104276137611 0.00392041125491718 0.00372206216070386 0.00357557144337259 0.00346187599582905 0.00336899687662956 0.00329054040148903 0.00322305740610177 0.00316446441619466 0.00311337170970282 0.00306877211595153 0.00302992151409297 0.00299623076285136 0.00296723982647818 0.0029425888789019 0.00292197652158739 0.00290519554395409 0.00289206818811374 0.00288248399042938 0.00287636487170109 0.0028736565058943 0.00287437187054292 0.00287852240464601 0.00288618347662909 0.00289745536640756 0.00291248660669322 0.00293150772701093 0.00295478935241994 0.00298270582157981 0.00301571595719747 0.00305447254787397 0.0031000945687307 0.00315503862585685 0.003225256452475 0.00332271361281701 0.0034635515760404 0.00365792594071957 0.00390424693778033 0.00421002711335079 0.00461823345749289 0.0051722083267135 0.00583083549459748 0.00646694530664292 0.0069845629216037 0.00737070008434966 0.00758703401497698 0.00751952328871305 0.00713270878353888 0.00658997589005837 0.00612774328036649 0.00586273061671397 0.00576588177339867 0.00575914919204012 0.00578756731407798 0.0058301824164584 0.00588778453755041 0.00597153095989469 0.006094871756137 0.00627020874930644 0.00651222679144219 0.00684609209289909 0.00733050184921395 0.00816192510789021 0.0100596091440861 0.0151947721274678 0.0281571631590403 0.0543116589900942 0.0928075941616018 0.129378197692973 0.142204209321499 0.121516277867089 0.0802282655588413 0.040802465455557 0.0159596991533706 0.00479681084990089 0.00110722089224524 0.00019620907169578 2.66874012079651e-05 2.78564562633078e-06 2.23114382195439e-07 1.37111625111697e-08 6.4645448794123e-10 2.33828235704162e-11 6.48835004024887e-13 1.38113568920428e-14 2.25523711998519e-16 2.82483367092107e-18 2.71413175820898e-20 2.00032305102331e-22 1.13082470631389e-24 4.90356493143081e-27 1.630971102907e-29 4.16097422950603e-32 8.14245520943932e-35 1.22215097537077e-37 1.40702337304192e-40 1.24246122361941e-43 8.41526472394229e-47 4.37174324336874e-50 1.74197581959514e-53 5.32388948814475e-57 1.24799925189468e-60 2.24386672075946e-64 3.09439948053208e-68 3.27304158912205e-72 2.65535013798675e-76 1.65229110878865e-80 7.8857909711615e-85 2.88667146637742e-89 8.10480153101352e-94 1.74533942893759e-98 2.88276676413779e-103 3.65200057003012e-108 3.548489734272e-113 2.64452297736645e-118 1.51161754665677e-123 6.62715345324707e-129 2.22844749664027e-134 5.74735251062528e-140 1.13690218717344e-145 1.72491623717326e-151 2.00725420986478e-157
4.72251215912727 4.142868047973 2.79129088060754 1.44733867074802 0.581410366633879 0.185568885320439 0.052196380468145 0.0180195829060614 0.0108327965831131 0.00918055185590412 0.0084861653355046 0.00800659317744033 0.00763162565722104 0.00733255206068414 0.00709301507217818 0.00690214808561912 0.00675121813203224 0.00663213995836217 0.00653761184493615 0.00645921755138492 0.0063859234483405 0.00630649227298397 0.00621210685163429 0.0060933502956375 0.00593254230092579 0.00570266748332151 0.0053844670784598 0.00499241694081414 0.00457981305261195 0.00420985735561626 0.00391920296078713 0.00370757451079276 0.00355413961038958 0.00343726809429519 0.00334284340799197 0.00326340779063215 0.00319513325104844 0.00313580845536167 0.00308399162986636 0.00303864921879582 0.00299901437739089 0.0029645000535997 0.00293462556531067 0.00290903175593956 0.00288740496605932 0.00286951809096367 0.00285519905445302 0.0028443047005765 0.00283676357906684 0.00283249545662352 0.00283149286746808 0.00283376857859214 0.0028393526977826 0.00284834030459302 0.00286082445407774 0.0028769887306801 0.00289705849745235 0.00292132125120906 0.00295015681909456 0.00298402143087761 0.00302359115048298 0.0030699852809618 0.00312566848798623 0.00319655997183216 0.00329454754442836 0.00343568403872552 0.00363015480770955 0.00387667284379678 0.00418327776898456 0.00459368720220517 0.00515251303219224 0.00582006404269613 0.00646847564214194 0.0069970913305808 0.00738723984908198 0.00759998096195854 0.00752673242042338 0.00713750455907112 0.00659609986426684 0.00613580857158376 0.00587083831854227 0.00577170071077856 0.00576073405213907 0.00578355756441389 0.00582089851123805 0.00587523932830026 0.00595689180279894 0.00607753443744477 0.00625025007737681 0.00649111377721052 0.006824315393558 0.00730697179008427 0.00813552094230833 0.0100282799001028 0.0151507648056003 0.0280811423654082 0.0541721281053644 0.0925763362815327 0.12906145397806 0.141859516270659 0.121223369985133 0.0800354722519699 0.0407045675770769 0.0159214294919636 0.00478530765982185 0.00110456411613842 0.000195737802643768 2.66232167476024e-05 2.7789352459037e-06 2.22575920276229e-07 1.36780032895398e-08 6.44887530039258e-10 2.33260058030677e-11 6.47254262816668e-13 1.37776151588172e-14 2.24971141778672e-16 2.81789131258769e-18 2.70744040416707e-20 1.99537541225278e-22 1.12801830478281e-24 4.89135364509294e-27 1.62689518304211e-29 4.15053818136703e-32 8.12195836610842e-35 1.21906300456807e-37 1.40345483766534e-40 1.23929797590653e-43 8.39375677891445e-47 4.36052606467127e-50 1.73748852938041e-53 5.31012064204685e-57 1.24475868406563e-60 2.23801676731764e-64 3.086299403143e-68 3.26443899728029e-72 2.64834251138864e-76 1.64791274021271e-80 7.86480873352056e-85 2.87895909531757e-89 8.08305853961042e-94 1.74063783980431e-98 2.87496912929351e-103 3.64208145600607e-108 3.53881200087897e-113 2.63728088103368e-118 1.507460891699e-123 6.60885510387883e-129 2.22226921921752e-134 5.7313528860999e-140 1.13372430004595e-145 1.72007503877061e-151
4.71964374931146 4.14035960888227 2.78961176147205 1.44648163860869 0.581081764872446 0.185481581034496 0.0521907886812607 0.0180344577337817 0.0108502134998233 0.00919810718660771 0.00850572807134116 0.00802720420338907 0.00764974908989516 0.00734764230194757 0.00710787052603116 0.00691817157173151 0.00676749112870272 0.00664794124810163 0.00655266808077997 0.0064731286892108 0.00639919668314254 0.00632091677381542 0.00623003763502492 0.00611800755131263 0.00596861112857327 0.00575427415151504 0.00545025968610046 0.00506220497303217 0.00463794410436774 0.00424421787380455 0.00392783459359033 0.00369712014474288 0.00353331907349759 0.00341216222371671 0.00331627181041567 0.00323626785653522 0.00316759197424029 0.00310784232619059 0.00305553449127298 0.00300963716718107 0.00296937158774645 0.00293416002981015 0.00290352078611211 0.0028770858159739 0.00285455334271974 0.00283566466578582 0.00282025667170392 0.00280816912659452 0.00279931808377774 0.00279363463410416 0.00279106598550262 0.00279163565326201 0.00279533880910578 0.00280224317006362 0.00281243303679712 0.00282602572201877 0.00284322632267942 0.00286424562748485 0.0028893922741182 0.00291902878806016 0.00295362233630101 0.00299385425372612 0.00304083768325821 0.00309703407316331 0.00316830255543765 0.00326643355063908 0.00340738149242167 0.00360146819970582 0.00384811319412357 0.00415678091676353 0.00457296651375318 0.00514226262593344 0.00582345287544623 0.00648392503784076 0.00701753792040577 0.00740405936869501 0.00760873811747985 0.00752918770860002 0.00713838824731917 0.00659887152343365 0.00614127098219453 0.00587766469861386 0.00577701840728676 0.00576166107570877 0.00577900451273265 0.00581100193196054 0.00586042107632724 0.00593906079626529 0.00605964679049974 0.00623293067958824 0.00647220645610047 0.00680246487644578 0.00728290395379087 0.00810932445397019 0.00999690601419711 0.0151057906674531 0.0280037726824258 0.0540309847002741 0.0923423056811197 0.128740175134856 0.141509277211998 0.120925458765511 0.0798392870398311 0.0406049192798273 0.0158824678041639 0.00477359433156292 0.00110185829252222 0.000195257734114917 2.65578191501005e-05 2.77209638438486e-06 2.22027008307228e-07 1.36441914791348e-08 6.43289288773466e-10 2.3268037061114e-11 6.45641025251881e-13 1.37431694326433e-14 2.24406870565153e-16 2.81079975704659e-18 2.70060311816105e-20 1.99031828588542e-22 1.12514889735494e-24 4.87886427236145e-27 1.62272512971588e-29 4.13985775633846e-32 8.10097498523709e-35 1.21590074845736e-37 1.39979932382135e-40 1.23605663086755e-43 8.37171109586528e-47 4.34902495606434e-50 1.73288627726581e-53 5.29599485491731e-57 1.2414331323056e-60 2.23201165608403e-64 3.07798210269482e-68 3.25560320283972e-72 2.64114290483053e-76 1.64341317970851e-80 7.84323983479562e-85 2.87102895459602e-89 8.06069567211936e-94 1.73580094659928e-98 2.86694502140991e-103 3.63187165666152e-108 3.52884815816128e-113 2.6298228389401e-118 1.50317925038946e-123 6.59000201734839e-129 2.21590213386176e-134 5.7148604702308e-140 1.13044778103228e-145
4.71683329657157 4.13790173057132 2.78796599807204 1.44564069917283 0.580758214537721 0.185394546862741 0.0521845501563759 0.0180504942602018 0.0108711457961707 0.00921722060294964 0.00852023284206962 0.00803935107268584 0.00766417374179482 0.00736550257429782 0.00712570173760276 0.00693302568081151 0.00678051630528571 0.00666174908268426 0.0065677087875942 0.00648800411793739 0.00641293453416089 0.00633444779644231 0.00624660533943937 0.00614217307401881 0.00600424097868176 0.00580331750391641 0.00551196000128014 0.00513097185982503 0.00470232193773399 0.00429132749444673 0.00395093773721188 0.00369857532054899 0.00352058291871327 0.00339217826014205 0.00329307708647509 0.00321155475446511 0.00314192555054628 0.00308140592672489 0.00302838190207176 0.00298178102580558 0.0029407967589457 0.00290483227704484 0.00287341253244544 0.00284614064877031 0.00282272633669255 0.00280289092572535 0.00278645588123063 0.00277327220752537 0.00276321218149808 0.00275622802107534 0.00275223634882383 0.00275124048916051 0.00275324814505763 0.00275827356877515 0.0027664144930558 0.00277773730667736 0.00279240157195754 0.00281059576160955 0.00283254479837635 0.00285857580569965 0.00288904055362014 0.002924436291304 0.00296544140896654 0.00301318922703186 0.00307015130024952 0.00314216794978284 0.00324099006318295 0.00338252593245939 0.00357726225578742 0.00382526430614121 0.00413723130402687 0.00456004789314547 0.00513974330001228 0.00583330921392314 0.00650406200956432 0.00704164532946234 0.0074244393997128 0.00762051824488624 0.00753301137316808 0.00713920288509476 0.00660157950666376 0.00614729267937719 0.00588482711840123 0.00578126223769723 0.00575927810185789 0.0057693368742538 0.00579705111347105 0.00584524201689077 0.00592230225786275 0.00603933702348544 0.00620938868638774 0.00644802478965173 0.00677916641146422 0.00725929859364419 0.00808284162694516 0.00996416524762533 0.0150590943874411 0.0279245672143103 0.0538877941977892 0.0921059559540237 0.128416375675939 0.141156606510941 0.120625609980408 0.0796418783210624 0.0405046700410695 0.0158432784023178 0.00476181469548544 0.00109913766425894 0.000194775134632929 2.64920905727992e-05 2.76522443818231e-06 2.21475570046563e-07 1.36102324021195e-08 6.41684498047953e-10 2.32098462639141e-11 6.44022053440216e-13 1.37086110501818e-14 2.23840918013382e-16 2.80368917685057e-18 2.69374955581013e-20 1.98525067182981e-22 1.1222744301011e-24 4.86635679314142e-27 1.61855034928955e-29 4.12916862243186e-32 8.07998120256785e-35 1.21273793906138e-37 1.39614434527608e-40 1.23281680315417e-43 8.34968282312273e-47 4.33753662514626e-50 1.72829061381296e-53 5.2818938070096e-57 1.23811446436397e-60 2.22602088082394e-64 3.06968728494484e-68 3.24679406868542e-72 2.63396727075546e-76 1.63892999833605e-80 7.82175610299658e-85 2.86313255584664e-89 8.03843475658378e-94 1.73098756440552e-98 2.85896231939564e-103 3.62171757397562e-108 3.51894162437515e-113 2.62240987090938e-118 1.49892472525538e-123 6.57127373789039e-129 2.20957900829881e-134 5.69848656621557e-140
4.714005029906 4.13542844406209 2.78631062021178 1.44479656239599 0.580435992361004 0.185309769160378 0.0521774419242863 0.0180609733456462 0.010885976835836 0.00923706055744299 0.00854423036574331 0.00806234864664154 0.00768148059693001 0.00737702318568532 0.00713564241423884 0.00694615122970094 0.00679776252836993 0.00667969803148391 0.00658281601203696 0.00650000541501869 0.0064238444657635 0.00634619869432827 0.00626048775489126 0.00616006948830205 0.00603024672607994 0.00584328045360262 0.00556983374289078 0.00520419882177967 0.00477976335777165 0.00435676205847337 0.00399158904473554 0.00371194184323791 0.00351331335857184 0.00337343792767884 0.00326944054338324 0.00318617379113479 0.00311586568416841 0.00305491605462916 0.00300147355495733 0.00295440893602654 0.00291291382697066 0.00287636755788294 0.00284431144359263 0.00281633607686232 0.00279214911193161 0.00277148780156053 0.00275413171078726 0.00273995522452946 0.00272880092526093 0.00272061176383325 0.00271532724282764 0.00271289542333751 0.00271335363897454 0.00271667756392997 0.00272293327920903 0.00273219396286223 0.00274454306163457 0.00276017279232334 0.00277924592599165 0.00280202219949858 0.00282880806762043 0.00285996076350993 0.00289599396923232 0.00293757420577743 0.00298585654843261 0.00304329616337423 0.00311571908612533 0.00321486584662919 0.00335676774431777 0.00355253052392932 0.00380366536185636 0.00412282116630603 0.00455773822343738 0.00515230440840615 0.00585837816636337 0.00653401884632231 0.00706716859826769 0.00743949135452317 0.00762519799124389 0.00753207753158797 0.00713779666875695 0.00660212954534869 0.00614954635625919 0.00588764433871736 0.00578353189317159 0.00575881341138716 0.0057625241151946 0.00578177157529565 0.00582364773254463 0.00589927986803605 0.00601858374146853 0.00619118241735758 0.00642970234724146 0.00675758240157184 0.00723341295155105 0.00805341261608688 0.00993009449201725 0.0150124882452833 0.0278455505508175 0.0537437113525924 0.0918670152504149 0.128088429723108 0.140799163808323 0.120321597267394 0.079441682496476 0.0404029870246791 0.0158035221748437 0.00474986290299738 0.00109637687519948 0.000194285340411522 2.64253722963984e-05 2.75824796864416e-06 2.2091565768059e-07 1.35757459798662e-08 6.40054520758007e-10 2.31507323204404e-11 6.42377118435481e-13 1.36734924024693e-14 2.2326568983817e-16 2.79646078832529e-18 2.68678121361974e-20 1.9800972772636e-22 1.11935079006021e-24 4.85363311335582e-27 1.61430266177092e-29 4.118290927873e-32 8.0586134039932e-35 1.20951823417125e-37 1.39242299134316e-40 1.22951759115078e-43 8.3272471078141e-47 4.3258339126004e-50 1.72360844721347e-53 5.26752509077426e-57 1.2347322807398e-60 2.21991452559894e-64 3.0612311796262e-68 3.23781233663303e-72 2.62664999658089e-76 1.63435768095613e-80 7.79984220458422e-85 2.85507695919876e-89 8.01572203113317e-94 1.72607585068051e-98 2.85081550196036e-103 3.61135343942452e-108 3.50882892065718e-113 2.61484171890002e-118 1.49458062397275e-123 6.55214894033068e-129 2.20312127809925e-134
4.71115941694912 4.13293951703927 2.78464494825473 1.44394738168983 0.580111317759378 0.185224216429809 0.052173276691693 0.018078068773115 0.0109048425016659 0.0092514639562452 0.00855514198609558 0.00807458087748164 0.0076987556969441 0.00739896817749006 0.00715794770700012 0.00696375121140163 0.00680956413288085 0.00668973565726712 0.00659536438664432 0.00651491581542764 0.00643848225302723 0.00636004907402321 0.00627558190633178 0.00617876761699377 0.00605514218337417 0.00587847319027444 0.00561994752362494 0.00527042072360165 0.00485575379150592 0.00442876721840175 0.00404489011300382 0.0037392761757618 0.00351748869447223 0.00336260755364877 0.00325103171359083 0.00316444469310013 0.00309257663765415 0.00303065323567982 0.00297643271666496 0.00292864937892752 0.0028864623075158 0.00284921207487982 0.00281642895226515 0.00278770823138725 0.00276271952108245 0.00274122648888838 0.00272297538007681 0.00270783691776091 0.00269567143517347 0.00268636186172315 0.00267988426671051 0.00267614676378615 0.00267516978273134 0.002676958554896 0.00268150825448567 0.00268892310139046 0.00269924045526331 0.00271260245409934 0.00272917944414028 0.00274913965641101 0.0027727759895912 0.00280036891718001 0.00283231278663516 0.00286911869963003 0.00291147187843712 0.00296056245885635 0.00301884814331586 0.00309217549494336 0.00319227468382683 0.00333527117197285 0.00353278740201178 0.00378766551125046 0.00411440827502122 0.0045613698982052 0.00516974196527838 0.00588589540353205 0.00656351058343809 0.0070907204717531 0.00745336297377527 0.00763045408166847 0.00753259821494991 0.00713788259163997 0.00660484632887201 0.00615511571074541 0.00589219727937823 0.00578142272416312 0.00574822375621507 0.0057473998100039 0.00576700378705549 0.00581001755157623 0.00588399143305655 0.00599899805308792 0.00616704093611501 0.00640293890299959 0.00673065260403068 0.0072070747231413 0.00802574561377141 0.00989682867527492 0.0149650190460558 0.0277647242501903 0.0535970195065431 0.0916240918185598 0.127755004342702 0.140435726920874 0.120012525087133 0.079238197382129 0.0402996539781476 0.0157631269948097 0.00473772026665497 0.00109357217726266 0.000193787774054108 2.63575967019416e-05 2.75116103062414e-06 2.20346885314649e-07 1.35407142244225e-08 6.38398789577682e-10 2.30906852791413e-11 6.40706248551817e-13 1.36378207941823e-14 2.22681418017648e-16 2.78911894509559e-18 2.67970369633103e-20 1.9748633002151e-22 1.11638152863034e-24 4.84071132524205e-27 1.60998899012916e-29 4.10724466527204e-32 8.03691530653007e-35 1.20624888920876e-37 1.3886444172856e-40 1.22616779036253e-43 8.3044683507699e-47 4.31395278751402e-50 1.71885511205905e-53 5.25293863660694e-57 1.23129900401987e-60 2.21371621615428e-64 3.05264814505872e-68 3.22869622547192e-72 2.61922360819538e-76 1.62971741036509e-80 7.77760372938501e-85 2.8469024566254e-89 7.99267521224704e-94 1.72109214057189e-98 2.8425496887144e-103 3.60083845988241e-108 3.49856955805214e-113 2.60716420544972e-118 1.49017397684234e-123 6.532749788757e-129
4.70830046701988 4.13043863403687 2.7829691431283 1.44309128195622 0.579783953948799 0.185137176748224 0.0521646278315051 0.0180896964203712 0.0109246434510525 0.00927614384345505 0.00857967732810554 0.00809502149032679 0.00771408406370416 0.00740999631633971 0.00716717885768351 0.00697492927108031 0.00682496856276791 0.00670802607617884 0.00661294503438606 0.00652957986660179 0.00645089795126325 0.0063716944995022 0.00628739391076864 0.0061923687929623 0.00607369565388524 0.00590649725600908 0.00566297539275346 0.00533268448279326 0.00493520673570435 0.00451370143299018 0.00411749898462936 0.00378543895263625 0.00353441794189832 0.00335749837005047 0.00323374869791463 0.00314201750590605 0.00306835000886819 0.00300574767486924 0.00295111738714175 0.0029029368317738 0.00286031423627127 0.00282258112816785 0.00278924129086348 0.00275992418528278 0.00273427171317621 0.00271205789070164 0.00269303896418368 0.00267703502383807 0.00266395498448743 0.00265363616721517 0.00264604968415032 0.00264113271138546 0.00263883091151627 0.00263920215012888 0.0026422002897441 0.00264789549510208 0.00265635877672706 0.00266763548350213 0.00268191341455761 0.00269931653200375 0.00272006237431201 0.00274442625792711 0.00277267743482515 0.00280524163177986 0.00284260666530526 0.0028854909619936 0.00293508305942474 0.00299384379640253 0.00306767123217104 0.00316845125516133 0.00331289273638712 0.00351400450901122 0.00377675121811139 0.00411689199107555 0.00458054122986951 0.00520268399933527 0.00592349079232964 0.00659553942927008 0.00711125776988361 0.00746192874287373 0.00763021835808315 0.00752864852116915 0.00713508041204615 0.00660521744669927 0.00615773024775138 0.00589514481484549 0.00578215924426147 0.00574326300718001 0.00573425253353015 0.0057463961705249 0.00578547584341171 0.00585928812285678 0.00597601940808197 0.00614586082259549 0.00638269081102465 0.0067094426083057 0.00718246555055735 0.00799635210410174 0.00986138870219152 0.0149166172431036 0.0276833086610686 0.0534485607757236 0.0913778355978968 0.127417316348764 0.140068007218574 0.119699939352695 0.0790323958739318 0.0401951238876193 0.0157222547357685 0.00472543208793681 0.00109073358134514 0.000193284183010991 2.6289003813429e-05 2.74398943318078e-06 2.19771414559618e-07 1.35052775536046e-08 6.36724355192285e-10 2.30299780760421e-11 6.39017572774095e-13 1.36017822181542e-14 2.22091368023583e-16 2.78170760345186e-18 2.67256234150759e-20 1.96958455626181e-22 1.11338830970986e-24 4.82769174509368e-27 1.6056448917389e-29 4.09612630397173e-32 8.01508724049598e-35 1.20296174696059e-37 1.3848473667895e-40 1.22280348697085e-43 8.28160386378315e-47 4.3020337214034e-50 1.71408932468665e-53 5.23832237807845e-57 1.22786069770185e-60 2.20751241907801e-64 3.04406249218951e-68 3.21958262456392e-72 2.61180357254679e-76 1.62508379713732e-80 7.75541001500219e-85 2.83874912018449e-89 7.96970131213053e-94 1.71612705179798e-98 2.83431947244264e-103 3.59037473016878e-108 3.48836599196245e-113 2.59953275851555e-118 1.4857962311438e-123
4.70542587539525 4.12792486095916 2.7812858785714 1.44223115407991 0.579454144120371 0.18505160755784 0.0521623318499237 0.0181060719664755 0.0109400136110477 0.00928894582199935 0.00859367897073428 0.00811166233262356 0.0077315706178789 0.00742713688449075 0.00718529730400109 0.00699497251918505 0.0068442475277208 0.00672255774268502 0.00662285755518357 0.00653913263509075 0.00646312377932628 0.00638581470415394 0.00630150883482035 0.00620685574046853 0.00609202703698515 0.00593365565231315 0.00570336766366405 0.00538907606763055 0.00500731138239608 0.00459511671226718 0.0041947275494252 0.00384348482105283 0.00356552816789637 0.00336437690152497 0.00322486350570276 0.00312517715669025 0.00304804678206573 0.00298382739329717 0.00292819729259252 0.00287921987189051 0.00283586604451018 0.00279744699785255 0.00276341062795052 0.0027333912688793 0.00270702548298452 0.00268404553073008 0.00266425096666656 0.00264740235103737 0.002633420569147 0.00262216262491592 0.00261352592472216 0.00260751193054926 0.00260401038222203 0.00260306157219297 0.0026046680233109 0.00260880416172781 0.00261559331482491 0.00262504428002361 0.00263727915228992 0.00265246342514474 0.00267070935460074 0.00269228874637516 0.00271743412686283 0.00274646105792171 0.0027798024330835 0.00281794659216425 0.00286166587538328 0.00291215337109062 0.00297192316107568 0.00304691686303566 0.00314912115784157 0.00329566523681184 0.00350070164253411 0.00377112192204901 0.00412384709359703 0.00460276720784127 0.00523697564738778 0.00596125233957682 0.00662759466688064 0.00713207475983084 0.00747070763369153 0.00763035327329105 0.00752600452016389 0.00713450090421872 0.00660716960576074 0.00615839362634415 0.00589069180404374 0.00577295330680116 0.00573247737590084 0.00572287610787643 0.00573232483712428 0.00576738113515744 0.00583847242628895 0.00595410369487161 0.00612264660612805 0.00635704603124224 0.00668143818540379 0.0071534864482979 0.0079666485203465 0.00982741112222548 0.014868497262878 0.0276003795298976 0.0532975281735532 0.0911280246437258 0.127074776192383 0.139694708231387 0.119382416882172 0.0788232846397265 0.0400889053792974 0.0156807234799963 0.00471294643806892 0.00108784947738015 0.000192772520893615 2.62193091570884e-05 2.73670208982477e-06 2.1918658832693e-07 1.34692592665664e-08 6.3502211880628e-10 2.29682493576599e-11 6.37300056050687e-13 1.35651181160274e-14 2.21490898726512e-16 2.77416300594773e-18 2.66529015988754e-20 1.96420723226788e-22 1.11033808847015e-24 4.81441926656138e-27 1.60121471442148e-29 4.0847831926281e-32 7.99280906668761e-35 1.19960546706287e-37 1.38096887084269e-40 1.21936560516392e-43 8.25822963933031e-47 4.28984386087883e-50 1.70921322671482e-53 5.22336155624505e-57 1.22433986610769e-60 2.20115706888575e-64 3.03526343758583e-68 3.2102386235008e-72 2.60419280778214e-76 1.62032912431614e-80 7.73262714670269e-85 2.83037594426926e-89 7.94609844120741e-94 1.7110239868186e-98 2.82585718126832e-103 3.57961170225567e-108 3.47786646528102e-113 2.59167691323489e-118
4.70253994754975 4.12540200046105 2.77959883734482 1.44137120430809 0.579123911773255 0.184962370945011 0.0521559547865438 0.018123107526258 0.0109616687196326 0.00930919094650653 0.00861195975497928 0.00812953101360642 0.00774991933432933 0.00744504593170389 0.00720051315320997 0.00700619139707244 0.00685334085763311 0.00673318217557286 0.0066366393599955 0.00655459482101414 0.00647802413968998 0.00639917691039663 0.00631374105107649 0.00621909297554789 0.00610606402623055 0.00595289669265444 0.00573344661376009 0.00543640323072747 0.00507573313557498 0.00468184464936198 0.00428754439152844 0.00392369895949571 0.00361781607280991 0.00338536238540968 0.00322209653695561 0.00310926614428644 0.00302660740764169 0.00296048554954694 0.00290417093884201 0.00285480800820609 0.00281107939715244 0.00277226134951083 0.00273777816544484 0.00270724108641577 0.00268033101429435 0.00265672833814253 0.00263626889125601 0.00261871137632158 0.00260391874850899 0.00259182277283841 0.00258224762394312 0.00257520487043721 0.00257062570715739 0.00256845124837265 0.0025687645601694 0.00257148702490766 0.00257669382304074 0.00258446383942719 0.00259480313189577 0.00260790764666931 0.00262386769014151 0.00264285096254343 0.00266512386605155 0.00269088639731031 0.00272051058742864 0.00275439188574671 0.00279304732899203 0.00283726457318971 0.00288823519412783 0.00294857306073089 0.00302443593709854 0.00312846817285658 0.00327922392718583 0.00349295941484616 0.00377788899331543 0.00414882753594024 0.00464332919570242 0.00528351597414329 0.00600199996795955 0.00665494175973506 0.00714512073134964 0.00747310683758535 0.00762697137142956 0.00752130677017954 0.0071318939757678 0.00660784943321389 0.00616057130794547 0.00589033700627821 0.00576581102291976 0.00571677939494459 0.00570102035140514 0.00570897620015109 0.00574540898220773 0.00581750390645931 0.0059325095747478 0.00609953509471925 0.00633257153101232 0.00665616053667597 0.00712733327867814 0.00793799851053264 0.00979250644347181 0.0148188787651792 0.0275164888123052 0.0531457314579344 0.0908765656326575 0.126729157454229 0.139317455940751 0.119061251927385 0.0786116923656306 0.0399814184889625 0.0156387013596792 0.0047003162084668 0.00108493284849106 0.000192255257729645 2.61488751339186e-05 2.72933987574789e-06 2.18595944196907e-07 1.34328940468922e-08 6.3330400787688e-10 2.29059633933574e-11 6.35567536397525e-13 1.35281442885447e-14 2.20885527827904e-16 2.76655895824981e-18 2.65796272965398e-20 1.95879057628074e-22 1.10726642183657e-24 4.80105725276044e-27 1.5967559194462e-29 4.07337007154382e-32 7.9703998341483e-35 1.19623041794325e-37 1.37706981709486e-40 1.21591050793004e-43 8.23474523339376e-47 4.27760012875078e-50 1.70431701718113e-53 5.2083434426091e-57 1.22080659044125e-60 2.19478112981454e-64 3.02643846736753e-68 3.20086984592212e-72 2.59656409090196e-76 1.61556462354841e-80 7.70980380566189e-85 2.82199031507187e-89 7.92246725528831e-94 1.7059162593139e-98 2.81738956308212e-103 3.56884493694579e-108 3.46736623500874e-113
4.6996425700826 4.12286819790317 2.77790241201723 1.44050555083712 0.578792945969628 0.184873879884127 0.0521463323724058 0.0181339640535662 0.0109812865660816 0.00933385131523648 0.00863524469794216 0.00814737087317958 0.00776377605054311 0.00745815167843593 0.00721392611194493 0.00701920929255328 0.0068662250898292 0.00674806186012931 0.00665470985930736 0.0065730555936245 0.0064924047158649 0.00640896909380517 0.00632299115972313 0.00623160170715418 0.00612286033675486 0.00597438085138805 0.00576215676800056 0.00547743168270164 0.00513429733699214 0.00475890669050491 0.00437595831575337 0.00400843970007704 0.00368252320161113 0.00342147342820325 0.00323227321383533 0.00310247423035072 0.00301122841037154 0.00294138068889681 0.00288334779291142 0.00283295713773688 0.00278842165493373 0.00274887863717118 0.00271372904457023 0.00268250850984009 0.00265493006407168 0.00263064588773902 0.00260945562867903 0.00259117744211986 0.00257558326005121 0.00256264730395222 0.00255220671288854 0.00254417873906041 0.0025385932120094 0.00253531077531424 0.00253439975884953 0.00253585969277413 0.00253963543648268 0.00254588016856759 0.00255457358874929 0.00256581630328209 0.00257978651038814 0.00259653829036431 0.00261632945404334 0.00263936368325562 0.00266587829620203 0.00269627302970247 0.00273092107606953 0.00277042034274757 0.00281556719002355 0.0028676084189451 0.00292925286413421 0.00300680559968717 0.00311337709629117 0.00326860109656912 0.00349056538378963 0.00378880125444388 0.00417621900698489 0.00468416489363377 0.00532810830335307 0.00603961378105726 0.00668018760953591 0.00715877263587368 0.00747829318840774 0.00762623209243976 0.00751670528176889 0.00712639035383526 0.00660511252965096 0.00616168540364472 0.00589102499375953 0.00575970088652297 0.00570168878089872 0.00567998131719313 0.0056858451384787 0.00572163449033991 0.00579279863123164 0.00590704066987057 0.00607465019662333 0.00630913225889288 0.00663264050273319 0.00710077594106179 0.00790667833695732 0.0097551087459589 0.0147681940034584 0.0274316670637004 0.0529914799600009 0.0906208002338218 0.126378145634452 0.138934864037849 0.118735809161014 0.0783973522829923 0.0398725368844514 0.0155961262793935 0.00468751606762206 0.00108197595443432 0.000191730657416577 2.60774147939004e-05 2.72186755752663e-06 2.17996244574463e-07 1.33959579520174e-08 6.31558311095247e-10 2.28426556163064e-11 6.33806001300152e-13 1.34905387862345e-14 2.20269613218529e-16 2.7588199669823e-18 2.65050286923589e-20 1.95327426282439e-22 1.10413724717784e-24 4.78744076284031e-27 1.59221077348064e-29 4.06173225760512e-32 7.94754225736848e-35 1.19278676752507e-37 1.37309027201392e-40 1.21238299054184e-43 8.21076118322612e-47 4.26509206376467e-50 1.69931357469454e-53 5.19299175625981e-57 1.21719374712359e-60 2.18825965647044e-64 3.0174093816283e-68 3.1912815512332e-72 2.58875434750191e-76 1.61068565120723e-80 7.68642541077314e-85 2.81339831177196e-89 7.89824768829982e-94 1.70067990053616e-98 2.80870630956104e-103 3.5578009800626e-108
4.69673708253819 4.12032790318614 2.77620260027172 1.43963901135524 0.578462693821828 0.184788729492358 0.0521427169678348 0.0181479974263469 0.0109949399313869 0.00934628392913884 0.00865049084053579 0.00816701985804357 0.00778525503864239 0.00747820135791305 0.007231677702012 0.0070356034798448 0.00688158201842433 0.00676108837916768 0.00666436736900033 0.00658091512886941 0.00650161827568569 0.00642087577733368 0.00633629382968057 0.0062448121702744 0.00613632502375933 0.00599025755746933 0.00578390524782068 0.00551014831587863 0.00518464108908845 0.00483198698132621 0.00446942682034882 0.00410884722440302 0.00376954998502436 0.00347892363271163 0.00325670781968575 0.0031018514737414 0.00299671009167311 0.00292102603935409 0.00286100097828516 0.00280992337770475 0.00276502184466393 0.00272512017054631 0.00268960117219398 0.0026579496831826 0.00262987846924679 0.00260508828507954 0.00258330178109729 0.00256440734455119 0.00254814938132791 0.00253444584799145 0.00252323965186987 0.00251433692906248 0.00250779591430065 0.00250352899480811 0.00250147262306838 0.00250174423190437 0.00250422952993427 0.00250901152457023 0.00251618563618775 0.00252570569895198 0.00253777888546843 0.00255247904262793 0.00256992202168213 0.0025903866788499 0.00261400919487702 0.00264110583439285 0.00267203050352833 0.002707166568325 0.00274715917471357 0.00279278551996452 0.00284540379720605 0.00290795457472342 0.00298741763162458 0.00309840336114068 0.00326276105014482 0.00350013133840406 0.003818113932418 0.00422293166778734 0.00473802746726076 0.00537614080947283 0.00607352108801877 0.00669907676846003 0.00716615482835291 0.00747833099010731 0.00762267712699234 0.00751290930963783 0.00712389418826039 0.00660216206722467 0.0061548996028287 0.00587909964741581 0.00574419713252659 0.00568431840106723 0.00566101223704899 0.00566525657359736 0.00570021281079215 0.00577149950567734 0.00588566227063861 0.00605157682590508 0.00628284730161225 0.00660343223057968 0.0070702253159489 0.00787516525860024 0.00971943178582846 0.0147186704047332 0.0273468443319078 0.0528363457491195 0.0903631816839041 0.126024218714537 0.138548837517001 0.118407332158652 0.0781809782106728 0.0397626126976729 0.0155531412926974 0.004674592210507 0.00107899039657031 0.000191200960067336 2.60052589605225e-05 2.71432242850077e-06 2.1739069729159e-07 1.33586615920249e-08 6.29795588963469e-10 2.2778730690114e-11 6.32027307077545e-13 1.34525673483984e-14 2.1964771292663e-16 2.75100587936108e-18 2.64297074561895e-20 1.94770461511756e-22 1.10097788109126e-24 4.77369318958707e-27 1.58762197636592e-29 4.04998295611868e-32 7.92446628810626e-35 1.18931030546964e-37 1.36907291791974e-40 1.20882205838473e-43 8.18655063951806e-47 4.25246625279226e-50 1.69426318517373e-53 5.17749650743255e-57 1.21354723377148e-60 2.1816776190273e-64 3.00829674416266e-68 3.18160485424223e-72 2.58087286774215e-76 1.60576203287496e-80 7.66283391128644e-85 2.80472829486636e-89 7.87380908550547e-94 1.69539637595863e-98 2.7999451615301e-103
4.69382382804147 4.11778000029776 2.77449634172272 1.43876750462579 0.578129013276321 0.184701963833175 0.0521396749480543 0.0181650211455132 0.0110136679594574 0.00936387408771983 0.00866781673677722 0.00818437398378682 0.00780183606631674 0.00749326707391156 0.00724548514168889 0.00704899255232666 0.00689484525393193 0.00677380736654547 0.00667640215445232 0.006593190108723 0.0065154979690567 0.00643628517180426 0.00635108881617039 0.00625727341485144 0.00614765250752379 0.00600380169163224 0.00580351728704048 0.0055400850302019 0.0052296060714426 0.00489606548762579 0.00455342073949411 0.00420599747546428 0.0038639862346584 0.0035522280342789 0.00329879922996033 0.00311536459715776 0.00299151051492234 0.00290644457446933 0.00284245836489379 0.00278965019841535 0.00274377820345986 0.00270311987231902 0.00266693689442444 0.00263467367590289 0.00260595835211749 0.00258055953772197 0.00255813181370002 0.00253855089463721 0.00252163222777796 0.00250716739775471 0.00249518665744455 0.00248548904307102 0.00247802258616161 0.00247284202775347 0.00246976513233546 0.00246889672984847 0.00247023545768295 0.00247369055774865 0.0024794565590892 0.00248748614593123 0.00249784969897337 0.00251075510169212 0.00252619383605792 0.00254440581046202 0.00256559373331732 0.00258991375136287 0.00261775406976493 0.00264941077944657 0.00268535323014405 0.00272624365685032 0.00277288862367911 0.00282678664571871 0.00289109549057336 0.00297347792916641 0.00308995173302377 0.00326427414476322 0.00351687018621824 0.00385258715195425 0.00427136762058095 0.0047906759540692 0.00542199730730745 0.00610565470223276 0.00671657691698282 0.00717210012950253 0.00747676315889519 0.00761776078984027 0.0075088421374208 0.00712257995578225 0.00660131715161058 0.0061503826087814 0.00586862285235661 0.00572817731032795 0.00566439974896673 0.00563862586368831 0.00564126492097913 0.0056753263765159 0.00574640313644312 0.00586055738584453 0.00602601892529989 0.00625624847322134 0.00657558589958094 0.00704120594629734 0.00784433501942934 0.00968349723458421 0.0146681343147484 0.0272602833657131 0.0526785506366665 0.0901017199474501 0.125665410911163 0.138157719403335 0.118074647170688 0.0779618966388881 0.0396513448995311 0.0155096447775283 0.00466151940482083 0.00107597172367536 0.000190665647303687 2.5932377405338e-05 2.70670587185114e-06 2.16779800796498e-07 1.33210607572936e-08 6.28019714785701e-10 2.27143755230142e-11 6.30237985418673e-13 1.34143985443084e-14 2.19023075038017e-16 2.74316373823188e-18 2.63541779966128e-20 1.9421242339517e-22 1.09781510288616e-24 4.75994252605363e-27 1.58303610208469e-29 4.03825132319396e-32 7.90144511202741e-35 1.18584513427436e-37 1.36507212631435e-40 1.20527892487124e-43 8.16248230020151e-47 4.23992564058186e-50 1.68925128255757e-53 5.16213282577268e-57 1.2099348447851e-60 2.1751628623893e-64 2.99928509059241e-68 3.17204367034541e-72 2.57309217646388e-76 1.60090554179163e-80 7.63958387691748e-85 2.79619100559655e-89 7.84976486557809e-94 1.69020246286457e-98
4.69090296088393 4.1152253204377 2.77278680268521 1.43789603648553 0.577795152385848 0.184612570262043 0.0521342566996562 0.0181833909768355 0.0110359672848023 0.00938302926673512 0.00868362389768205 0.00819974008395399 0.00781870333389144 0.00751136678273171 0.00726325440674643 0.0070649800661445 0.00690883673336894 0.00678689087848596 0.00668985065347718 0.00660700579400761 0.00652796560175765 0.00644574129209212 0.00635845685528034 0.00626568355809827 0.00615938007678066 0.00601909913130068 0.00582259089725728 0.00556512828123125 0.00526534098029508 0.00494901276925374 0.00462886848768194 0.0043023825693935 0.00396865755053419 0.0036446550332247 0.00336160215079782 0.00314406762054555 0.00299386683549865 0.00289400139007732 0.00282371722278977 0.00276870552634822 0.00272206256191431 0.0026809864549342 0.00264440956866773 0.00261176985539364 0.00258260432203698 0.00255671925540891 0.00253380274205189 0.00251363429085924 0.00249614447425296 0.00248104928596057 0.00246833465224909 0.00245793681241609 0.00244963965644861 0.00244356205347081 0.00243958299200792 0.002437634229982 0.00243788190689953 0.00244016519122581 0.00244457299886536 0.00245122998026648 0.00246002810505013 0.00247119674749611 0.00248480670702035 0.00250089950742836 0.00251977980232534 0.00254153799744091 0.00256643542769232 0.00259482973414346 0.00262698690687945 0.00266346294480315 0.00270488983405753 0.00275219111054612 0.00280713130823262 0.00287352014990765 0.00296050200936157 0.00308617962251811 0.00327568949343549 0.00354764064992124 0.00390083171329288 0.00432801707214701 0.0048436564938535 0.00546257734112543 0.00613153228064446 0.00673029794897303 0.00717748593622645 0.00747624743003042 0.00761231505063352 0.00750008343745404 0.007113654910228 0.00659423745813504 0.00614336188098555 0.00585781224946575 0.00571161092948249 0.00564327741206922 0.00561555928602422 0.00561816971656981 0.00565253549083852 0.00572308525852425 0.0058357502718419 0.00599942555152843 0.00622849916766333 0.00654773218995195 0.00701332539492047 0.00781442198644032 0.00964725648425102 0.0146166158099359 0.0271729558572735 0.0525199676262949 0.0898385085678477 0.125303563051742 0.13776296766248 0.117738787863851 0.0777407085057226 0.0395389971623746 0.0154657184911238 0.00464831391734418 0.00107292135353038 0.000190124490622376 2.58586661719782e-05 2.69899875276413e-06 2.16161312506819e-07 1.32829715189837e-08 6.26219739562838e-10 2.26491084106133e-11 6.28422210695033e-13 1.33756415925895e-14 2.18388415252386e-16 2.73519072949271e-18 2.62773390237609e-20 1.93644344469443e-22 1.09459333162578e-24 4.74592627726944e-27 1.5783586100894e-29 4.02627751375143e-32 7.87793340245464e-35 1.18230382567208e-37 1.3609807759949e-40 1.20165324916544e-43 8.13783739792359e-47 4.22707638696283e-50 1.68411275763811e-53 5.14637101252457e-57 1.20622651237895e-60 2.16847089608941e-64 2.99002256369548e-68 3.16221026182612e-72 2.56508506417422e-76 1.59590469542664e-80 7.6156283618911e-85 2.78738942465412e-89 7.82496165420911e-94
4.68797901415903 4.11266926664134 2.77107734145381 1.43702593863232 0.577463867100155 0.184523964895011 0.0521232112762983 0.0181908864575676 0.0110503683421175 0.00940305186388936 0.00870617100974605 0.00822108139288181 0.00783721828352466 0.00752716697959268 0.00727689551631476 0.00707730766519613 0.00692085734223062 0.00679905014709913 0.00670196089460487 0.00661892884561279 0.00653982765841269 0.00645759956769029 0.00637026200715558 0.00627760923347592 0.00617202281277183 0.00603355377694955 0.0058406381032693 0.00558926772558535 0.00529866565483557 0.00499559660123729 0.00469385909202848 0.00438882965957921 0.00407108521971269 0.00374637895054587 0.00344219558566436 0.00319186270136081 0.00301109745682561 0.00289101726287969 0.00281055055607289 0.00275123597872289 0.00270274762296983 0.00266066962828815 0.00262331495701104 0.00259002801380031 0.00256026221477896 0.00253374555313811 0.00251025910488394 0.00248946368859326 0.00247132460657537 0.00245562176762357 0.00244217248361516 0.00243105844838641 0.00242202286532642 0.00241506039343208 0.00241024778364317 0.00240735283250145 0.0024065320934906 0.00240778105761511 0.00241095808476397 0.00241631119973431 0.00242376918961626 0.00243335725801311 0.00244533546742863 0.00245963365391313 0.00247646236966645 0.00249605622333956 0.00251848373408394 0.00254412873714895 0.00257325656773348 0.00260621093181003 0.00264360887446174 0.00268608001205797 0.00273472167100835 0.00279153691932424 0.00286104449246569 0.00295389506419087 0.00309012632813773 0.00329553248331023 0.00358561507135199 0.00395272190799344 0.0043842221746074 0.0048941484422776 0.00550110530241935 0.00615648952207137 0.00674348778321554 0.00718217304437564 0.00747540397811163 0.00760817432187463 0.00749455036928783 0.00710780020399502 0.00658718997721903 0.00613282459204123 0.00584221341848882 0.00569130474774429 0.00561968899484118 0.00559001653844794 0.00559175059909251 0.00562613896862721 0.00569717006329488 0.00581037480198448 0.00597445051571188 0.00620323272758268 0.00652066333120437 0.00698297297251525 0.00778019541345465 0.00960767808435338 0.0145636994024627 0.0270848602470952 0.0523597927967326 0.0895724682009139 0.124937946808449 0.137364176227334 0.117399466067859 0.0775172042571216 0.0394254575943207 0.0154213227767764 0.00463496699312333 0.00106983835814514 0.000189577566616478 2.57841730356218e-05 2.69121029605629e-06 2.15536330529026e-07 1.32444843690453e-08 6.244010501244e-10 2.25831658046524e-11 6.26587724730477e-13 1.33364869165454e-14 2.17747268692381e-16 2.72713654709341e-18 2.61997207275735e-20 1.93070525483178e-22 1.09133912681582e-24 4.73176944410905e-27 1.57363437349559e-29 4.01418447959697e-32 7.85418843763283e-35 1.17872751307752e-37 1.35684913392042e-40 1.1979920005585e-43 8.11295160526784e-47 4.21410201825003e-50 1.67892439209088e-53 5.13045692214102e-57 1.20248249728811e-60 2.16171480195559e-64 2.98067164808652e-68 3.15228341961512e-72 2.55700220542976e-76 1.59085675467272e-80 7.59144829312302e-85 2.77850573064454e-89
4.68505174176531 4.11011024566861 2.76936537029628 1.43615347292533 0.577131011240636 0.184436796693243 0.0521179678328383 0.0182060283128532 0.01106936415207 0.0094222179283155 0.00872410214286451 0.00823716938724138 0.00785234857560175 0.00754319321348034 0.00729456673832211 0.00709504092108164 0.00693605992967058 0.00681066105698217 0.00671141625434615 0.00662857252187466 0.00655077282736694 0.00646940039026478 0.0063821550783066 0.00628944999888628 0.00618413267088488 0.006046246721624 0.00585448957265615 0.00560633745470122 0.00532347209570761 0.00503426399300486 0.00475198042943136 0.00446961686418169 0.00417246309167153 0.0038567173472231 0.00354115767366767 0.00326080355080883 0.0030443150250945 0.00289610971057532 0.00279969040103233 0.0027335606788159 0.00268269983114907 0.00263983434441459 0.00260205974438882 0.00256839797610231 0.00253828692588545 0.00251132752188316 0.00248739756230437 0.00246614408036755 0.00244743034747662 0.00243120507663566 0.00241714837121699 0.0024053319329862 0.00239566142090824 0.00238790351215349 0.00238225581221076 0.00237854935643336 0.0023767107480358 0.00237695910251069 0.00237907105911207 0.00238314274590058 0.00238934873883874 0.00239750667182068 0.00240786721665174 0.00242052464888517 0.00243543076023548 0.00245292306070089 0.00247306611045218 0.00249603940604159 0.00252223834818264 0.00255184206709975 0.00258532154986281 0.00262326260654833 0.00266637552855055 0.0027160730112535 0.00277502034002708 0.00284930310880252 0.00295175069945499 0.00310372784407734 0.00332910746649874 0.00363744295689257 0.00401430316501329 0.00444385229309559 0.00494205734833524 0.0055328880010887 0.00617352009804755 0.00675042709827394 0.00718337037160564 0.00747309051879225 0.00760328621985435 0.00748805438687158 0.00710034034188257 0.00657779766352474 0.00611917600935772 0.00582287413256107 0.00566753894989021 0.00559462129732042 0.00556597425964747 0.00556865423597214 0.00560237755868466 0.00567161091289143 0.00578331933549213 0.00594688591741782 0.00617560757772586 0.00649255782939202 0.00695354540742801 0.00774824563700026 0.00957018826593797 0.0145116255706625 0.0269963742146904 0.0521983292959457 0.0893042767577273 0.124569347503475 0.136962055779521 0.117057254244574 0.0772917687610639 0.0393109268541644 0.0153765365215871 0.00462150194549755 0.00106672794018236 0.000189025756782266 2.57090118776575e-05 2.68335175196725e-06 2.14905706104927e-07 1.32056486749641e-08 6.22565841214946e-10 2.25166224854186e-11 6.24736479501471e-13 1.32969735312852e-14 2.17100232164118e-16 2.71900817398945e-18 2.61213855683293e-20 1.92491393271517e-22 1.08805471538248e-24 4.71748088961011e-27 1.56886608042138e-29 4.00197842566065e-32 7.83022109936267e-35 1.17511764299767e-37 1.35267865272514e-40 1.19429627574098e-43 8.08783109944544e-47 4.20100509717079e-50 1.67368695027519e-53 5.11439210622269e-57 1.19870297895659e-60 2.15489456975827e-64 2.97123186732324e-68 3.14226214601864e-72 2.54884238545279e-76 1.58576070782014e-80 7.56703760138979e-85
4.68212138683196 4.10754780458647 2.76764936779687 1.43527722459559 0.576796937530497 0.184351896902003 0.0521160302682387 0.0182221695463092 0.0110860291056774 0.00943748472811165 0.00873985915139191 0.00825498958863394 0.00787128908253916 0.00756034496168942 0.0073081618372783 0.00710631107744245 0.0069476625422283 0.00682375017014302 0.00672458001857268 0.00663952658508702 0.00655904287283943 0.00647740021030727 0.00639313546672674 0.00630380045868213 0.0061987752323232 0.0060590506977315 0.00586775776982846 0.00562433405118431 0.00534873518930474 0.00506856160513725 0.00479956805730343 0.00453720192928671 0.00426403411261514 0.00396645608341867 0.0036512967877035 0.00334948354350243 0.00309855353178503 0.00291756919084487 0.00279908051135985 0.0027216803763337 0.00266602585248675 0.00262116971806519 0.00258236465260951 0.00254792475161477 0.00251720643550219 0.00248966127199243 0.00246513156329335 0.00244336516281173 0.00242404471539222 0.00240722004030088 0.00239260954407944 0.00238008435797444 0.0023697682624338 0.00236133175001944 0.00235483607222078 0.00235037360180143 0.00234764978823894 0.00234688277794807 0.00234806512071472 0.00235099363059789 0.0023559811246863 0.00236293925972511 0.00237182856332368 0.00238297801579201 0.00239626860534002 0.00241186274784218 0.00243005481284232 0.00245081982906258 0.00247451774992366 0.00250144039126105 0.00253180821253296 0.00256621789893146 0.00260522504702795 0.00264974631944218 0.00270150566015494 0.00276389586299912 0.00284460345184834 0.00295842564890977 0.00312732313877694 0.00337182737525959 0.00369455845560282 0.00407542456457828 0.00449867931367221 0.00498504737567453 0.00556300116314425 0.00619151134564772 0.00675795411783831 0.00718391740187654 0.00747107468781549 0.00760060970399795 0.00748283404824308 0.00709006319468095 0.00656233331666865 0.00610024718363962 0.00580201566151969 0.00564504043877125 0.00556989809257886 0.00553884211459361 0.00554025310302738 0.00557456344634824 0.00564528520896122 0.00575757893197304 0.00592005211658422 0.00614687801178253 0.00646230404300163 0.00692226470786987 0.00771542329968732 0.0095326520915987 0.0144595358097126 0.0269070152183254 0.0520347698185221 0.0890329223827174 0.124196911202419 0.136556042666137 0.116711837034982 0.0770642567166008 0.0391953551372624 0.0153313491746307 0.00460791840450743 0.00106359070465955 0.000188469298946736 2.56332339196375e-05 2.67543054962998e-06 2.14270209828198e-07 1.31665231020883e-08 6.20717435599108e-10 2.24496195917748e-11 6.2287299394346e-13 1.32572108752856e-14 2.16449315305165e-16 2.71083364330332e-18 2.60426310122713e-20 1.91909351608244e-22 1.08475490283927e-24 4.70313017109986e-27 1.56407867193727e-29 3.98972764283714e-32 7.80617423642199e-35 1.17149705147284e-37 1.34849724105931e-40 1.19059215763139e-43 8.06266233952128e-47 4.18788760462586e-50 1.66844311465234e-53 5.09831329145134e-57 1.19492148480477e-60 2.14807314328502e-64 2.96179370462942e-68 3.13224604964822e-72 2.54068958614784e-76 1.58067078948849e-80
4.67919070635038 4.10498618947876 2.76593508806782 1.43440148427211 0.576460624926029 0.184264051772066 0.0521135354470459 0.0182401035880346 0.0111054627437299 0.00945642178758004 0.00875895567627255 0.00827270741034569 0.00788643268460436 0.00757462148741386 0.00732401363565008 0.0071233111505789 0.00696274044861703 0.00683487631744212 0.00673319912828564 0.00664922627717979 0.00657212972405946 0.00649259342655089 0.00640658964662026 0.00631293851568914 0.00620501093446604 0.00606616104190418 0.00587861549361007 0.00564030463036344 0.00537090308211281 0.00509879752248219 0.00484156381492272 0.0045965460196351 0.00434592708098198 0.00407075348952944 0.00376691719884493 0.00345507782449803 0.00317375042182605 0.00295544298482661 0.00280710406268599 0.00271263456062686 0.00264964096004488 0.00260224036938227 0.00256261795987688 0.00252772917228655 0.00249664515619669 0.00246875394311553 0.00244375932782936 0.00242157685742558 0.0024017987880754 0.00238440128891609 0.00236931431934561 0.00235619097909497 0.00234520693974597 0.0023362030968864 0.00232893517173826 0.00232368916377514 0.00232022956516161 0.00231848572648655 0.00231874574809585 0.00232071236312375 0.00232448616733602 0.00233030965539018 0.0023379112883524 0.00234754886647946 0.00235936703084057 0.00237321459578169 0.00238946959032869 0.00240821300458682 0.00242950482206534 0.00245378880886412 0.00248119656764448 0.00251208749224248 0.00254706497346874 0.00258670145451415 0.0026322724593576 0.0026861555227861 0.00275331801319926 0.00284374215528282 0.00297358149844978 0.00316282240769059 0.00342585065204842 0.0037584020823957 0.00413765807444719 0.00455070126694279 0.00502361034630501 0.00558865632736265 0.00620601117700617 0.00676321624574919 0.00718177869167047 0.00746337172587172 0.00759020392313349 0.007473139595137 0.00708175409406665 0.00655188889834314 0.00608336687807163 0.00577789941310075 0.00561689475773055 0.00554193894870979 0.00551305164601355 0.00551554662399455 0.00554876251554013 0.00561771987197782 0.00572943798657604 0.00589240642827228 0.00611925846261323 0.00643357345367281 0.00689201839743822 0.00768325738774758 0.00949528540225734 0.0144068411279376 0.0268165522130354 0.0518699226067186 0.0887597875059594 0.123821859997509 0.136146944321302 0.116363682156426 0.0768349075702941 0.0390788419429145 0.015285791583071 0.00459422297114933 0.00106042748031615 0.000187908203194805 2.55568202349161e-05 2.6674424339995e-06 2.13629306558609e-07 1.31270621580004e-08 6.18853065289404e-10 2.23820335105251e-11 6.20993161888268e-13 1.32170966812947e-14 2.15792598565623e-16 2.70258570551372e-18 2.59631637562617e-20 1.91322002248203e-22 1.08142477089764e-24 4.68864660999915e-27 1.55924662121874e-29 3.97736179642429e-32 7.78189991266513e-35 1.16784197364305e-37 1.34427572850231e-40 1.18685227721072e-43 8.03724897813914e-47 4.17464180435112e-50 1.663147660471e-53 5.08207521268063e-57 1.19110230397755e-60 2.14118332303559e-64 2.95226034911368e-68 3.12212833983824e-72 2.53245359933934e-76
4.67625832103475 4.1024251103599 2.76422540114531 1.43353243848378 0.576127181141896 0.184170652352385 0.0521005785426688 0.0182517296151666 0.0111261680086953 0.00947886562928967 0.00877872561306659 0.00828959434830353 0.00790264143096119 0.00759112846610481 0.00733931187337727 0.00713597626923195 0.00697391023019231 0.00684657929143766 0.00674510045227514 0.00665925030460172 0.00657996262229416 0.0065003104895629 0.00641591988702626 0.00632378580754469 0.00621665669188976 0.00607861354016519 0.00589260669376416 0.00565676984134197 0.00539111913646827 0.00512511575514769 0.00487777571151583 0.00464761659274051 0.00441715063569561 0.004165079726414 0.0038796773858074 0.00357023255827565 0.00326925495569812 0.00301639362146849 0.00283355991824854 0.00271513616760898 0.002639619127818 0.00258679423288637 0.00254494506835132 0.00250891180584795 0.00247700248391154 0.00244851458806217 0.00242291321277213 0.00240015228025637 0.00237989525078406 0.00236188324788874 0.00234624557193159 0.00233260691252733 0.00232091889869447 0.00231133218233232 0.00230342636410919 0.00229735787216306 0.00229322633070179 0.00229065264230312 0.00228994111766669 0.00229108329331471 0.002293792615621 0.00229846273266978 0.00230499139498438 0.00231325481526766 0.00232367707834262 0.00233610013179204 0.00235060348401841 0.00236757461986351 0.00238690557185939 0.00240890060498526 0.00243393194500334 0.00246210376497001 0.00249398667127838 0.00253014092417107 0.00257134163161957 0.00261927307819422 0.00267695536956534 0.00275077032729122 0.0028523807738007 0.00299850812330843 0.00320653954660722 0.00348481168547471 0.00382325047407761 0.00419777442889569 0.00459917434027568 0.00505861500019727 0.0056115819489713 0.00621931655686787 0.00676929683221385 0.00718250712473751 0.00745993052853331 0.00758312034712443 0.00746228973723415 0.00706638956894151 0.00653156611692128 0.0060593210954706 0.00575238144976335 0.00559075964796085 0.00551442565947327 0.00548417552887271 0.00548684328770306 0.00552123664422606 0.00559060505028072 0.00570156497313684 0.00586378390824691 0.00609067243673541 0.00640506290389417 0.00686213852980206 0.00764965557266218 0.00945472758922952 0.0143512088853167 0.0267246117948463 0.0517042969884111 0.0884852149773766 0.123444164783825 0.135734503730197 0.116012482260103 0.0766034987093797 0.0389612812427018 0.0152398307217938 0.00458040946551906 0.00105723787564241 0.000187342599086749 2.54798163084886e-05 2.65939506568615e-06 2.12983840339666e-07 1.30873316269202e-08 6.16976475986633e-10 2.23140226445988e-11 6.19102006278323e-13 1.31767510967551e-14 2.15132258402424e-16 2.69429430043109e-18 2.58832971683961e-20 1.9073184429651e-22 1.07807952156328e-24 4.67410079874819e-27 1.55439496819997e-29 3.96494876707651e-32 7.75753882185144e-35 1.16417471265078e-37 1.34004116346402e-40 1.18310173628663e-43 8.01176931226485e-47 4.16136464342326e-50 1.65784094703153e-53 5.06580652560992e-57 1.18727684463781e-60 2.1342838349737e-64 2.9427159079708e-68 3.1120012925542e-72
4.67332754226745 4.09986232070691 2.76251072734482 1.4326599713203 0.575796982869851 0.184086552170186 0.0520967992687592 0.0182666872193495 0.0111441462355262 0.00949681153759943 0.00879625718564104 0.00830704045265105 0.00791959259128579 0.00760656932535186 0.00735368939740283 0.00715077106440705 0.00698858576953936 0.00685893464560213 0.0067550073064614 0.00666889210651724 0.00659018676269125 0.00650975850365325 0.0064239200361865 0.00633170417159492 0.00622649819515414 0.00609169747149087 0.0059087618284332 0.00567432320476829 0.00540922925342643 0.00514599421357387 0.00490557521628211 0.00468709577077224 0.00447484685284876 0.00424825795902402 0.00398942254491888 0.00369420627735353 0.00338362509509037 0.00309886602303616 0.00287636504464059 0.00272595653221152 0.00263204200282273 0.00257127831920747 0.002526740368927 0.00248988898232281 0.00245753007987172 0.00242872819239504 0.00240280016953692 0.00237958727806148 0.00235897763545953 0.00234051491560695 0.00232432197178593 0.00231026273062219 0.00229797395859964 0.00228775066337319 0.00227934417551841 0.00227251884882047 0.00226766261916614 0.00226443967955271 0.00226278078892063 0.00226306904173396 0.00226491182665879 0.00226840965900145 0.00227389772101437 0.0022810036840001 0.00228999073720034 0.00230108802638647 0.00231401365216127 0.00232916369825095 0.00234668213084636 0.00236648551781894 0.00238906856655733 0.00241457608466439 0.00244322065154953 0.00247565183210928 0.00251235847347187 0.0025544945103742 0.0026044533205904 0.00266691846315375 0.00275095647210173 0.00286986676831559 0.0030380297672297 0.00326546469714993 0.0035525846832276 0.00388742285169151 0.00425062635465981 0.00463882918221315 0.00508620638024328 0.00562954785203433 0.00623081500062354 0.00677635121731639 0.00718480548242704 0.00745627104990016 0.00757319860300039 0.00744706000491374 0.00704761647751705 0.00651052741707102 0.00603564087419209 0.00572539869803832 0.00556190318952979 0.00548627541386313 0.00545731372909593 0.00545977957978189 0.00549324964517281 0.00556248255173151 0.00567371805347409 0.00583560302481181 0.00606164340897482 0.00637510953706969 0.00683095278834024 0.00761618624359611 0.00941594892716681 0.0142978221819061 0.0266338128633908 0.051537882401764 0.0882081578388485 0.123063186437459 0.135318930914182 0.11565889927422 0.0763706133687177 0.0388429818626948 0.0151935763924229 0.0045665047371608 0.00105402630806763 0.000186772923857365 2.54022332581506e-05 2.65128457607954e-06 2.12333106172018e-07 1.30472645118705e-08 6.15083421776288e-10 2.22453950268745e-11 6.1719315649042e-13 1.31360166465009e-14 2.14465370538165e-16 2.68591841479777e-18 2.58025952649678e-20 1.90135356290144e-22 1.07469750540613e-24 4.65939129886565e-27 1.54948745381005e-29 3.95238960470803e-32 7.73288468284464e-35 1.1604624019606e-37 1.33575350830526e-40 1.17930323190872e-43 7.98595745573341e-47 4.14791110240456e-50 1.65246243736436e-53 5.0493137868395e-57 1.18339778169227e-60 2.12728602654852e-64 2.93303320533165e-68
4.67039867090566 4.09730238368384 2.76079870007079 1.43178804358799 0.57546497810829 0.184000350884651 0.0520920490217807 0.0182808319654357 0.0111605320856541 0.00951373048214058 0.00881474460534361 0.00832623298330356 0.00793746618950935 0.00762249801411415 0.00736796574405694 0.00716323682452179 0.00699955202051914 0.00686923777269677 0.00676433712601779 0.00667657725859156 0.006597450795473 0.00651871678753976 0.00643467352083726 0.00634229359997289 0.0062357174537464 0.0061007879518344 0.00592004783419925 0.00568902926645598 0.00542726359418469 0.0051674871359892 0.00493250119722732 0.00472390270223398 0.0045274993257452 0.00432231260360324 0.00408776448399855 0.0038126858701505 0.00350648702050998 0.00320293579557445 0.00294469666808191 0.0027572984303489 0.00263711233207603 0.00256240243449381 0.00251185201562534 0.00247265693463977 0.00243914364555462 0.00240957703077229 0.00238311851529603 0.00235930103715513 0.00233817335358213 0.00231928107062321 0.00230248378868733 0.00228795154057996 0.00227519103197434 0.00226427946638983 0.00225537140579661 0.00224794830732733 0.00224228593856647 0.00223847618269085 0.00223603802150892 0.0022353826247308 0.00223649879385596 0.00223899817629762 0.00224338020456392 0.00224954191358286 0.00225724209473024 0.00226700439498205 0.00227865775609382 0.00229216176221535 0.00230802426552234 0.00232608628916167 0.00234653626713036 0.00236986404079523 0.00239607546498642 0.00242566458262688 0.00245926475775995 0.0024975104039504 0.0025421122413186 0.00259619221057737 0.00266594100061197 0.00276213286551798 0.00289829420444828 0.00308587512139275 0.00332879680199181 0.00362173329595939 0.00395136757729247 0.00430218298856047 0.00467676218454818 0.00511294867650658 0.00564766063757113 0.00624157037777543 0.00678025330423457 0.00718247206494662 0.00744895681704606 0.00756237450280072 0.00743303230706518 0.00702897283410998 0.00648592305690563 0.0060061872199067 0.00569424524365298 0.00553123560447893 0.00545606922741241 0.00542721855090659 0.00543023775273899 0.00546442533467769 0.00553401982012409 0.00564552992801425 0.00580745968521885 0.006032623731672 0.0063444622154871 0.00679865597893214 0.00758181654149892 0.00937643801456052 0.0142434278017723 0.0265415861966678 0.051369720508305 0.0879289492253263 0.122679515692109 0.134900410283894 0.115302761310485 0.0761360273013494 0.0387238166318124 0.0151469844525356 0.00455249905125957 0.00105079157468245 0.00018619916963595 2.53240991748748e-05 2.64311698706845e-06 2.11677834254703e-07 1.30069208614878e-08 6.13177445704743e-10 2.21763044540586e-11 6.15271590000124e-13 1.30950143910244e-14 2.13794158907434e-16 2.67748901170684e-18 2.57213855398466e-20 1.89535174233996e-22 1.07129488941739e-24 4.6445937370689e-27 1.54455108113729e-29 3.93975794779696e-32 7.7080909432406e-35 1.15672948444734e-37 1.33144253622517e-40 1.17548450375699e-43 7.96001114381178e-47 4.13438904205747e-50 1.64705716312601e-53 5.03274091481951e-57 1.17950032954769e-60 2.12025587349127e-64
4.66747266567576 4.09474208612338 2.7590839227911 1.43091442971418 0.575135151254759 0.183919151751834 0.0520914422831011 0.0182967885584371 0.0111782503428811 0.00953218225583964 0.00883302944437386 0.00834321190946914 0.00795360078031836 0.00763839818766001 0.00738316300536585 0.00717737448099094 0.00701275285864949 0.00688137315513472 0.006775257783904 0.00668606194320421 0.00660502022141276 0.00652508810477784 0.00644245074954439 0.00635372061127824 0.00625007892569964 0.0061146023981882 0.00593064615040791 0.00569824906450664 0.00544020982399954 0.00518755004819453 0.00495943874456918 0.00475690744448136 0.00456926144162842 0.00438036656788131 0.004171020112718 0.00392351240840158 0.00363338827299084 0.0033220819941595 0.00303270403771746 0.00280496268700363 0.0026514978429396 0.0025573185674616 0.00249821871545668 0.00245610098346573 0.00242162229168029 0.00239148297379869 0.00236466306156671 0.0023404241679439 0.00231878374826909 0.00229953672630285 0.00228222294058881 0.00226712774726346 0.00225398082252874 0.00224243241952676 0.00223290593928143 0.0022250279552912 0.00221859122923073 0.0022140982507225 0.00221108800862606 0.00220950260356151 0.00220984378341064 0.00221159298788635 0.00221484417439059 0.002220053532004 0.00222673364840631 0.00223513492457147 0.00224561260650224 0.00225774595210124 0.00227191494214868 0.00228838818328377 0.00230691904523214 0.00232801837928491 0.00235191999959814 0.0023786526007137 0.0024088937988571 0.00244310986090886 0.00248224857358362 0.00252872994443332 0.00258715964428314 0.00266646713442215 0.00277934489283616 0.00293729985715283 0.00314463275347912 0.00339713525734729 0.00368732585308 0.00400681289504246 0.0043464728370658 0.00471157890122494 0.00513878719610728 0.00566339400112461 0.00624729890284092 0.00677959199634308 0.00718002170716488 0.00744542792708243 0.00755421850866923 0.00741682070628412 0.00700479644020973 0.00645699142606306 0.00597599810384739 0.00566434495692304 0.0055017120451166 0.00542694730346527 0.00539845925004441 0.00540163973662749 0.00543597981275635 0.00550555853549291 0.00561664619636046 0.00577817859149296 0.00600313330701369 0.00631426297594833 0.00676689070037741 0.00754775425187876 0.00933749568086391 0.014189891150357 0.0264497494742415 0.0512007716144165 0.0876476516522723 0.122292871990988 0.134478788588439 0.114944126567362 0.0758998759922007 0.038603887447706 0.0151001029756502 0.00453840845447042 0.00104753764000943 0.000185622076883617 2.52455197130623e-05 2.63490387335915e-06 2.11019000038561e-07 1.29663639312372e-08 6.11261702550434e-10 2.2106871838159e-11 6.13340865064069e-13 1.30538246736631e-14 2.13120014564679e-16 2.66902455055578e-18 2.56398556745744e-20 1.88932759808416e-22 1.06788039209355e-24 4.62974793762899e-27 1.5395997801575e-29 3.92709110790514e-32 7.68323413314239e-35 1.1529879808172e-37 1.32712270677671e-40 1.17165887258708e-43 7.93402436531335e-47 4.1208492575157e-50 1.64164615205323e-53 5.01615459227113e-57 1.17560068800663e-60
4.66455494524024 4.092193301324 2.7573801573063 1.43004477596277 0.574798483982853 0.183825348503776 0.052083064849972 0.0183146729024796 0.0112023089412664 0.00955421878045697 0.00885125018002186 0.00835962753709307 0.00796981296745474 0.00765412445796948 0.00739802764410666 0.0071912944808844 0.00702488242389693 0.00689090902509165 0.00678282119916563 0.00669337777536533 0.00661333451673484 0.00653372310616588 0.00644970608002883 0.00635961601880822 0.00625673899431256 0.00612380528290504 0.0059424197189527 0.005711606185687 0.00545441316718473 0.00520340110387926 0.00497976513127663 0.00478516900122935 0.00460845479598142 0.00443441707091045 0.00424594046110771 0.00402466215106302 0.00375835817407246 0.00345462430190888 0.00314737124259949 0.00288211998558658 0.00268843792444201 0.00256504527049308 0.00249018328925671 0.002441346916679 0.00240440293426528 0.00237313350840948 0.00234568157342858 0.00232101930438674 0.00229883019135714 0.00227919406720565 0.00226151580028819 0.00224583764236677 0.00223231330348204 0.00222033231034161 0.00221014137462062 0.00220186122417844 0.00219486787507065 0.0021895844876202 0.00218608407608209 0.00218376309657901 0.00218316913118142 0.00218428691830367 0.00218659347296827 0.00219071494305929 0.00219656116659766 0.00220374722695173 0.00221290985727523 0.00222390147364246 0.00223651030625108 0.0022513690304056 0.0022683295656078 0.00228740026951629 0.00230920629632638 0.00233370714324124 0.00236124817898577 0.00239260007206425 0.00242830059517185 0.00247003376558123 0.00252118028187671 0.00258801045903235 0.00268121173046241 0.00281302492445334 0.00299096262761204 0.00321281502094208 0.00346947746491345 0.00375373144020835 0.00406150118385948 0.00438815487249398 0.00474129478774042 0.00515857111993623 0.00567578249168923 0.0062542516553825 0.00678176504381379 0.00717687429100514 0.00743558932996524 0.00753681000172217 0.00739316664010333 0.00697767323074418 0.00642793665014787 0.00594491928614828 0.00563156704233714 0.00546867548888302 0.00539507124387245 0.00536816602343096 0.00537229380163092 0.00540681132130089 0.00547638163923436 0.00558729919807554 0.00574828812714303 0.00597286261924179 0.00628410759589934 0.0067363440023178 0.00751460608339444 0.00929745862284565 0.0141334692434214 0.0263549484026872 0.051029838968609 0.0873649681161963 0.121904661129323 0.134055259814084 0.114583675915974 0.0756624340505078 0.0384832696827427 0.0150529434710647 0.00452423240760215 0.00104426363620932 0.000185041372850322 2.5166441587334e-05 2.62663787239139e-06 2.10355856035943e-07 1.29255371345487e-08 6.09332976307695e-10 2.2036959431585e-11 6.11396523639241e-13 1.30123382590284e-14 2.12440907720566e-16 2.66049638917413e-18 2.55576983855005e-20 1.88325604075868e-22 1.06443840951408e-24 4.6147799237858e-27 1.5346067989833e-29 3.91431525156203e-32 7.65815865518617e-35 1.14921284240045e-37 1.32276320503732e-40 1.16779736012811e-43 7.90778874638076e-47 4.10717714907116e-50 1.63618118814777e-53 4.99939959710028e-57
4.66164555963879 4.08965072029872 2.75568017992338 1.42917937889698 0.574469126910422 0.183739922544535 0.0520789691362912 0.0183303440576784 0.0112207093987578 0.0095723482665801 0.00886968048174064 0.00837833474685975 0.00798723954707041 0.00766913064917831 0.00741114338170898 0.00720387631376439 0.00703786745096887 0.006904073734849 0.00679490319492566 0.00670285064917959 0.00661964474335566 0.00653852922959875 0.00645572567885335 0.00636774081630439 0.00626601096667774 0.0061338826986949 0.00595413873201277 0.00572572410571539 0.00547116826449225 0.00522284466914046 0.00500199694359091 0.00481083418002882 0.00463962922376562 0.00447555442132925 0.00430438884421235 0.00410886458161742 0.00387141266205932 0.00358621990165172 0.0032736914659236 0.00297810213259898 0.00274281959683181 0.00258401346129763 0.00248783645168148 0.00242937634403717 0.00238908023345041 0.00235662670351937 0.00232851598382495 0.00230348356477563 0.00228078759004726 0.00226062952362909 0.00224262257413849 0.00222636856994321 0.00221230515016467 0.00219997646020806 0.0021891146923151 0.00218026408043262 0.00217287830302336 0.00216680252757506 0.0021626676320763 0.00215985685184041 0.00215832783928993 0.00215872681520252 0.00216038862646866 0.00216340329542147 0.00216838019418785 0.00217469492063367 0.00218254839263377 0.002192461150912 0.00220388759295854 0.00221714229372827 0.00223267761760575 0.00225008208900967 0.00226980793109558 0.00229226758927269 0.00231730884947298 0.00234559979960496 0.00237771287795338 0.00241439951880887 0.00245819431195063 0.00251390234966681 0.00259045917923409 0.00270042659155573 0.00285384001494254 0.00305121329915001 0.00328259509661458 0.00353681748826431 0.00381110793247585 0.00410723014892515 0.00442392759984305 0.00476936432881773 0.00518017144149894 0.0056910321180309 0.0062630119965706 0.00678423622984133 0.00717332335764557 0.00742594770073901 0.00752052167217837 0.00736938058760626 0.00694668992960071 0.00639281390530338 0.00591002725252002 0.00559925470146238 0.00543853992705076 0.00536570839647585 0.00533850209552453 0.00534204684770994 0.00537641405559397 0.00544645236288412 0.00555806039093914 0.0057192065611271 0.00594304230338338 0.00625310983002328 0.00670406537114688 0.00748017667137526 0.00925752295528234 0.0140782062804446 0.0262611330531355 0.0508586782172658 0.0870806354435042 0.121513837339158 0.133628890898504 0.114220854467999 0.0754234512411818 0.038361875268496 0.0150054817081507 0.00450996575644084 0.00104096873940339 0.00018445696497629 2.50868588881832e-05 2.61831906565062e-06 2.09688467702518e-07 1.28844483936307e-08 6.07391839412951e-10 2.19665956959093e-11 6.0943958590561e-13 1.29705820748483e-14 2.11757367858901e-16 2.65191233862833e-18 2.54750005308857e-20 1.87714437480912e-22 1.06097359850213e-24 4.59971224394364e-27 1.5295804416005e-29 3.90145366484732e-32 7.63291427684281e-35 1.14541218185952e-37 1.31837412409799e-40 1.16390955506004e-43 7.88137387971746e-47 4.09341131850768e-50 1.63067864090268e-53
4.65874285318815 4.08711481900536 2.753984438546 1.42831529221079 0.57413952830717 0.183653959051842 0.0520741448950036 0.0183449442414385 0.0112383685634521 0.00959057489923006 0.00888794333957178 0.00839585618994314 0.00800445446424468 0.00768682780330355 0.00742797717813031 0.00721741054780588 0.00704771875436312 0.00691197046364143 0.00680228676598737 0.00670999519827215 0.00662627870971229 0.00654435032191543 0.00646134178692868 0.00637465570497101 0.00627442955378155 0.00614229630019156 0.00596215976330336 0.00573518397481576 0.00548390300222591 0.00523922270691924 0.00502172701995298 0.00483416641347834 0.0046681985321848 0.00451317917647346 0.0043570844717445 0.00418375034351227 0.00397425046890071 0.00371531759321212 0.00341326718689624 0.00310162528381398 0.002828281309766 0.00262695279273448 0.00249904409713968 0.00242309106515762 0.00237532147191616 0.00234012895144352 0.00231077674748632 0.00228515911649806 0.00226203301061249 0.0022413050829769 0.00222298568860137 0.00220635243826163 0.00219169914615854 0.00217908320561273 0.00216778682678697 0.00215826899776721 0.00215056418760979 0.00214394245524129 0.00213901795586546 0.00213581843661452 0.00213359070873469 0.00213305549513984 0.0021341968694561 0.00213632502475558 0.00214021599507198 0.00214581142222702 0.00215254175508909 0.00216116237452644 0.0021715990899312 0.00218342260258436 0.00219737985857993 0.00221341073951554 0.00223127834907739 0.00225174212478837 0.0022748157170928 0.00230061973330524 0.00233008194026101 0.00236372671325155 0.00240310556121177 0.0024518935412456 0.00251648575971115 0.00260756439223936 0.00273700891645556 0.00291048718376408 0.00312203485644018 0.00335696398791347 0.00360446159617227 0.00386638690045337 0.00414985217769705 0.00445652443577431 0.00479440768020764 0.00519864527412038 0.00570268361037477 0.00626729229218986 0.00678153736493865 0.00716508430434463 0.00741264902570751 0.0075004379463772 0.00734127857691956 0.00691283996865084 0.00635721693802081 0.00587493121262684 0.00556491672430138 0.00540466172249125 0.00533218642211561 0.00530592037817551 0.00531131104346141 0.00534737248567875 0.00541771229580781 0.00552858820338502 0.00568913896573182 0.00591259841402232 0.00622183656864425 0.00667135024206775 0.00744514558361223 0.00921704378934427 0.0140224156455583 0.0261665659620248 0.0506863322756879 0.0867946305134057 0.121121019031236 0.133200557491751 0.113856466188269 0.0751834744486297 0.0382399865952572 0.0149578293674704 0.00449564254036525 0.00103766098093518 0.00018387032370118 2.50069806348838e-05 2.60997049976565e-06 2.09018802614998e-07 1.28432274925801e-08 6.05444891831966e-10 2.18960388901054e-11 6.07477815521933e-13 1.29287351924814e-14 2.110725610525e-16 2.64331527857413e-18 2.53922067516779e-20 1.87102789079517e-22 1.05750739364714e-24 4.58464451554906e-27 1.52455613251689e-29 3.88860273625171e-32 7.60770168461441e-35 1.14161797421498e-37 1.31399445251843e-40 1.16003184342372e-43 7.85503968732948e-47 4.07969390108378e-50
4.65584663188306 4.08458401212934 2.75229265216544 1.4274544938146 0.573812343155687 0.183569030538852 0.0520691670651967 0.0183594585273826 0.011256961852394 0.00961004792196545 0.00890703264143718 0.00841432749881847 0.00802215220312617 0.00770272540503424 0.00744167432648307 0.0072298765499437 0.00705981075334473 0.0069237963985008 0.00681356313242938 0.00671975995376143 0.00663325963018875 0.0065485057989517 0.00646424739500009 0.00637857389783681 0.00628148481184696 0.00615321546136043 0.00597536545602305 0.00574855076161721 0.00549757708823501 0.00525544182106243 0.00504194206075174 0.00485788180380551 0.00469501092350527 0.00454497500253794 0.00439837778232576 0.00424157180520741 0.00405746005995053 0.00382907261053325 0.00354950941737793 0.00323646472258823 0.00293386370836173 0.00268906904943041 0.00252284778591358 0.00242324814495069 0.0023646609467946 0.00232570235351684 0.00229498786927982 0.00226871300046209 0.00224524652231644 0.0022239482084715 0.00220514677738062 0.00218821279531252 0.00217292861750651 0.00215983044983796 0.00214823134150454 0.00213801250782695 0.00212979672428833 0.00212284183932979 0.00211709496976503 0.00211330455155891 0.00211067443833371 0.00210919501576435 0.00210966853047517 0.00211127097444662 0.0021140666942006 0.00211883986690471 0.00212484142332173 0.00213218609375196 0.00214159217553118 0.00215241829885774 0.00216483378069209 0.00217952423383558 0.0021959734969014 0.00221446438449481 0.00223564793492216 0.00225923177337821 0.002285768841973 0.0023160601379666 0.00235070946030815 0.00239232262990977 0.00244612199216547 0.00252107534884269 0.00262950640355193 0.00278044963344148 0.002972467222585 0.00319273125161496 0.00342518377372504 0.00366326942606368 0.00391407616978055 0.00418800342524744 0.00448762952310097 0.00481965369058644 0.00521736200266234 0.00571415516871031 0.00627259604750961 0.00678238127280293 0.00716078305543108 0.00739980416148468 0.00747648993119767 0.00730763432973526 0.00687412024980261 0.00631834093527603 0.00583884449192543 0.0055318211477801 0.00537313739982108 0.00530108088888941 0.00527485674885727 0.00528023726281946 0.00531657595383833 0.00538762588463353 0.0054990212589995 0.00565940852415839 0.00588234401629125 0.0061908357943635 0.0066389431750389 0.00741013559599457 0.00917635245216913 0.0139664115680505 0.0260717357577364 0.0505133289981166 0.0865071922139396 0.120725918443784 0.13276953607156 0.113489701642028 0.0749419075883129 0.0381172884002257 0.0149098623883736 0.00448122574313785 0.0010343318878811 0.000183279949766337 2.49266007790654e-05 2.60157012985833e-06 2.08345024160172e-07 1.28017554253509e-08 6.03486149179519e-10 2.18250560733578e-11 6.05504212115083e-13 1.28866355684151e-14 2.10383603748821e-16 2.63466582334836e-18 2.53089046132863e-20 1.86487350524856e-22 1.05401947835164e-24 4.56948125976661e-27 1.5194995414597e-29 3.87566803633327e-32 7.58232218746833e-35 1.13779823826141e-37 1.30958481001587e-40 1.15612712614931e-43 7.82851875335156e-47
4.6529587222266 4.08205884080857 2.75060352541565 1.42659614408079 0.573488899547906 0.183487149195871 0.052064923937549 0.0183738359932968 0.0112763179207392 0.00963095587437244 0.00892668184466465 0.00843098649731144 0.00803620272215502 0.00771595464070023 0.00745528751097093 0.00724359867019355 0.00707304119731306 0.0069362275007236 0.00682417706865593 0.00672708433363958 0.00663757173006904 0.00655216563017981 0.00646908363771076 0.00638402819177776 0.00628606193141716 0.0061575483198784 0.00598270986014743 0.00576144190082135 0.00551465937324265 0.00527247575563841 0.0050562641696944 0.00487170523775487 0.00471374959544196 0.0045730040096885 0.00443804608476185 0.00429596466487052 0.00413276669010619 0.00393252820145974 0.00368143287744286 0.00338213695678849 0.00306592426378306 0.00278306955014148 0.00257214148652011 0.00243799564251338 0.00235992220327325 0.0023126679108383 0.00227894702834975 0.00225140955940868 0.00222748469874875 0.00220575995654245 0.00218642398974912 0.00216930161949589 0.00215362231462444 0.00213996195606611 0.00212817788811497 0.00211749558884584 0.0021086210046709 0.00210144397057737 0.00209514902736385 0.00209056839049764 0.00208764844361836 0.00208549438455487 0.00208502218911228 0.00208621132831154 0.00208818214195169 0.00209185954677732 0.00209725100182394 0.00210356860152403 0.00211167061624591 0.00212162425781095 0.00213274779896376 0.00214584729123411 0.00216105195748729 0.00217784233866519 0.00219704271183179 0.00221884206493074 0.00224305861772725 0.0022707159295768 0.00230248027739833 0.00233972534841001 0.00238650500756511 0.00244966610258507 0.00253994146953483 0.00266880983888245 0.00284024593444795 0.00304598585615408 0.00326900113884176 0.00349461087926711 0.00372104493540124 0.00395916078508858 0.00422099926225737 0.00451045450028193 0.00483610009510457 0.00523137895872448 0.00572638126639452 0.00627974674341076 0.00678044559322473 0.0071482590870559 0.00737802138861672 0.00744763421066599 0.00727329888387933 0.00683580920312584 0.00627838975535044 0.005800110331029 0.00549622937567757 0.00534047801849324 0.00526979655547699 0.00524389496992112 0.00524936287309301 0.00528553589899558 0.00535617513706767 0.00546748266528455 0.00562835777602765 0.00585178848009663 0.00615999515510764 0.00660660542097982 0.00737489750915136 0.00913534755749468 0.0139103690305469 0.0259769949822622 0.0503399211037435 0.0862185263207154 0.120329052262678 0.132336743572568 0.113121554141905 0.0746994781111146 0.03799416338786 0.0148617300386795 0.00446675923460224 0.00103099125759453 0.000182687513216959 2.48459371531812e-05 2.59313973246359e-06 2.07668802764556e-07 1.27601306007371e-08 6.01520067373429e-10 2.17538024181209e-11 6.03522933818364e-13 1.28443689810722e-14 2.09691858654461e-16 2.62598064854514e-18 2.52252513286086e-20 1.85869263806557e-22 1.05051624424143e-24 4.55425003892487e-27 1.51441982497265e-29 3.86267299622944e-32 7.55682196169404e-35 1.13395998068684e-37 1.30515338065074e-40 1.15220275978575e-43
4.65008324265091 4.07954500359583 2.74892014066407 1.42573659554564 0.573162279307313 0.183406723180866 0.0520670053946935 0.0183934717522289 0.011295271212964 0.00964701601243506 0.00894174283182697 0.0084466083098708 0.00805232730753336 0.0077322123268474 0.0074720726166905 0.00726065370262314 0.00708809933351547 0.00694685959442943 0.00683067380034161 0.0067321145279846 0.00664302294516722 0.00655755257110674 0.0064734325050555 0.00638810638400218 0.00629154688887567 0.00616477414482981 0.00599106045615163 0.00577138170973234 0.00552744947405949 0.00528853645138288 0.00507515449433699 0.00489315208291418 0.00473802913620272 0.00460081526224038 0.00447115128907169 0.00433848254837533 0.00419173531816998 0.00401654527836459 0.00379566370269128 0.00352018309863027 0.0032057590242563 0.0028963004054232 0.00264216771517852 0.00246799228774093 0.00236413611487379 0.00230466061868187 0.00226640545859836 0.00223701781504964 0.00221224497229416 0.00219002079185268 0.002169924425637 0.00215231041720713 0.00213627074368042 0.00212186123783967 0.0021096413663497 0.0020986526862137 0.00208900056159606 0.00208137729057549 0.00207479335254311 0.00206934317544399 0.00206590023887211 0.00206343426941471 0.00206199068437199 0.00206255829014969 0.00206411930328401 0.0020666942113836 0.00207130164564145 0.00207705521606772 0.00208392967054633 0.00209289845465201 0.00210324476990192 0.00211491921183958 0.00212887887938897 0.00214456619804674 0.00216199921322131 0.00218211526502755 0.00220457470973654 0.00222969152378191 0.00225853943213017 0.0022915982385675 0.00233124387550204 0.00238296114920295 0.00245580476432655 0.0025624060371635 0.0027120861009869 0.0029022788013582 0.00311780579143758 0.00333929041228243 0.00355580043686887 0.00377135268591566 0.0040001701455782 0.00425471640110936 0.00453810877883394 0.00485826897103297 0.00524796693833207 0.0057364435588089 0.00628219600299082 0.00677508599060343 0.00713530171265452 0.00735658210425663 0.00741678057504602 0.007235156823313 0.00679524312694213 0.00623898164689571 0.00576220608613615 0.00545908342129688 0.0053046622093187 0.00523665559374479 0.00521349252226363 0.00522013433524663 0.00525596043664372 0.00532594016375221 0.00543683931316473 0.00559720919332491 0.00581987821369961 0.00612739556323386 0.00657340218814615 0.00734021914352156 0.00909557447765057 0.0138548844122042 0.0258814512838967 0.0501647023238267 0.0859276180179196 0.119929718046633 0.13190142776022 0.112751243319142 0.0744555954659706 0.0378702887829826 0.0148133012903459 0.00445220272005489 0.00102762960870545 0.000182091300497818 2.47647516926976e-05 2.5846538904787e-06 2.06988054240572e-07 1.27182218303132e-08 5.99540310191692e-10 2.16820431639524e-11 6.015273094365e-13 1.28017900457263e-14 2.08994896138433e-16 2.61722861910294e-18 2.51409409579427e-20 1.85246223810339e-22 1.04698437399468e-24 4.53889185885882e-27 1.50929694429678e-29 3.84956542372818e-32 7.53109677111558e-35 1.13008723847944e-37 1.3006814187337e-40
4.64722161632061 4.07704608649041 2.74725026412367 1.42488438097651 0.572832761228647 0.183316180492196 0.0520601178812513 0.0184100158745219 0.0113160836270432 0.00966808286830865 0.00896337656281118 0.00846793576006869 0.00807150009005538 0.00774831202806069 0.00748504953482396 0.00727120739908937 0.0070978798353463 0.00695710067907628 0.00684088845753416 0.0067410037638104 0.00664989530847029 0.00656240183565553 0.006476476057374 0.00639009375106148 0.00629424426307459 0.00616985799248163 0.00599845038568068 0.00578014037982236 0.00553789847816378 0.00530184354137233 0.00509147728461317 0.00491131865680797 0.0047569659542864 0.00462152790631323 0.00449756493986747 0.00437573227505878 0.00424452425585125 0.0040908689570138 0.00389919492135262 0.00365511195285504 0.00335872566424662 0.00303859637237888 0.00274603719470715 0.00252413761216843 0.00238219837512253 0.00230098163182353 0.00225361597875829 0.00222103219366157 0.00219512723736457 0.00217266135875188 0.0021521809992904 0.00213415224449691 0.00211807180240226 0.00210323182958364 0.00209049574279591 0.00207942552542031 0.00206926941891376 0.00206101304682058 0.00205431517312126 0.00204829971853968 0.00204406433878868 0.00204141994241444 0.00203932654603005 0.00203891667214343 0.00204016515741298 0.002041983291541 0.00204545118614455 0.00205069580543617 0.00205666177952021 0.00206427843185085 0.00207382999489643 0.00208435880530293 0.00209666871221277 0.00211117231736749 0.00212705602357827 0.00214509342127611 0.00216578124301271 0.0021886375571698 0.0022146599035224 0.00224481883207519 0.00228029585762836 0.00232541801401809 0.00238760804552394 0.00247747578463548 0.00260608118553759 0.00277647190555685 0.00297907022502851 0.00319569070933598 0.00340913940861971 0.00361312448640748 0.00381560614381673 0.00403373008901219 0.00428141265888798 0.00456066085387608 0.00487700099028727 0.00526153878279415 0.00574334470121262 0.00628196879086988 0.00676786090880111 0.00711982586910201 0.0073304675325713 0.00738011301532603 0.00719217946383357 0.00675144226359931 0.00619775146786294 0.00572435912694197 0.00542400362869211 0.00527116454391423 0.00520346795614781 0.00518002536800652 0.00518691719543298 0.00522382943394337 0.00529510206970204 0.00540699048235442 0.00556778208947913 0.00578998292147141 0.00609628886410038 0.00654081873650311 0.00730524095554656 0.00905443326662687 0.0137973283704535 0.0257842184139565 0.0499887761031687 0.0856364684277488 0.119529900599553 0.131465308632492 0.11238014631 0.0742111897365896 0.0377461605399084 0.0147647804376066 0.00443762095138264 0.00102426273136802 0.000181494273584355 2.46834715132766e-05 2.57615990814212e-06 2.06306799176698e-07 1.26762911905336e-08 5.97559972603837e-10 2.16102796979348e-11 5.99532046439423e-13 1.27592292380562e-14 2.0829840399757e-16 2.60848471338856e-18 2.50567305290152e-20 1.84624084855696e-22 1.04345854451826e-24 4.52356405180812e-27 1.50418557898774e-29 3.8364908915337e-32 7.50544350962226e-35 1.12622639986653e-37
4.64436429116202 4.07454907901213 2.7455839202342 1.42404053913832 0.572514586494376 0.183234421626399 0.0520561805451158 0.0184256984293899 0.0113352027335385 0.00968606780531479 0.00897940557785891 0.00848340964824042 0.00808772429959196 0.00776486038905251 0.00750063918892132 0.00728511181731931 0.00711006803483648 0.00696771562971686 0.00684997929488331 0.00674855059588028 0.0066559161467562 0.00656701644218219 0.00647983653513927 0.0063923521442752 0.00629605038774047 0.00617288075866643 0.00600431708019415 0.00578877615687829 0.00554833394546157 0.0053142333965745 0.00510677216087588 0.00492977058397599 0.00477825687370997 0.00464559809067308 0.00452490681008737 0.00440814338246068 0.00428650006687298 0.00415030955986341 0.00398554184980814 0.003773926840248 0.00350404090386868 0.00318857154444457 0.00287113624831902 0.00260528548601335 0.00242023813615927 0.00230969300968631 0.00224771461042001 0.00220930316161699 0.00218095730655848 0.0021575340140397 0.00213643287996553 0.00211754685178502 0.00210108327564998 0.00208587233115826 0.00207235086084613 0.00206098804055199 0.00205054900885135 0.00204146612720964 0.00203443565753106 0.00202817651660291 0.00202302196367568 0.00201993878040543 0.00201761808808386 0.00201619676504758 0.00201685801963694 0.00201839506367536 0.00202075251497164 0.00202521155245602 0.00203076528615919 0.00203717369102324 0.00204571399449915 0.00205564547353004 0.00206660562051983 0.00207983047053922 0.00209483190537104 0.00211126390938337 0.0021303317288114 0.0021518077102981 0.00217564634035871 0.00220323057498375 0.0022352167249576 0.00227381943836096 0.00232505883516334 0.00239827443140303 0.00250566244155196 0.00265579391732511 0.00284457391895368 0.00305552501580725 0.0032687688183609 0.00347160587027306 0.00366406793899538 0.00385733290400258 0.00406850386656936 0.00431044857127482 0.00458437237643521 0.00489520292336848 0.00527353567170199 0.00574860281993598 0.00628020630934897 0.00675782704346352 0.00709940084741397 0.00729914726017264 0.00734046397701488 0.00714847269368023 0.00670760182141072 0.0061561659552101 0.00568565302606389 0.00538767274129116 0.00523646820527448 0.00516990346056132 0.00514736655946073 0.0051550899776791 0.00519272613883456 0.0052643554409436 0.00537598077148648 0.00553610033876936 0.0057577801035101 0.00606379651654266 0.00650756650809498 0.00726971146916649 0.00901304108442299 0.0137402503990146 0.0256878234774299 0.0498130713641745 0.0853442325152793 0.119127775554896 0.131026408481114 0.112006668708978 0.0739652575275019 0.0376212855857656 0.0147159786864435 0.00442295759247458 0.00102087751830531 0.000180894056093458 2.46017614659747e-05 2.56762110890689e-06 2.05621931759153e-07 1.26341356938713e-08 5.95568838212145e-10 2.15381167642373e-11 5.97525406309435e-13 1.27164192168696e-14 2.07597716394719e-16 2.59968655813806e-18 2.49719815699069e-20 1.83997843334211e-22 1.03990873756606e-24 4.50812875824292e-27 1.49903726220781e-29 3.82331895459904e-32 7.47959338824055e-35
4.64152386046853 4.07206743060025 2.74392556394585 1.42319742714221 0.57219479440485 0.183151866236587 0.0520513617577516 0.0184395339891569 0.0113537677896746 0.00970732280462051 0.00900126592286607 0.00850360031118156 0.00810575427431524 0.0077809052223783 0.00751409373914695 0.00729590205006493 0.00711988117560421 0.00697815981134187 0.00686063096300355 0.00675791481571399 0.00666317715613799 0.00657230721371298 0.00648367652614485 0.00639522719557168 0.00629832100616001 0.00617527144716672 0.00600842906486566 0.00579606538470957 0.00555854078695245 0.00532628277531503 0.0051208012431954 0.00494648626656984 0.00479706221203673 0.00466517649640335 0.00454591417300977 0.00443449281650003 0.0043231107765063 0.00420134655913103 0.00405689418744407 0.00387435766360997 0.00363813562393747 0.00334497619375349 0.00302068576331535 0.0027176338645276 0.00248332996334399 0.00233203037428926 0.00224637008274023 0.00219793578056543 0.00216599758476195 0.00214145743016709 0.00212018492841571 0.00210082155423339 0.00208400469606998 0.0020688044219003 0.00205472652481791 0.00204288519021821 0.00203245027290769 0.00202277126280679 0.00201513590381461 0.00200887853012625 0.00200309799899993 0.00199920137582588 0.00199680545833785 0.00199474254370897 0.00199439860199619 0.00199574226135759 0.00199742877569391 0.00200068605388088 0.00200583437210013 0.00201149232499592 0.00201862824349665 0.00202784180350207 0.00203786043020181 0.00204941182923977 0.00206329514568805 0.00207843506075981 0.00209541817926905 0.00211515011087428 0.00213692232608308 0.00216153743159222 0.0021904217124009 0.00222466397203001 0.0022686620297148 0.00233053051427044 0.00242082435009336 0.00255002593699858 0.0027202821367836 0.00292059702730402 0.003132216038093 0.00333774894913897 0.00352881774880457 0.00370902464474714 0.00389222151218591 0.00409706150002824 0.00433530098459251 0.00460550972136793 0.00491128096757851 0.00528370552329612 0.00575252725774745 0.00627656308881717 0.00674435637216734 0.00707504427827505 0.00726503762018385 0.00729922755994264 0.00710369981660287 0.00666309318102735 0.00611448280645339 0.00564744759210253 0.00535229009076673 0.0052026640292039 0.00513635996632803 0.00511354731248118 0.00512167766720083 0.0051605747588439 0.00523336897100096 0.00534556488421877 0.00550597118995625 0.00572765022935155 0.00603281812676866 0.00647469761958094 0.00723395477799463 0.0089715244018368 0.0136831224651216 0.0255909258406308 0.0496361931235362 0.0850505055605447 0.118724335324997 0.130586581683272 0.111632609359409 0.0737189903307997 0.0374962443691932 0.0146671110883882 0.00440827438663819 0.00101748785738446 0.00018029310771473 2.45199646970705e-05 2.55907508579076e-06 2.04936670306149e-07 1.25919694857856e-08 5.93577928027763e-10 2.14659913262593e-11 5.95520696532796e-13 1.26736706368639e-14 2.06898384712443e-16 2.59091002911185e-18 2.48874869123076e-20 1.83373831249934e-22 1.03637360419147e-24 4.49276630675929e-27 1.4939163073855e-29 3.81022497620491e-32
4.6386973964592 4.06959803148738 2.74227546537511 1.42235846498934 0.571876087651707 0.183068867131555 0.0520467281174004 0.0184552807891427 0.0113737430095923 0.0097264980822304 0.00901841924526576 0.00851967943025369 0.00812157123937099 0.00779685134977506 0.00753093452269728 0.00731338828841308 0.00713522397015203 0.00698823568294057 0.006865679756862 0.00676136445946596 0.006667689578333 0.00657751946765716 0.00648796452153501 0.0063979803548538 0.00630004478039076 0.00617670200218062 0.00601059439128998 0.00580095511637962 0.00556800679813288 0.00533957273629039 0.00513516641859426 0.00496088952532769 0.00481328146646939 0.00468516727653366 0.00456990562536955 0.00446207917243313 0.00435548204271804 0.00424294460224067 0.00411576141820445 0.00395995775123805 0.00375679832923385 0.0034928754661909 0.00317769531056485 0.00285333620310991 0.00257536465150318 0.00237811633439688 0.00225965822958025 0.00219428752137906 0.00215526389042788 0.00212780710815316 0.00210553700820994 0.00208543127076889 0.0020677216804278 0.0020522728535479 0.00203777820183728 0.00202511576600713 0.00201452895838306 0.00200455002322671 0.00199602259559247 0.00198955550939898 0.00198356493477295 0.00197869805903147 0.00197595656574316 0.00197375270631143 0.00197235467696447 0.00197311893896355 0.00197466254859088 0.00197680910753691 0.00198111988150974 0.00198653665507012 0.00199251110175268 0.00200063610900383 0.00201024524711135 0.00202056556753975 0.0020330795666719 0.0020475107300178 0.0020630730509875 0.00208113208124805 0.00210176761953011 0.00212451230835411 0.00215092862135738 0.00218210250256159 0.00221998407617299 0.00227082740157937 0.00234427321565806 0.00245205687671191 0.00260244806801869 0.00279062820088003 0.00299878828448742 0.00320661050147153 0.0034011298419554 0.00358049224706443 0.0037517137382541 0.00392827211463261 0.00412723109184871 0.00435932853851275 0.00462367253043205 0.00492506454022917 0.00529383448430408 0.00575672950927964 0.00627095333534026 0.00672687658439413 0.00704616552683903 0.00722650456257231 0.0072540742258608 0.00705634379180671 0.00661755607093435 0.00607218311238014 0.00560718899770031 0.00531278072479715 0.00516463412621861 0.00510148906613088 0.00508192425644454 0.00509147377212094 0.00513004788727458 0.00520218168258631 0.00531406332282731 0.00547424077741897 0.00569565494851968 0.00600055214995503 0.0064415838772421 0.00719831748132642 0.00892964396766432 0.0136250694975699 0.0254928849255289 0.0494581293940821 0.0847555042958893 0.118319480993888 0.130145309740952 0.111257310860555 0.0734718723324435 0.0373707446111165 0.0146180511954225 0.00439352872830883 0.00101408253891266 0.000179689136634484 2.44377195039377e-05 2.55047802105832e-06 2.04246956460161e-07 1.25495058817107e-08 5.9157181565883e-10 2.13932713858492e-11 5.93498204256103e-13 1.2630515251341e-14 2.06191935441641e-16 2.58203825311905e-18 2.4802017316948e-20 1.82742185121939e-22 1.03279273733868e-24 4.47719421827303e-27 1.4887218151027e-29
4.63588444217153 4.06714050777118 2.74063337718333 1.42152381140029 0.571559937927802 0.182988278786372 0.0520435418687384 0.0184696066076594 0.0113909127056663 0.00974615601818126 0.00904033892925889 0.00854000602706915 0.00813738103341151 0.00780981741977583 0.00754409167850323 0.00732738901202709 0.00714933820965378 0.00700185676001995 0.0068773806769527 0.0067692910564599 0.00667220759450445 0.00658097030086865 0.00649159364630643 0.00640135545016873 0.00630284600696019 0.00617939734959083 0.00601371128269755 0.00580485747293126 0.00557379178219826 0.00534909969615845 0.00514904991060575 0.00497737337269895 0.00483036475952666 0.00470302589585528 0.00459017065650158 0.00448600509656136 0.0043839143753719 0.00427777613647448 0.00416225729722907 0.0040277431434676 0.00385668724534843 0.00362913920217998 0.00333842232922547 0.00300935058976386 0.0026954769629238 0.00244805464060657 0.00228647061745769 0.00219549995063927 0.00214540755459261 0.00211392749185749 0.00209060232161914 0.00207031583499534 0.00205198521430369 0.00203626679952973 0.00202178254983345 0.00200840808342196 0.0019974208839078 0.00198750793475055 0.00197823796068472 0.00197120494284876 0.00196530890067372 0.00195970810814308 0.00195615974383714 0.00195400223104413 0.00195195838417987 0.0019516859796082 0.00195314134462117 0.00195471305996054 0.0019577552980785 0.00196284926987206 0.00196826144202318 0.00197492736866762 0.00198387448750711 0.00199351212562124 0.00200436547681443 0.00201770129633883 0.00203225471217012 0.00204827361637667 0.00206712717264076 0.00208802496280543 0.00211133665460424 0.00213892405998513 0.00217193272667424 0.0022146080740594 0.00227594456696633 0.00236702626328933 0.00249792928065452 0.00266973073875335 0.00286909702845683 0.00307573056546745 0.00327361091929867 0.00345629309171484 0.00362594428692496 0.00378977882220375 0.0039601795674544 0.0041537365293335 0.00438138726666297 0.00464227310083544 0.00493968277780357 0.00530188432762177 0.00575555948546299 0.00625957923834827 0.00670542640779554 0.0070150181655356 0.00718693016196193 0.00720899067698083 0.00700951878944255 0.00657180785048278 0.00602867609679589 0.00556659930437457 0.00527584469390709 0.00513088416089699 0.00506923341943451 0.0050499993444289 0.00505959865465535 0.0050979418742616 0.00516980610752426 0.0052822172483071 0.00544351359503014 0.00566512751047614 0.00596864242862682 0.00640756601290441 0.00716174688523099 0.00888759890183318 0.013567400991567 0.0253952882873097 0.0492802352634897 0.0844601719325767 0.117913748085517 0.129702854168709 0.11088091759685 0.0732240133845531 0.0372448706942765 0.0145688495501243 0.00437874276868407 0.0010106686428415 0.00017908380543798 2.4355314974445e-05 2.5418673731699e-06 2.03556425509492e-07 1.25070101719837e-08 5.89565104791701e-10 2.13205648719243e-11 5.9147710613921e-13 1.25874121959324e-14 2.05486723607912e-16 2.57318691697001e-18 2.47167927834226e-20 1.82112711618308e-22 1.02922626313498e-24 4.46169383590851e-27
4.63308685738622 4.06469419251504 2.73899725646094 1.42069327979552 0.571248165483512 0.182910902848965 0.0520422841739718 0.0184866826634971 0.0114103491886749 0.0097630115543946 0.00905497639041552 0.00855646080459163 0.0081575538838838 0.00783000829033401 0.0075591452082842 0.00733667670012176 0.0071569138081319 0.00701161836249872 0.00688938590137964 0.00678019739145497 0.00667880788614348 0.00658357280645236 0.00649295940482131 0.00640302187516253 0.00630455689891009 0.00618103111848884 0.00601587134859702 0.00580798081446605 0.00557798251743149 0.00535524717759565 0.00515905496683385 0.00499213967202503 0.00484824510662999 0.00472142501235828 0.00460814733991707 0.00450527131042553 0.00440817648324508 0.0043104594469514 0.00420562284331892 0.00408596920601831 0.00393881199325254 0.00374585826670625 0.00349052374504439 0.00317714715942904 0.00284525725522382 0.00255301330607365 0.00234132080093526 0.00221331003960603 0.00214351220017565 0.00210350564571278 0.00207688463501886 0.00205564890674619 0.00203649477967271 0.00201996698519383 0.00200542849246702 0.00199157590867631 0.00197978162793005 0.0019699126414332 0.00196031336025171 0.00195235189401318 0.00194642895836984 0.00194064028704984 0.00193605492200597 0.0019336609266108 0.00193155465892727 0.00193017242127606 0.00193105360421273 0.00193262391229387 0.00193455173194119 0.00193872264999811 0.00194406763958521 0.00194962197713803 0.00195732302886162 0.00196668686776997 0.0019764232409643 0.00198823064478633 0.00200217456931926 0.00201696996124364 0.00203400996682494 0.0020538416422406 0.00207558390173636 0.00210075016442918 0.00213106897155722 0.00216844382202455 0.00221949804329296 0.00229467917642161 0.00240488470546424 0.00255661375596533 0.00274373888201009 0.00294798356685965 0.00315011163118319 0.00333826453189539 0.00350972594532497 0.00366867638978574 0.00382356672209162 0.00398796637098312 0.0041781840454047 0.00440329052677726 0.00466031227090725 0.0049512428736707 0.00530495049149559 0.00574964187558443 0.00624451090255859 0.00668054605239362 0.00698022724101317 0.00714396130174381 0.00716114207780129 0.00696020062707292 0.00652363802747337 0.00598387618774259 0.00552679425828657 0.00524046458018689 0.00509720311152739 0.00503479472492948 0.00501445862311121 0.00502458761060107 0.00506525584897414 0.00513933856663526 0.00525195097987007 0.00541170522656354 0.00563188869272848 0.00593494944980277 0.00637336175912029 0.00712538784546236 0.00884541435387319 0.0135096366573704 0.0252979536909034 0.0491025364820914 0.0841644673960599 0.117507081246579 0.129259251521458 0.110503511246783 0.0729754605025572 0.0371186252929054 0.0145194934472235 0.00436390718699953 0.00100724246158635 0.000178476133663593 2.42725676378749e-05 2.53321816536453e-06 2.02862566626085e-07 1.24642942694423e-08 5.87547232334582e-10 2.12474251268606e-11 5.8944313657103e-13 1.25440164895629e-14 2.04776420433975e-16 2.56426780841952e-18 2.46308779855416e-20 1.8147785863859e-22 1.02562770718919e-24
4.63030711337256 4.06226569774969 2.73737130931121 1.41986036600151 0.570926742766912 0.182827340672158 0.0520415161141781 0.0185065277076642 0.0114333858399229 0.00978594655811775 0.00907509516669265 0.00857195703618481 0.00817090396746034 0.00784521562588003 0.00757682749097962 0.00735341874609286 0.00716922442582889 0.00702012774026394 0.00689777605695313 0.00679025844965054 0.0066882724719979 0.00658921410386946 0.0064948298502027 0.00640386066136999 0.0063060360166875 0.00618311299261122 0.00601868199849525 0.00581216713789975 0.00558369779335191 0.00536217116143362 0.00516775007814315 0.00500431691479728 0.00486460233783779 0.00474041444420244 0.00462821693260502 0.00452698576214667 0.00443314330190222 0.00433945329298369 0.00423988993332311 0.0041306754216764 0.00400351353970726 0.00384154681542886 0.0036234819241054 0.00333866248413801 0.00300761684958298 0.00268287404276004 0.00242042496481707 0.00224656064535114 0.00214873351706082 0.00209608468041199 0.00206470593433935 0.00204227250939682 0.00202271496741035 0.00200534228415046 0.00199058115216268 0.00197664528564314 0.00196393665288718 0.00195374793434086 0.00194423097020363 0.00193534271942382 0.00192890940087468 0.00192329978778049 0.00191786298214911 0.00191467797503304 0.00191273534420423 0.00191070553057555 0.00191050245918811 0.00191207395188421 0.00191355871418876 0.00191637558238967 0.00192143795427048 0.00192668243326739 0.00193287970825875 0.00194159329997539 0.00195097368704095 0.00196117398430542 0.0019740056567706 0.0019881570428876 0.002003366165886 0.00202142579071503 0.00204170201286573 0.00206398761475014 0.00209047418248231 0.00212267092808012 0.00216452491746444 0.00222573082825659 0.00231796966066362 0.00245034452494627 0.00262278493497926 0.00282095962592247 0.00302398801167155 0.00321673251414875 0.0033936456700303 0.00355617848716634 0.00370851134255036 0.00385758605982243 0.00401706423864468 0.00420357642940142 0.00442489751615666 0.00467637192550379 0.00496022328945035 0.00530677735408317 0.00574395474424158 0.00622923138869623 0.00665364100104013 0.00694225708696151 0.00709810923922435 0.00711116870658192 0.00690940675722833 0.00647546726485209 0.00594113778895447 0.00548920113455076 0.00520490137813671 0.00506122077378137 0.00499873327552434 0.00498012233000933 0.00499251087009255 0.00503399454391438 0.00510731916695741 0.00521906712953653 0.00537904992495133 0.00560016746575058 0.00590341627819482 0.00634060826223018 0.00709005952874137 0.0088041167181547 0.0134518045330508 0.0251991262668152 0.0489227809739035 0.0838671257296533 0.117099233296642 0.128814554319488 0.110125062921809 0.0727261268080839 0.0369919469019571 0.014469959237382 0.00434901674777249 0.00100380354512556 0.000177866225134173 2.41895224894442e-05 2.52453886796791e-06 2.0216639980829e-07 1.24214439791834e-08 5.8552342172705e-10 2.11740864344107e-11 5.87404120069022e-13 1.25005240427667e-14 2.04064720571479e-16 2.55533358588892e-18 2.45448415582759e-20 1.80842287513686e-22
4.6275427051294 4.05985081865975 2.73575774756176 1.41903997359135 0.570615688556332 0.182748233745538 0.0520397162076327 0.0185226616898415 0.01145042182563 0.00980193200663643 0.0090932644702777 0.00859366373699223 0.00819219246940531 0.00786131457074989 0.00758833605603478 0.00736481950772125 0.00718179973355352 0.00703083217031536 0.00690541290338031 0.00679747726535298 0.00669686539172233 0.00659709818802256 0.00649877714979299 0.00640391618673622 0.00630513847533227 0.00618320305210827 0.00601983325486086 0.00581440834547281 0.00558747702296436 0.00536748759353767 0.00517419501620126 0.00501240397213321 0.00487594677608438 0.00475565228727293 0.00464596698167528 0.00454589621890372 0.00445401606155513 0.00436445542057453 0.00427115409050888 0.00417150530681066 0.00405997385741742 0.00392277157797772 0.00373981792800764 0.00349265621050286 0.00318254978100157 0.00284515521493419 0.00253892008398572 0.00231134992745262 0.0021717823221221 0.00209602595309802 0.00205441186396955 0.00202835349911318 0.00200791546932534 0.00198967049753436 0.00197428413930129 0.00196051781687408 0.00194725853017109 0.00193633515801862 0.00192709415867002 0.00191780347828328 0.0019104224177691 0.00190500611494431 0.00189936037719156 0.00189505551544032 0.00189300663021475 0.00189097567263256 0.00188960508085541 0.00189062106731449 0.00189223747375922 0.00189394280705221 0.00189796444047614 0.00190329531417434 0.0019084779296174 0.00191574554751444 0.00192494246622354 0.00193418527655894 0.00194527647218487 0.0019587906124864 0.00197296045200967 0.00198901862756043 0.00200810137483944 0.00202905187559885 0.00205308381598365 0.0020827149266258 0.0021200790554736 0.00217174948797456 0.00224875669840726 0.00236131801388414 0.00251439904783744 0.00270123300086082 0.00290277486588745 0.0030993787118315 0.00328062665666407 0.00344567870986886 0.00359864864714523 0.0037436883726693 0.00388727936055971 0.00404293292045488 0.00422581965974791 0.00444196446051446 0.00468693405156983 0.00496441160325989 0.00530459910967111 0.00573351145503533 0.00620799438662045 0.00662104622566901 0.00690016060631244 0.00704924088811014 0.00705852937162095 0.00685720007107231 0.00642799440910799 0.00589933524292497 0.00545037247709805 0.00516655670589483 0.0050235994094204 0.00496327173147352 0.00494651291007571 0.004959034128163 0.0050004994454443 0.00507530944970233 0.00518887621896332 0.00534895368717945 0.00556840192560757 0.00586982364986877 0.00630581919159823 0.00705356368498809 0.00876238513772503 0.0133943907547155 0.0251015537907288 0.0487443063210149 0.0835701651275407 0.116690746409703 0.128368769863623 0.109745660300825 0.0724761994930414 0.0368649847403219 0.0144203180007066 0.00433409430447915 0.00100035707240975 0.000177254917873962 2.41062757614507e-05 2.51583708352729e-06 2.0146829962547e-07 1.23784659640528e-08 5.83493140565493e-10 2.11004966940491e-11 5.85357649570329e-13 1.24568622953197e-14 2.03350079784126e-16 2.5463602929348e-18 2.44584081458835e-20
4.624797420695 4.05745261522648 2.73415522638955 1.4182250533589 0.57030646135016 0.182669106438788 0.0520373743294794 0.0185393818134601 0.0114706284759649 0.00982228568952609 0.00911219715854872 0.0086097457929976 0.00820613838518503 0.00787587410060216 0.00760424849177945 0.00738013140772285 0.00719556402244339 0.00704271171072701 0.00691391203817153 0.00680297109851333 0.0067025701665794 0.00660476331980284 0.00650610400730941 0.00640742009109762 0.00630475895229511 0.00618213836974549 0.00602042121843836 0.00581683613106282 0.00559154339860578 0.00537336610236312 0.00518180859836613 0.00502155325649189 0.00488746470523333 0.00477104927074049 0.00466483071331212 0.00456525193643914 0.00447276573922279 0.00438632588263379 0.00429993248976268 0.00420764272277939 0.00410562019795833 0.00398645864464138 0.00383412696738811 0.0036258090700112 0.00334745457211463 0.0030154459519268 0.00268017335475213 0.00240166742120612 0.00221332508145967 0.00210618798647582 0.0020494262267303 0.00201748293233846 0.00199554529468583 0.00197656080660314 0.00196016372312968 0.00194629061293458 0.0019328285349778 0.00192082784751062 0.00191142978999349 0.00190222004273779 0.00189371124320144 0.00188789949289779 0.0018825372699587 0.00187723511344651 0.0018744353434038 0.00187272284790688 0.0018706658729722 0.00187053234673622 0.00187225693861549 0.00187363608901671 0.00187621697759728 0.00188129498416098 0.00188642165679719 0.00189213019806087 0.0019006060599585 0.00190981074811356 0.00191936831011511 0.00193166932759781 0.00194551128151993 0.001959988419556 0.00197724680818233 0.00199705048237603 0.00201857207064361 0.00204417428577015 0.0020761403208052 0.00211824871009967 0.00218056620907244 0.00227537616502047 0.00241041452459847 0.00258387971080846 0.00278070596396549 0.00297969911105334 0.00316676371433417 0.00333777723632616 0.0034939628009756 0.0036384688191632 0.003776011668341 0.00391549422059539 0.00406936392838039 0.00424873794394733 0.00445867959499599 0.00469697028065845 0.0049682613873142 0.00530130540819368 0.00572069996845975 0.00618384037415618 0.00658556052390111 0.00685501156069419 0.00699751376115064 0.00700502601791176 0.00680694184730723 0.00638276520363237 0.00585721781827088 0.0054092104928045 0.00512651343205709 0.00498611113518586 0.00492843942800689 0.00491318206609491 0.00492670062863701 0.00496884939964852 0.00504348213992325 0.00515676850325981 0.00531732997457724 0.00553736746956067 0.00583850977944344 0.00627311694489908 0.00701806797655244 0.00872064891302017 0.0133363387680203 0.0250030234314613 0.0485647546225973 0.0832720456518563 0.1162809552106 0.127921584784984 0.109364999596303 0.0722253896253312 0.0367375498740222 0.0143704843270265 0.00431911226039367 0.000996896526257016 0.0001766410720162 2.40226786813738e-05 2.50709826364151e-06 2.00767198439984e-07 1.2335301451862e-08 5.8145396793434e-10 2.10265816774366e-11 5.83302047418891e-13 1.24130038145695e-14 2.02632186384219e-16 2.53734573373173e-18
4.62207041460771 4.05507081006363 2.73256448254959 1.4174171817556 0.570000555188358 0.182590191616922 0.0520329257673975 0.0185533579937546 0.0114888698659868 0.00984185235697302 0.00913235340715637 0.00863002918545445 0.00822503551267597 0.00789208758159919 0.00761872379831656 0.00739387707693146 0.00720813751239458 0.00705447935845147 0.00692497585091333 0.00681118745428027 0.00670661695205368 0.00660620985988023 0.00650795116557154 0.00641204588308424 0.00631125102710561 0.00618656133942974 0.00602018294199214 0.00581340828879181 0.00558906060547789 0.00537540529734688 0.00518922198031998 0.00503251087569484 0.0048992758526767 0.00478308310708997 0.00467952666879888 0.00458431930003894 0.00449354014420946 0.00440521919645791 0.0043184351953767 0.00423229174014391 0.00414320206581264 0.00404182441531171 0.00391382914159519 0.00374001307960955 0.00350094782313491 0.00319448714521593 0.0028518004805915 0.00253141476849748 0.00228723527379875 0.00213470832581965 0.00205173871636623 0.0020079560524886 0.00198214175990938 0.00196225969064986 0.00194489362925704 0.00193060542850994 0.00191745230231562 0.00190473812011887 0.00189469845080057 0.0018859735533482 0.00187692728057917 0.00187014718604588 0.00186518994591482 0.00185963280833046 0.00185560681446595 0.00185392263843211 0.00185194372238359 0.00185054233763699 0.00185171734690818 0.00185340350419534 0.0018548762082795 0.00185876550383508 0.00186414393161987 0.00186899212413937 0.00187580165058768 0.00188490119606521 0.00189376230434837 0.00190412591704154 0.00191726159911587 0.00193096163202362 0.00194607264620165 0.00196441837995135 0.00198474341516566 0.00200767847403303 0.00203645116627306 0.00207375865554372 0.00212608728743576 0.00220531410669759 0.00232147310343274 0.00247721809829427 0.00266428092641372 0.00286339131733704 0.00305509159381437 0.00322980941824491 0.00338709566434293 0.00353191703658864 0.00367030850539137 0.00380619072755378 0.00394428061193085 0.00409364408711874 0.00426671119215731 0.00447184375070998 0.00470663086726988 0.00497246383545975 0.00529569137117056 0.00570123187103471 0.00614976833264149 0.00654093355038137 0.0068063499210559 0.00694926890611655 0.00695749846477733 0.00675871992997174 0.00633435834776667 0.00581088103378499 0.00536661781131409 0.00508795438948022 0.00495030309234976 0.00489364284068111 0.00487906709003601 0.00489349144002071 0.0049361789825924 0.00501134775124082 0.0051254161061016 0.00528626546431653 0.0055058651052819 0.00580622325810669 0.00623965577901317 0.00698234967895486 0.00867940336327566 0.0132795064378611 0.0249060672974423 0.0483864920853227 0.0829744380518902 0.115870845357821 0.127473602857484 0.108983527307667 0.0719740294532954 0.0366098449244005 0.014320552446513 0.00430410362052749 0.000993430631832873 0.00017602643529829 2.39389973360598e-05 2.49835326135045e-06 2.00065824291398e-07 1.22921345295345e-08 5.79415388745738e-10 2.09527146616898e-11 5.81248537140085e-13 1.23692064815511e-14 2.01915569173896e-16
4.61936092239136 4.05270406845947 2.73098323855027 1.41661335995891 0.569695836454764 0.182512537195091 0.0520310544416495 0.0185703929871907 0.0115090852074615 0.00986068267426336 0.0091476921308798 0.00864323836613664 0.00824080687452284 0.00791274016224772 0.00764051977370389 0.00741081698094963 0.00721756185520063 0.007059437434643 0.00693115654327012 0.0068200518025715 0.0067151357494789 0.00661324801999127 0.00651411037647353 0.00641574334548162 0.00631109226204692 0.00618417707470863 0.00601871463729588 0.00581516079967607 0.00559351576213856 0.00537990385281788 0.00519270656340665 0.00503710364343203 0.00490757186719627 0.00479499393456029 0.00469332444851801 0.0045998742961702 0.00451214759866394 0.00442752392936192 0.00434393222556342 0.00426033700054946 0.00417549806213319 0.00408417813694363 0.00397573645953782 0.00383299448698582 0.00363314269422515 0.00336128433592901 0.00302981327071849 0.00268547094865195 0.00239116657750961 0.00218697805387164 0.00206848229578733 0.00200619771443307 0.00197287047934911 0.00195083476590367 0.00193219604541449 0.00191671992510986 0.00190354560211687 0.00189043127355098 0.00187917001779753 0.00187047456029207 0.00186147196043432 0.00185340384629298 0.0018482139763643 0.00184304517319366 0.00183788361989314 0.00183546046833843 0.00183394750846416 0.00183183736381439 0.00183177142825692 0.00183367197560177 0.00183496931538354 0.00183731223345008 0.00184239849683799 0.00184747366667655 0.00185271395718994 0.00186091062100754 0.00187003976740248 0.00187903102594253 0.00189076994020853 0.00190443077443215 0.00191836051679009 0.00193486452387187 0.00195439887637302 0.00197562040224165 0.00200070909537076 0.0020328311563277 0.00207563176225752 0.00213894760365268 0.00223595065137071 0.00237382226589077 0.00254900341556979 0.00274560543746436 0.00294161356409578 0.00312258297388529 0.00328566672447376 0.00343397551394389 0.0035727962055087 0.00370636901307811 0.00383718327453393 0.00397003785162857 0.00411464481929658 0.00428354927705337 0.00448357101639724 0.00471086948684723 0.00496805206881929 0.00528315118222232 0.0056803805488167 0.00611865147441222 0.00649829460735646 0.00675463019656192 0.0068936336952501 0.00690293720624997 0.00670835818473489 0.00628848712317729 0.00576854541171587 0.00532772222312622 0.00505144557549964 0.004913732823117 0.00485679032563799 0.00484426025304558 0.00486205659635064 0.00490698204702828 0.0049820138167641 0.00509428762946435 0.0052536517184177 0.00547300984865104 0.00577342863917488 0.00620604983701241 0.00694639634593066 0.0086376256083514 0.0132217479696399 0.0248078525669164 0.0482068107059577 0.0826753668549392 0.115459263694022 0.127024220378964 0.108600890713427 0.0717218768265844 0.0364817139668735 0.0142704427745451 0.00428903783429112 0.000989950643243867 0.00017540913596347 2.38549309984257e-05 2.48956566698921e-06 1.99360845163635e-07 1.22487341579645e-08 5.77365241947272e-10 2.08784089996884e-11 5.79182295729926e-13 1.23251262941801e-14
4.61666987362995 4.05035388820831 2.72941357079937 1.41581537821555 0.569392231933444 0.182433907072761 0.052029301568003 0.0185888069295415 0.0115288859647643 0.00987763187821443 0.00916554216717755 0.00866497372049702 0.00826247020680299 0.00792839919189951 0.00765087093473405 0.00742268176990567 0.00723370156152403 0.00707395866177561 0.00693937264813599 0.00682558213714938 0.00672192217617941 0.00661986926821027 0.0065193311197022 0.00642028494041448 0.00631455913357531 0.00618656119000133 0.00602079638477883 0.00581630823818366 0.00559375457246839 0.00538137124264145 0.00519643663889913 0.00504182311945192 0.00491263821963399 0.0048020642507845 0.00470436716655475 0.00461499077634939 0.0045298938507904 0.00444679495738031 0.00436492378105127 0.00428385404922164 0.00420309243697448 0.00411915248562224 0.00402410942044537 0.0039054056655997 0.00374292383229508 0.00351453236525982 0.00321380877784316 0.00286675137574419 0.00253194167872831 0.0022697848858598 0.00210232139280245 0.00201072328432305 0.00196415177893704 0.00193815605918078 0.00191858590319613 0.00190211156424569 0.00188883284175105 0.00187609288419948 0.00186391526707937 0.00185474607475065 0.00184637676500896 0.00183754092840097 0.00183138189454464 0.00182681554211374 0.00182130132388885 0.00181754484063452 0.00181622359463989 0.0018142702250044 0.00181281674782143 0.00181418810971895 0.00181596390865464 0.00181720114432845 0.00182096754252642 0.0018264332295959 0.00183101093500057 0.00183734478324453 0.00184637988738122 0.0018550092770596 0.00186466045531804 0.00187743467486122 0.00189086080844366 0.00190511952052252 0.00192272111852314 0.00194261072261045 0.00196464894044201 0.00199258903839424 0.00203014654773088 0.00208367707296392 0.00216542453863215 0.00228547593330232 0.0024440625004932 0.00263087511416184 0.00282675975102274 0.00301308393027336 0.00318210260678656 0.00333475778943383 0.00347517023118579 0.00360851913638239 0.00373797648924649 0.00386528890661017 0.00399455424557951 0.0041342513833267 0.00429672867437474 0.00449019007096099 0.0047119843098909 0.00496343400558427 0.00526951582313864 0.0056540531998952 0.00608017053222646 0.00645212263243277 0.00670458162443925 0.00684191030419727 0.0068517889842828 0.00665910720666856 0.00624174283538317 0.00572532442022781 0.00528727130050195 0.00501184301777217 0.00487597941690638 0.00482287241540432 0.00481240453873776 0.00482913859274943 0.00487334797423188 0.0049501727538837 0.00506482212481732 0.00522464705102142 0.00544263588243325 0.00574165841582423 0.00617342221674749 0.0069118036337944 0.00859692800683948 0.0131644577164525 0.0247097435058982 0.0480270269634229 0.082375830579207 0.115046738247463 0.126573610716092 0.108217133224108 0.0714689787269058 0.0363532169724422 0.0142201998460235 0.0042739361209271 0.000986463525458143 0.000174790809734373 2.3770760484599e-05 2.48077118791557e-06 1.98655652857899e-07 1.2205342429742e-08 5.75316565781602e-10 2.08041961504454e-11 5.77119756759739e-13
4.61399635762129 4.04801855032827 2.72785611644581 1.41502843732421 0.569097532294522 0.182358694488799 0.0520235239305836 0.0185998953321876 0.0115468591786854 0.00990087906692568 0.00918886007779952 0.00868270598108997 0.00827516137738706 0.0079413169218011 0.0076659420398229 0.00743753848606991 0.00724838017653134 0.00708949586450776 0.00695189445110574 0.00683212554260832 0.00672658029057576 0.00662540366541277 0.00652211830286265 0.00641955679988736 0.00631482244879373 0.00618867082934255 0.00602198833553085 0.00581681722172674 0.00559512220644002 0.00538302595516184 0.00519798359270235 0.00504452257815348 0.00491772472477258 0.00480954863604598 0.00471354691301056 0.00462594629403123 0.00454379789792732 0.00446453897879309 0.00438643138905501 0.00430838007912222 0.00423045459516714 0.00415159902441191 0.00406653866608352 0.00396541832971815 0.00383144001542663 0.00364212870126347 0.0033810003297664 0.00305374497269627 0.00270149762082011 0.00238996594469972 0.0021668368395585 0.00203410734166801 0.00196482620143454 0.00192953070005168 0.00190717959298463 0.00188902318011399 0.00187463707808549 0.00186211568635242 0.00184938543119593 0.00183899646079497 0.00183096078111773 0.001822127190612 0.00181454300126064 0.00180994662015263 0.00180493056083189 0.00179989145565076 0.00179787459521481 0.0017965983140883 0.00179438775463027 0.00179439319298117 0.00179653027270616 0.0017977252614222 0.00179979971633801 0.00180489306155763 0.00180992943401566 0.00181469480143761 0.00182256257790092 0.0018316784695564 0.00184014482406283 0.00185118193674939 0.00186463863234872 0.00187806380234193 0.00189363411274015 0.00191272348491598 0.00193366835905247 0.00195829014859863 0.00199095734534945 0.00203578320622523 0.00210188447167141 0.00220236481796263 0.00234328560063968 0.00251887902093845 0.00271329353028777 0.00290545784849589 0.00308107579013866 0.00323847780593724 0.00338171067700479 0.00351559468150684 0.0036441795976984 0.00376886624096214 0.00389091475230672 0.00401480175082509 0.0041495297079776 0.0043073919357216 0.00449537652592372 0.00470982443332547 0.00495227858637594 0.00524875161954896 0.0056239539945536 0.00604104231589751 0.00640537409470028 0.00665407868068258 0.00679040949199427 0.00679879434012639 0.00660620994232376 0.0061935153834466 0.00568229960591493 0.00524629091605904 0.00497296060882549 0.00484110637796077 0.00479050489120847 0.0047799784272118 0.00479675607603455 0.00484147705157819 0.00491791923256703 0.0050321803000421 0.0051929413029583 0.00541219452147105 0.00571102477763357 0.00614083521881737 0.00687607350796077 0.00855538106217496 0.0131073520644751 0.0246123887347539 0.047847747252416 0.0820760304981074 0.114633214001324 0.126121730538819 0.107832306117048 0.0712154012020569 0.0362243765217268 0.0141698165218346 0.00425878834066393 0.000982964471654325 0.000174170078240933 2.36862169156924e-05 2.47193244097143e-06 1.97946453595739e-07 1.21616743755028e-08 5.73253375443451e-10 2.07294025192385e-11
4.61134575182314 4.04570352781121 2.72630937756894 1.41424144881101 0.568798459330714 0.182283334237807 0.0520249308694982 0.0186204013669592 0.011567852049706 0.00991766929150741 0.00920336599546942 0.00869908195760444 0.00829417054686347 0.00796047687553267 0.00768393676273069 0.00745240150673633 0.00725685903618295 0.00709492906636024 0.00696229917516146 0.00684662894948048 0.00673737087947687 0.00663204717273369 0.0065290778937199 0.00642488003910271 0.00631508928585411 0.00618746371804675 0.00602315542600364 0.00581818661630161 0.00559471835780318 0.00538279025240923 0.00519912938362864 0.005045825213645 0.00491944293245705 0.00481496783862036 0.00472465524851108 0.00464047168194071 0.00455877247194654 0.00448014480560001 0.00440486964567798 0.00433064895887592 0.00425568799542484 0.00417945556917912 0.00409928564509114 0.00400964543171489 0.00389925173878893 0.00374724522643834 0.00353026769566092 0.00323742200305745 0.00288827905912412 0.00254050952017407 0.0022599461860607 0.00207564426003943 0.00197374106111379 0.00192337677388698 0.00189650508478802 0.00187694240149465 0.00186131817779349 0.00184885877338126 0.00183634370352563 0.00182473166324025 0.00181636883384567 0.00180820912058191 0.0017995762178766 0.00179401929773146 0.00178978063705956 0.00178426550776806 0.00178075745799133 0.00177983355324642 0.00177789090264784 0.0017763400778765 0.00177794803105651 0.00177982210813954 0.00178079152624004 0.00178445566498325 0.00179005102722649 0.00179443209120664 0.00180030888273332 0.00180928939713881 0.00181784160902503 0.0018268229101545 0.00183920566188544 0.00185256931851962 0.00186614624132394 0.0018830016817081 0.00190263878598239 0.00192404857753094 0.00195112747529665 0.00198884101751355 0.00204360366537591 0.00212773331977458 0.00225172580522637 0.002413612252269 0.00260042611557202 0.00279339752579096 0.00297504669489872 0.00313881716782848 0.00328735388469624 0.00342438833218761 0.00355351985041982 0.00367740062540809 0.00379696517719172 0.00391478760653401 0.00403584900856282 0.00416703843070097 0.00431812017248034 0.0044969648202694 0.00470322438426469 0.00493874195247404 0.00522660886004425 0.0055910243785854 0.00599899188735311 0.00635841063012111 0.00660366014345368 0.00673662521522388 0.00674561072193251 0.00655780975528447 0.00614868436733004 0.00563933146519534 0.00520741540951862 0.00493829854266403 0.00480607812288443 0.00475332905457804 0.00474405105144763 0.00476409817225101 0.0048106241524089 0.00488759206037917 0.00500193294321495 0.00516192662667022 0.00538007278218506 0.00567838817543833 0.00610786064450109 0.00684143976009669 0.00851507029004176 0.0130506832192075 0.0245146927798527 0.0476678362742166 0.0817756003283554 0.114218980482592 0.125668941983194 0.107446509456985 0.0709610607557951 0.0360950987287117 0.0141192485737856 0.00424358249796564 0.000979451695246321 0.000173546894676484 2.36013407427954e-05 2.46305935802392e-06 1.97234552141605e-07 1.21178440400203e-08 5.71182743512263e-10
4.60871773302792 4.04340491049583 2.72476868713898 1.41345490185202 0.568501245428664 0.182210862786367 0.0520251774614996 0.0186358284164732 0.0115863143893704 0.00993968012225607 0.00922854431052618 0.00872367349270534 0.00831338337841025 0.00797211275795239 0.00769189369378506 0.00746455998590332 0.00727472880766551 0.00711044807769512 0.00697063723017393 0.00685269440201576 0.00674373570482324 0.00663405329580403 0.00652765959643721 0.00642832174148655 0.00632400615567503 0.00619385196155489 0.00602442012348649 0.00581800198313089 0.00559389496420739 0.00537992743928244 0.00519547132688921 0.00504426105468637 0.0049215904059259 0.00482028500951066 0.00473211196192381 0.00465032728986673 0.00457114723907757 0.00449392059242601 0.00441995117341317 0.00434853085584612 0.0042771813277368 0.00420497034259394 0.00413052163880872 0.00405011331531045 0.00395637460384611 0.00383317739865215 0.00365700977681608 0.00340748146814427 0.00308365983742772 0.00272331007123536 0.00239478291276557 0.00215188485918111 0.00200360062028218 0.00192642543138057 0.00188852973520384 0.00186551380877989 0.00184787534160262 0.00183455221807641 0.00182247291391305 0.0018101225998969 0.00180063738984087 0.00179310213703714 0.00178437791322951 0.00177729951142768 0.001773259012666 0.00176836448738584 0.00176340474559725 0.001761788735903 0.00176076205840726 0.00175839594104535 0.00175848306778761 0.00176090682955837 0.00176195316822138 0.00176375120591111 0.00176890115253782 0.0017739373299485 0.00177827655784259 0.00178578918347223 0.00179494666860808 0.00180305485984217 0.00181335271857024 0.00182659991687555 0.00183971223363629 0.0018543407863765 0.00187288982250335 0.00189363887366473 0.00191762390847632 0.00195027793176858 0.00199690869895164 0.00206624476336629 0.00217126113364662 0.00231694757798317 0.00249398498868445 0.00268517398826522 0.00287181209403114 0.00304156442695859 0.00319391538722321 0.00333339371127375 0.00346346004697944 0.00358718139282946 0.0037061681253714 0.00382148658390382 0.00393594480953293 0.00405296932980987 0.00417877557438464 0.00432418741489593 0.00449675280233913 0.00469461176656474 0.00491958629175101 0.00519640558665894 0.00555158235238168 0.00595312372963567 0.00630802838408168 0.00655184463872144 0.00668786845450089 0.00669938417550997 0.0065091395975154 0.00609829694569533 0.00559350138044937 0.00516739609453284 0.00490024571305734 0.00476960627628129 0.00472074511643446 0.0047137841211806 0.00473232914476249 0.00477705022288394 0.00485483247466193 0.00497140759297002 0.00513288619813558 0.00535094910294805 0.00564783888269044 0.00607516508815751 0.00680596207263507 0.00847398855814017 0.0129937720358137 0.0244167088190033 0.0474869313462589 0.0814735800401533 0.113803136217422 0.125214906565632 0.107059898970948 0.0707062661517519 0.0359656124075913 0.0140686050233721 0.00422835553559787 0.000975934423380815 0.000172922985337687 2.35163759011337e-05 2.45417809544873e-06 1.96522082784624e-07 1.20739841892088e-08
4.60610763221009 4.04112623524432 2.72324887770169 1.41268477297824 0.56821071752578 0.182137512539989 0.0520241270281797 0.0186530366977956 0.0116068511126946 0.00995887270114828 0.00924385582953621 0.00873667763802244 0.00832964023406363 0.007992660954838 0.00770951402479825 0.00747533476319115 0.00728527017584086 0.00712519743547811 0.00698270527297441 0.00685698024853598 0.00674728718044005 0.00664310663491925 0.00653638511617392 0.00643061697175399 0.00632420512013958 0.00619627271715639 0.00602517838317196 0.00581499102397554 0.00559175601826311 0.00538088740647885 0.00519736057798647 0.00504704122892807 0.0049265698260773 0.00482634510379534 0.00473758391151293 0.00465587291775881 0.0045794452590266 0.00450696927748404 0.00443743868646126 0.00436922117352273 0.00430025180135693 0.00423035817793922 0.00415925169417623 0.00408430203044044 0.0040008945436689 0.00389760119646866 0.00375422772450226 0.00354867457967527 0.00326594198200553 0.00291793335708761 0.00255921917045592 0.00225944294087894 0.00205583793181677 0.00194151687836209 0.0018859005707077 0.00185711769091203 0.00183716864932858 0.00182230632023295 0.00181035691590466 0.00179788487057475 0.00178690104907845 0.00177920533763769 0.00177110953460227 0.00176271322996024 0.00175772896178408 0.0017537827563845 0.00174826645413575 0.00174498218673654 0.00174446348686503 0.00174249189150406 0.00174078109188612 0.00174268404026634 0.0017447089505325 0.00174539004539 0.00174896927592763 0.00175470967072933 0.00175892219312152 0.00176436100561282 0.00177325635546093 0.0017818747085888 0.0017903240317978 0.00180226222937458 0.00181575468197958 0.00182894682784772 0.00184511727029998 0.00186478821532495 0.00188616601328776 0.00191279049822537 0.00195106757158302 0.0020077167780562 0.00209434309948845 0.00222167106463687 0.00238654544518569 0.00257356527826531 0.00276420300015522 0.00294214411179966 0.00310091377765781 0.00324439887909062 0.00337721628921058 0.00350217420921951 0.00362185973571984 0.00373672748306161 0.00384701632077032 0.00395520217103586 0.00406550081943137 0.00418588407493905 0.00432720869601691 0.00449464818279416 0.00468415014929012 0.00489876816159579 0.00516659824296458 0.00551375082153974 0.00590662284939267 0.00625630401297809 0.00650079791523333 0.00663752014597574 0.00664720721812736 0.00645873022916388 0.00605440333014335 0.00555345992184074 0.00512660890461947 0.00486057430765438 0.00473472761593526 0.00468863756745337 0.00468050619103309 0.00469868223161577 0.00474587663854902 0.00482542012393906 0.00494104308640269 0.00510108437780036 0.00531898421564098 0.00561609428091977 0.00604272965998728 0.00677125337464806 0.00843344859325398 0.0129370520270276 0.0243189411257626 0.0473064421980635 0.0811717162133706 0.11338664497644 0.124759512876767 0.106671841637581 0.0704504494196484 0.0358356100912767 0.0140177698419069 0.00421307558575498 0.000972406200653679 0.00017229738634943 2.3431217531694e-05 2.44528057616843e-06 1.95808636363532e-07
4.60352054221087 4.03886710480449 2.72174046937397 1.41191918414117 0.56792204221674 0.182065956062012 0.0520247336745994 0.0186698414197861 0.0116236388906561 0.00997410200027943 0.00926043965717806 0.00875468613679193 0.00834695324345469 0.00801066233853681 0.00772897392243946 0.00749058391014755 0.00729363730142328 0.00713464312186195 0.00699819005399824 0.0068689060926898 0.00674643908070952 0.0066381153372122 0.00654164182244014 0.00644316434569098 0.00632939492476499 0.00619253862412858 0.00602456701145366 0.00582142771222691 0.00559743343846811 0.00538171761731425 0.00519600293848893 0.00504482167274238 0.00492375349651612 0.00482551292137652 0.00474098639493984 0.00466310871238634 0.00458904932782881 0.00451784553862799 0.00444938515694998 0.00438347940446975 0.00431814733606458 0.00425186269049667 0.00418417406023929 0.00411318663878292 0.00403657339373574 0.00394861221484584 0.00383394834394931 0.00367034424940025 0.00343512439198381 0.00311961807601493 0.00275505167581403 0.00240981338946795 0.00214461405097952 0.0019780999559711 0.00189133955805527 0.00184981548751016 0.00182566793925302 0.001808562341609 0.00179623912683686 0.00178439757055922 0.00177244355694269 0.00176387087133327 0.00175671577405212 0.00174807160332313 0.00174149532773888 0.00173798796134438 0.00173316560564868 0.00172821483414827 0.0017270561165418 0.00172632525296389 0.00172368906992239 0.00172382708865746 0.00172661700655704 0.00172749040066418 0.00172900662321031 0.00173431261649036 0.00173939104296478 0.00174330903415858 0.00175045507446313 0.00175965657764381 0.00176749808576789 0.00177703892169682 0.00179008295745889 0.00180313170119022 0.00181688089451243 0.001834765264802 0.00185548168092875 0.00187911346491936 0.00191199445606675 0.00196104236128751 0.00203427279732686 0.00214337361079584 0.00229250067492767 0.00247015833688402 0.00265820354654227 0.00284018480771693 0.00300529532111107 0.00315329480867728 0.00328940855418363 0.00341637774287065 0.00353627855144435 0.00365112528113406 0.0037611685741808 0.00386746506272323 0.00397213815195206 0.00407814364608686 0.00419274069195203 0.0043263361481791 0.00448491568390879 0.00466657361437949 0.00487415840164919 0.00513365313056161 0.0054734298500823 0.00586333070335542 0.00621008023319043 0.00644760833306391 0.00658085568659364 0.00659683320189396 0.00641560663160649 0.0060098366683949 0.00550469787352888 0.00508135480610693 0.00482411179433968 0.00470248289749167 0.00465465883305557 0.00464573394015367 0.00466669395185351 0.00471623550492339 0.00479561957524283 0.00491070807007737 0.00507078759048922 0.00528819937391339 0.00558425598147507 0.00600985982596812 0.00673651897407514 0.00839313272280468 0.0128805315654047 0.0242213441884745 0.047126148585072 0.08087003335015 0.112970240057237 0.124304059774478 0.106283592021195 0.0701943909191525 0.0357054128362433 0.0139668251150915 0.00419775137478008 0.000968864896531196 0.000171668927071259 2.33455927416148e-05 2.43632599964599e-06
4.6009573092495 4.03662909409906 2.72024642462023 1.41116029749672 0.567633322527282 0.181989555647597 0.0520192837116794 0.0186844807885139 0.0116458680325028 0.0100001319114715 0.00928582360252173 0.00877443238472572 0.00835883171584738 0.008019273069744 0.00774355647809748 0.00751226025426898 0.00730982502472588 0.00713612436835286 0.00699573043680186 0.00687996020226371 0.00676895833728244 0.00665187428129989 0.00653659868864585 0.00643332963332407 0.00633203926698037 0.00620415075352094 0.00602969111775224 0.00581735537119391 0.00559395096594507 0.00538286183051653 0.00519809106091125 0.00504604132632545 0.00492398092486513 0.00482398926852068 0.0047395990648927 0.0046655052858581 0.00459640123192715 0.00452897848786964 0.00446304118959032 0.00439926954264166 0.00433612772591035 0.00427194206155016 0.00420703805154781 0.00414050565529706 0.00407029053095405 0.00399313048014245 0.00389807860838295 0.00376615972136963 0.00357452109456413 0.00330256032478884 0.00295646585008192 0.00258832402781123 0.0022693025032032 0.00204411103945582 0.00191438807471262 0.00185102794002015 0.00181879973700006 0.00179803735312459 0.00178393351835645 0.00177231501581665 0.00175989378808456 0.00174971724349435 0.00174267331148304 0.00173462975953375 0.00172654208432402 0.00172217110954564 0.00171851443912455 0.00171292277805113 0.00170987552933153 0.00170988432761055 0.00170787277844941 0.00170594781157693 0.0017082155747695 0.00171037970906482 0.00171065448858963 0.00171415691320234 0.00172009097709364 0.00172411812138272 0.00172910194887197 0.00173785150914901 0.00174654435709673 0.0017544848981065 0.00176580296748437 0.00177942139805167 0.00179242021999605 0.00180785367802355 0.00182769168717789 0.00184974355125108 0.00187678469368901 0.00191668093838131 0.00197679370358366 0.00206746856452211 0.00219903374257379 0.00236718479286668 0.00255342233336492 0.00273927714415915 0.00291158432867794 0.00306489645136867 0.00320331939641815 0.00333219345608563 0.00345345686322382 0.00356916106136657 0.00368022375008769 0.00378605908089175 0.00388783807741415 0.0039872188216782 0.0040864441932738 0.00419312408229098 0.00431970315307681 0.00447332110843721 0.00464914604807428 0.00484802300764505 0.00509891246093405 0.00543097866621566 0.00581266735314018 0.00615604160876664 0.00639922610892151 0.00653758837799269 0.00654813742622088 0.00635878911780744 0.00595651661805954 0.00546498065165827 0.00505047625170215 0.00479016144976406 0.00466228318864042 0.00461551973697067 0.00461330818752217 0.00463807202747421 0.00468604886851409 0.00476317484040546 0.00487863929478005 0.00504054327345107 0.00525912130968659 0.00555492717498341 0.00597890394823609 0.00670242017740353 0.00835245097088631 0.0128230517954585 0.0241223369093471 0.0469440231002139 0.080566228866652 0.112551728618976 0.123846882084328 0.105894225097564 0.0699377883998809 0.0355750323058333 0.0139158465751871 0.00418242926927223 0.000965327158631017 0.000171041691088735 2.32602207151762e-05
4.59841833575583 4.03441213861311 2.71876633406 1.41040914616306 0.567349850374069 0.181918617549557 0.0520192030624698 0.0187016370564653 0.011664067936777 0.0100144688687073 0.00929808660692802 0.00879083042489141 0.00838005663829994 0.00803686414627279 0.00775337184170101 0.00752312749510493 0.00732921570697169 0.00715604874170054 0.00700338260314973 0.0068769434774305 0.00677020293660728 0.00666530729936456 0.00655213449925554 0.00643701146202341 0.0063252756769298 0.00620111021938888 0.00603698078929243 0.0058261577503237 0.00559589867932462 0.0053815880940425 0.00519830979850029 0.00504484242479537 0.00492008739806742 0.00482269717121426 0.00474400828357224 0.00467295491867646 0.00460449183175476 0.0045380781923207 0.00447357605144037 0.00441138637277521 0.00435100485598859 0.00429043586335034 0.00422893698412421 0.00416567414131077 0.00409880976144286 0.004027412112633 0.00394580866507928 0.00383908084298542 0.00368654969820956 0.00346348185180726 0.00315578968987168 0.00278956718973411 0.00243049280310396 0.00214355984288083 0.00195780170301471 0.00186018985828623 0.00181389638408937 0.00178813132884336 0.00177164089955316 0.00176008298341772 0.0017481672020334 0.00173668900176829 0.00172897004639156 0.00172196065689263 0.00171335291728184 0.00170728475548932 0.00170424294186871 0.0016994083968284 0.00169441808191339 0.00169370780563795 0.00169323626480429 0.00169029085345676 0.00169051846099024 0.00169375160582103 0.00169444788725009 0.00169561898163003 0.00170108909821292 0.00170629410245796 0.00170988428573902 0.00171668973380187 0.00172599851629066 0.00173380405904925 0.00174263149184827 0.00175538129444735 0.00176863556196688 0.00178166564115312 0.0017986723127391 0.001819358085247 0.00184247617541496 0.0018746000243826 0.00192490191466183 0.0020015211740527 0.00211499331347804 0.00226885944569009 0.00244914500380464 0.00263528419273797 0.00281277454138352 0.00297332023506228 0.00311663185827725 0.00324857647976205 0.0033723457008343 0.00348879804693251 0.00359988535316267 0.00370609909779374 0.00380743223467737 0.00390512762039487 0.00399997302545923 0.00409450756893352 0.00419595183711297 0.00431402804229548 0.00445607472740397 0.00462288236296401 0.0048171460223262 0.0050620677711879 0.00538616768924369 0.00576552397809504 0.00611205353076462 0.00635380035508601 0.00648443732176714 0.00649175244522185 0.00630969717761956 0.00591746642458184 0.00542844995431938 0.00500971732447984 0.00474772141944556 0.00462505975689944 0.00458487294250505 0.00458397608481003 0.00460590393346437 0.00465280928695267 0.00473218607666659 0.00484935019526229 0.0050102365509213 0.00522708811350443 0.00552222842703138 0.00594584342473462 0.00666770503701855 0.00831242040692425 0.0127672818260634 0.0240256553336252 0.0467640903746244 0.0802637506374905 0.112133368406226 0.123388950034773 0.105503792059523 0.0696803032384005 0.0354441288012242 0.0138646349783447 0.00416702788283772 0.000961768761728519 0.000170410332518425
4.59590171772442 4.03221438069338 2.71729851102308 1.40966354242503 0.567067807325124 0.181847387469832 0.0520184063841742 0.0187188375352461 0.0116847451777797 0.0100333059332846 0.00931184855923527 0.00880242467100558 0.00839762794857772 0.00806074877402741 0.00777062685482098 0.00752537691637303 0.0073289475651829 0.00717156029463515 0.00703128257499041 0.00689422942968565 0.00676502550604591 0.00665358019474442 0.00655688507434621 0.00645808556504249 0.00634045202861113 0.00619662924503185 0.00602496041400887 0.00582557771816664 0.00560591627517562 0.00538672907746035 0.00519440669206905 0.00504212948951064 0.00492281213641977 0.00482404866289151 0.00474076594433531 0.00467010447199699 0.00460648277126352 0.00454494954902049 0.00448337203354134 0.00442221804857076 0.00436229512249317 0.00430278837914514 0.00424382610434224 0.00418629802604415 0.00412796497875026 0.00406457725388802 0.00399077533869599 0.00389806394452879 0.00377406639359069 0.00359718614840731 0.00334042099992686 0.0030019583678436 0.00262746235649584 0.00228803133631025 0.00203828171353621 0.00189066939895964 0.0018178479693424 0.00178147434546733 0.00176019481770746 0.00174703098651782 0.00173561930345587 0.00172345898498504 0.00171425140694797 0.00170772691563202 0.00169973631085331 0.00169203337594776 0.00168825670864025 0.0016848709757136 0.00167921495676739 0.00167641465038103 0.00167693115402739 0.00167484368613306 0.00167266772503073 0.0016752979174332 0.0016776647621166 0.00167754670064868 0.00168093310004743 0.00168708529006642 0.00169095924015982 0.00169545657000103 0.0017039729531453 0.0017127561686485 0.00172029151284032 0.00173080941910206 0.00174436636421918 0.00175726120557947 0.00177167056047962 0.0017911439512072 0.00181379869788121 0.00184135478857748 0.00188323451444355 0.00194815123955533 0.00204421185293447 0.00217955216783444 0.00234922697559855 0.00253340420215461 0.0027144478102962 0.00288304781442676 0.00303400468903961 0.0031684044000544 0.00329162456878767 0.0034072429048559 0.00351792076993914 0.00362529684931235 0.00372835200776375 0.00382651122377811 0.00392012255539487 0.00400898824959111 0.00409588099823159 0.00418998946850964 0.00430430428654666 0.00444476955044305 0.00460367864241902 0.00478220789944566 0.00501647317668375 0.00534209296844017 0.00572285695159517 0.00606003341124408 0.00629178546617471 0.00642636667257432 0.00644735003935303 0.00627179565836004 0.00587301674081515 0.00537656632614389 0.00496224103078235 0.00471320758120243 0.0045984724692675 0.00455522317040861 0.00454803450321528 0.00456985546474125 0.00462196209013175 0.00470465661931365 0.00482070340811425 0.00497950860830904 0.00519598432087667 0.0054914577691129 0.00591436434159919 0.0066336717874422 0.00827214457675744 0.0127104016106655 0.0239272707364594 0.0465823719437031 0.0799598442371592 0.111714043103718 0.122930374568099 0.105112904702029 0.0694225178811377 0.0353130645239919 0.013813358078856 0.00415160679288235 0.000958205974430304
4.59341023963132 4.03003979839831 2.71584557710524 1.40892311606907 0.566785566616789 0.181776409623544 0.0520191062424662 0.018734329724737 0.0116999883260357 0.0100509135988918 0.00933312933239524 0.00882046723518506 0.00840957165686792 0.00807537877438323 0.00779392764286627 0.00754797836836393 0.00733820558948824 0.00717052339978608 0.00703626123208241 0.0069132268161215 0.00678598705339729 0.00665826936165599 0.00654297107535732 0.00644397976351574 0.00634583718014177 0.00621856026984103 0.00604078902145163 0.00582190523733887 0.00559470252515009 0.00538645776335283 0.00520442047350984 0.00504776603401924 0.00491949254256751 0.00481993933962887 0.0047401053083679 0.00466993123945927 0.00460642259635039 0.0045485832058107 0.00449229785512683 0.00443510197587298 0.00437814970408 0.0043211514244285 0.00426275187891342 0.00420403647869367 0.00414625870255605 0.00408848420215157 0.00402586997217701 0.00394818081182054 0.00384470047397119 0.00370218737039567 0.00349493295057527 0.00320086336410439 0.00283706945400676 0.00246422209849161 0.002152867583508 0.00194467447827377 0.00183320198529767 0.00177985726809209 0.00175169533704514 0.00173570893417795 0.00172454376138604 0.00171249189495941 0.00170169985866594 0.00169473624940779 0.00168778281268532 0.00167929600962677 0.00167375451492227 0.00167115309875577 0.00166630396583217 0.00166130907502507 0.00166109068156404 0.00166087692956711 0.00165759625569991 0.00165788566798489 0.00166156818236481 0.00166211124450576 0.00166292563603615 0.00166856152810446 0.00167390581714106 0.00167716076087133 0.0016835764639362 0.00169291019669994 0.00170077997661377 0.00170898649851983 0.00172123984500866 0.00173478395315248 0.00174743764904309 0.00176354053659024 0.00178452599710579 0.00180833084242806 0.00184110837567617 0.00189438403156955 0.0019763203907925 0.00209441907200786 0.00225077139617645 0.00243106686600592 0.00261438624064749 0.00278845658232548 0.00294656462016519 0.00308552754045748 0.00321038683230826 0.00332818986542459 0.00344134602695336 0.00355031733212746 0.00365448467339399 0.00375270142618271 0.00384537009333857 0.00393218673893874 0.00401292800062325 0.00409317164409198 0.00418305713802205 0.00429089626687828 0.00442054131923448 0.00457216461217525 0.00475163721537693 0.00498441830335756 0.00529744438807184 0.00566584826515234 0.00600610016618647 0.00625129019308337 0.00639078952373974 0.00640150674440724 0.00621397089177715 0.00581615915263092 0.00533234920007241 0.0049297836902562 0.00468275809148603 0.0045630168405687 0.00451700078451335 0.00451353500658827 0.00454098526773032 0.00459465823086291 0.00467508312548742 0.00478963639397834 0.00494944492126693 0.00516676630593898 0.00546114420524473 0.00588222431501966 0.00659956668226712 0.00823283854847478 0.012654670620645 0.0238293177416568 0.046400015672825 0.0796543566733854 0.111292691338363 0.122469966709688 0.104720784329864 0.0691641080416326 0.0351817633365272 0.013762015194499 0.00413617285269694
4.59094093883592 4.02788372197613 2.71440631612923 1.40819265454558 0.566508367508729 0.181702823420164 0.0520128749671839 0.0187483645464179 0.0117226230040315 0.0100762566093893 0.00935575407684958 0.00883617879340775 0.00841657032467786 0.00807920846637408 0.00780664315503709 0.00757396113245896 0.00736461699414787 0.00717949588923953 0.00702583847032792 0.00690244967536209 0.00679578601126406 0.00668777754305609 0.00657036721053279 0.00644932978980968 0.0063283297736555 0.00619615597175567 0.00603555231353377 0.00583902254501438 0.00561614521214019 0.00539265357973056 0.00519807098558531 0.00504503003476741 0.0049235371260707 0.00482002295815379 0.00473316977117501 0.00466479208723474 0.0046083283161812 0.00455466889276672 0.00449972505941177 0.00444376028050671 0.0043884232825135 0.00433359033136189 0.00427782248292406 0.00422143051394338 0.00416517984783329 0.00410924554360906 0.00405270190096406 0.00398820472090651 0.00390390778026495 0.00378894551936494 0.00362384120099472 0.00338004523596108 0.00305036812752875 0.00267227801914471 0.00231407587414343 0.00203951275859662 0.00187244004181946 0.00178821110248237 0.00174654402872125 0.00172452894593692 0.00171208608366143 0.00170060070902617 0.00168867872329139 0.00168041516288219 0.00167431082207968 0.00166625971882543 0.00165888494197922 0.0016557755648008 0.00165259899727745 0.00164671195448134 0.00164419890596865 0.00164529334599169 0.00164303955491504 0.00164055993358654 0.00164363949104042 0.00164626602537053 0.00164566638688627 0.00164891066383962 0.0016554212540315 0.00165919003341638 0.00166316944203408 0.00167151294208105 0.00168046976460491 0.00168770605941041 0.00169745121922803 0.00171095286819428 0.00172400654917297 0.00173747122350678 0.00175632075322048 0.00177959770409596 0.00180761736053085 0.00185089275349322 0.00192034896627255 0.00202231960234728 0.00216205947558984 0.00233404389071747 0.00251767662531861 0.00269477537230089 0.00285787269546396 0.0030028443081166 0.00313082806537985 0.00324958206430714 0.00336371122679993 0.00347313564653323 0.00357809322460372 0.00367798684441979 0.00377179490708174 0.0038599483343824 0.00394201853568227 0.00401719635192519 0.00408881051039749 0.00416772711072456 0.00426955293033501 0.00439984580967733 0.00454734219498142 0.00471254517744305 0.00493495435701135 0.00525328789243331 0.00563143656962366 0.00596784097803943 0.0061965507726762 0.00632365889078001 0.00633731261924011 0.00616477768513411 0.00578245037233313 0.00530385031995847 0.00489469148556072 0.00463911898718565 0.00451936562251511 0.00448158437041304 0.00448613200141164 0.00451513325776589 0.00456530345410736 0.00464275585414651 0.00475756804455069 0.00491906437729971 0.00513726956738414 0.00543123060608423 0.00585059851470138 0.00656462066456001 0.00819143142228937 0.0125972400176359 0.0237312894173057 0.0462190889674407 0.0793508669068613 0.110872918806809 0.122010230229362 0.104328582930543 0.0689053316346341 0.0350501551106624 0.0137105141533088
4.58849470516481 4.02574768118467 2.7129800712183 1.40746855477461 0.566234885495766 0.181634408296918 0.052012610144387 0.0187628911026971 0.0117356594865494 0.0100873092789869 0.00937237319905711 0.00886173473301809 0.00844158705063723 0.00809152316927141 0.00780866042772472 0.00758141721988932 0.00738673043435568 0.00720775387621948 0.00704406346369595 0.00690101707859612 0.00677866451828726 0.00667296098668867 0.0065763765432656 0.00647531441442307 0.00635517636987784 0.00620699995125054 0.00602735231364153 0.00582102510256361 0.00560506226982185 0.00539926130889739 0.00521325264287711 0.00505092572928891 0.00491857132863007 0.00481730149548995 0.00473722777080959 0.0046677804794859 0.0046058181572955 0.0045504303003251 0.00449829651142825 0.00444714397535782 0.00439733669404099 0.00434798697081033 0.00429660997416714 0.00424274572588894 0.00418708839434574 0.00413029190631073 0.00407461253991366 0.00401777234479296 0.0039483849037544 0.00385477471604173 0.00372389680412173 0.00352995724876112 0.00324898837445927 0.00289076623459072 0.00250763468619336 0.00217302198179835 0.00194100721612846 0.00181269925961884 0.0017496108169431 0.00171783860468118 0.00170174619137045 0.00169033687346248 0.00167790986176027 0.00166776164118491 0.00166138913263086 0.00165434221394299 0.00164591499041369 0.0016409381250748 0.00163875682878542 0.00163377014074627 0.00162877623478498 0.00162910530504061 0.00162910870560519 0.00162546863369435 0.00162582542147631 0.00162999803917548 0.00163043173104726 0.00163081136832436 0.00163659753808821 0.00164220697922016 0.00164514772365974 0.00165116171437131 0.00166060851833666 0.00166870093418403 0.0016764690743117 0.00168826962225846 0.0017023221298168 0.00171515694109058 0.00173062772900136 0.001752205581129 0.00177752261938894 0.00181135849282309 0.00186729413452402 0.00195442645523375 0.0020772832578872 0.00223642700979212 0.00241784780222345 0.00259910965119553 0.00276751437263436 0.00291907375985834 0.00305240161930361 0.00317310093299302 0.00328897540159966 0.0034008163980176 0.00350692853316736 0.00360736382936565 0.00370103481040472 0.00378737252948138 0.00386783573762617 0.00394282558382153 0.00401304037179616 0.00408387715790707 0.00416370637401109 0.00425893184417385 0.00437285100545052 0.00450820723807385 0.00467547060175155 0.00490188346976588 0.00521143781468671 0.00557427105107217 0.00590422940937586 0.00613904093146059 0.00627818067091502 0.00630190455280363 0.00613054619164113 0.00573971885739543 0.00525234004678281 0.00484368758118751 0.00459696978294725 0.00448713716937565 0.00445476787870693 0.00445841510540746 0.00448293146496044 0.004530737656355 0.00461044814714968 0.00472885692184154 0.00489122149370206 0.00510755586842585 0.00539954596306213 0.00581794059131747 0.00653042618096459 0.00815179665971992 0.0125411726252211 0.0236333369494521 0.0460369154344971 0.0790453136552179 0.110450944203825 0.121548691880701 0.103935201925236 0.0686459316162359 0.0349182820312212
4.58607250581762 4.02363149211671 2.71156496051456 1.4067481079065 0.565962688257911 0.181568362246797 0.0520156731951105 0.0187813725102208 0.0117530272111792 0.0100988193438842 0.00938131005727986 0.0088782184082798 0.00847000434563307 0.00812029526276023 0.00782049933347651 0.00757422555302057 0.00737965695651845 0.00722172379311568 0.00707812612545641 0.00693536607560961 0.00679642450742773 0.00666926064534503 0.00655520567997942 0.00645074379537853 0.00634797057278149 0.0062271471867971 0.00606213997217581 0.00584626536867293 0.00560636835471866 0.0053826569305002 0.00519893027501864 0.00505338554372961 0.00493089193382402 0.00482212163409983 0.00473075526833787 0.00466027538653139 0.00460311713556928 0.00455061704515162 0.00450140867987614 0.00445477688447474 0.0044077409987621 0.00435879219052455 0.00430798856849641 0.00425628155614276 0.00420424589458426 0.00415067563764284 0.00409619260707967 0.00404193288453932 0.00398168135562763 0.00390499998838574 0.00380158997093283 0.00365080945786039 0.0034228537586072 0.00310563977693946 0.00272645032528051 0.00234970143384057 0.00204904629809814 0.00186014449145297 0.00176191064161774 0.00171376742537258 0.00169084617258479 0.00167867400565512 0.00166684997614766 0.00165534953406091 0.00164798893777357 0.00164208637142608 0.00163394554134739 0.00162696763210651 0.00162444654794099 0.00162133209727224 0.00161526429610996 0.00161309971906164 0.00161466887138288 0.00161226052270103 0.00160953946373715 0.00161297964548161 0.00161589786920738 0.00161492826088066 0.00161793473591593 0.00162476445930048 0.00162856742820708 0.00163206287273117 0.00164018742460468 0.00164939045566194 0.0016565253680754 0.00166551074158854 0.00167877114009915 0.00169221858870741 0.00170505581649957 0.00172303922338952 0.00174705539855094 0.00177620778438426 0.0018210884920664 0.0018952854730518 0.00200375344541027 0.0021476301171392 0.00232070691673073 0.00250285745062241 0.00267507291238504 0.00283165182273284 0.00297183138516705 0.00309684018017334 0.00321329828570733 0.00332567220766622 0.00343264185714893 0.00353402399242841 0.00363074843775678 0.00372120902166016 0.00380365412830264 0.00387782703077729 0.00394524520464791 0.00400929963978289 0.004073077390136 0.00414310695103966 0.00423307405371289 0.00434999888397371 0.00448460007211636 0.004637189074359 0.00484519368363631 0.00514989968447895 0.005524330411747 0.00587041887084564 0.00611149633409998 0.00624124462071601 0.00624813512232377 0.00606727856080104 0.0056806012570597 0.00520546366906537 0.00480960916085207 0.00457198412349927 0.004463914336419 0.00442536670697957 0.00442159323243571 0.00444528029406744 0.00449873531669122 0.00458412697599259 0.00470356508319569 0.00486327158446995 0.00507699761792103 0.00536807671926828 0.00578596040884819 0.00649648651221048 0.00811204874330568 0.0124849599045612 0.0235352716072493 0.045854574123243 0.0787394132219245 0.110028333735383 0.121086298469905 0.103541006479491 0.0683859755427047
4.58367202426164 4.02153486625026 2.71016869941314 1.40604580051753 0.565702176327319 0.181502203662153 0.0520087912238375 0.0187889591422221 0.0117689847714994 0.0101202072070602 0.00939856237738456 0.00888791682096324 0.00848256639347274 0.00814492804500782 0.00785085780389593 0.00759506325424138 0.00738082914335303 0.00720705010217235 0.00706667453544771 0.00694609271700363 0.00682685910447682 0.00669944549944363 0.00657170832504358 0.00645378432335092 0.00633897362289494 0.00620626885632659 0.00603964826735877 0.00584172612675193 0.00562822440535138 0.0054147637430757 0.00521513212991745 0.00504511202942573 0.0049150022607006 0.00481820572909038 0.00473692362182706 0.00466118096777609 0.0045951616733517 0.0045441124648638 0.00450289485305782 0.00446140730230467 0.00441578218055385 0.0043679774756543 0.00431872155575325 0.00426813357065686 0.00421817819628021 0.00416870308512365 0.00411780466684754 0.00406585165055808 0.00401103887286169 0.00394667411345086 0.00386431042006323 0.00374722367685369 0.00356651092655972 0.00329909301226936 0.00294945374774902 0.00255960603439841 0.00220322112845442 0.00194562016687873 0.00179664012417297 0.00172102000489331 0.00168490869111425 0.00166842459896281 0.00165657600313102 0.00164407505405992 0.00163482221847485 0.0016290463919111 0.00162191876545595 0.00161364519385704 0.00160935632085325 0.00160755310243775 0.00160236624664311 0.00159749675583531 0.00159838388210037 0.00159850899956222 0.00159457890711631 0.00159500908661987 0.00159958899698115 0.00159999983993227 0.00159995694254342 0.00160576151471722 0.00161167943514215 0.00161435465454431 0.00161982583687686 0.00162926915512635 0.00163757277681296 0.00164486291375115 0.00165592642634349 0.00167021464139802 0.00168336484512979 0.0016980992129207 0.00171993066592222 0.00174735805790787 0.00178331050928975 0.00184249125609091 0.0019356385210935 0.0020642549799774 0.0022262481709648 0.00240799857197866 0.00258588301356345 0.00274680124287028 0.00289148582015969 0.00302173312324152 0.00314019106349578 0.00325221527969877 0.00335949298256064 0.0034613671753957 0.00355918500602417 0.00365243437755599 0.00373848372827998 0.00381655821737968 0.00388564960506623 0.00394461269733224 0.00399875271864445 0.00405909301553866 0.00413256135394743 0.00421846391370926 0.00431564906832646 0.00443072616758168 0.0045840332817536 0.00480919106335134 0.00512510355581772 0.00549093636356607 0.00581702138188002 0.00604497315914318 0.00617596206996 0.00619150302544598 0.00601919033331397 0.00564113729199598 0.00517493472465216 0.00478238047041857 0.00453887872534384 0.00442266902394621 0.00438280653472371 0.00438486510167024 0.00441565215884271 0.00447287380277155 0.00455754420018804 0.00467397776872342 0.00483218871165337 0.00504689570377235 0.00533876736021703 0.00575524036308507 0.00646246820369254 0.00807182958385343 0.0124286597587736 0.0234377249419935 0.045673094392386 0.078434189581919 0.109605894173252 0.120623664592955 0.103146434346974
4.58130414764593 4.0194631244549 2.7087786637131 1.40533379543411 0.56542973297591 0.181433342536962 0.05201096048669 0.0188111545330475 0.0117948378629882 0.0101433184396089 0.009414655946705 0.00889445164291816 0.00848454096603472 0.0081548776100867 0.00787517450125272 0.00762592092199856 0.00740680338703075 0.00722227681500215 0.00706682889316125 0.00692935458168709 0.00680465353741847 0.00669383005409467 0.00659333231850272 0.00648926571373454 0.0063666820232345 0.00621813421831122 0.00604025538045955 0.00583364118258001 0.00561119368571707 0.00539771110060475 0.0052145835253109 0.00506488977899131 0.00493693810086696 0.00482308964968724 0.00472844501277703 0.00465691202336875 0.00459906726996311 0.00454450900263781 0.00449507587239797 0.00445441573635947 0.00441732370675786 0.00437701670700563 0.00433195515072743 0.00428417972703917 0.00423628122880223 0.00418777800200371 0.00413690317700628 0.00408604773601533 0.00403624295960575 0.0039803806336885 0.00390970633587924 0.00381482048787466 0.00367509036433281 0.00346265452544076 0.00316186364942545 0.00278702264531291 0.00239532809205717 0.00206884695210261 0.0018553650319976 0.00173989265918088 0.00168371376747644 0.00165928537452098 0.00164684684640162 0.001634475793042 0.0016233946002092 0.001616893681074 0.00161105476239809 0.00160264987671711 0.0015961336733336 0.00159427220802294 0.00159103374082045 0.00158476047791615 0.0015830726773492 0.00158502535475632 0.0015823943452975 0.00157949010665104 0.00158324382733651 0.0015864707103771 0.00158520602320755 0.00158788935657023 0.00159508360792208 0.00159911223770694 0.00160206707995571 0.00160989172735379 0.00161948300452104 0.00162665587273951 0.00163492168761242 0.0016479181286213 0.00166195496871632 0.0016745319028014 0.00169156680513859 0.00171628055575192 0.0017470785869145 0.00179354309295326 0.00187183905230287 0.00198657417147386 0.00213443768715671 0.00230835902606906 0.00248973952034392 0.00265860812923184 0.00280969063010302 0.00294531339376461 0.00306691778197664 0.00317967131368123 0.00328905226080237 0.00339388329652334 0.00349232858782247 0.00358591909188066 0.00367389369214075 0.00375276293905282 0.00382065516060674 0.00387958957543681 0.00393600095169682 0.00399427613795257 0.00405162278418165 0.00410992158519358 0.00418438923995633 0.00428644011017529 0.00441052230899735 0.00455790189456853 0.0047636632805732 0.00506454190445694 0.00542922962537798 0.0057615321320064 0.00599505812482798 0.00613188647624629 0.00615581758329705 0.00598903351441833 0.00560685929663145 0.00513023071484161 0.00473180144500912 0.00449212439510741 0.00438451202322602 0.00435166929856294 0.00435794589710257 0.0043907505054906 0.00444694409939305 0.00452822428683071 0.00464228935102971 0.00480089555002159 0.00501705651233659 0.00530947427300254 0.00572515442943628 0.00642993689715837 0.00803306048054734 0.0123729984920296 0.0233396813194644 0.045489939826388 0.0781265407306442 0.109181008209693 0.120159084484338
